x0,x1,x2,x3,x4,x5,target
0.9460592316233234,-0.9664192714549195,-0.040533309988594925,-1.111506986370672,0.8047609494349548,0.7806526795881092,89.12127931406158
-1.197534059361101,-1.1346673313985334,0.48462348549224477,1.163888042410869,2.4376870229297096,1.7710716472773105,330.1817620840194
2.27945567086053,2.6709885825433806,0.21015346162191365,1.5181134243940682,-0.9205461802597259,1.2657295822841044,412.25928158749343
-0.0368318276099013,-0.9227590959223154,1.2305367177178923,1.5294929121106502,0.23956688455689315,0.8478274691741214,220.9594015638383
0.09147392240817348,1.718650960788652,0.7877651866431761,1.2074198888726562,0.2414421989355726,0.07103302803822023,200.15440052030215
0.4975329731095156,0.8922039945214302,0.7037184818646091,0.016194976892004193,-0.2647492446242213,0.29616420995684994,71.62845515315368
1.755267305674079,1.102833132716615,0.18485022576636528,0.7905916212904583,1.4027211537135547,-0.12686682543458372,338.4079341693612
-0.46472217875316685,-1.1137557049888362,0.12713474462289395,0.5929712862973835,0.39384676571336324,-1.0826054297442091,-61.60838926878045
-0.41377291392380633,-0.3252291661886716,0.7549577184542059,0.6974155149376033,0.7725688162593265,-0.17114574223493476,73.43661189292098
-0.32639527723785317,-1.2512629676366829,0.613984230027443,-0.2223087157049708,-1.9238066839312473,-0.060788295698473466,-216.16745082352352
0.18433748367008534,0.26531904133468104,-1.4117903685030295,1.1863681167633036,0.6408151883421265,-0.6644671940154595,90.13329091142859
-0.8029259622574424,-0.6047602051819869,-1.117652659919211,-0.844608648754774,0.07198676077121174,0.5999894410164818,-116.4450504868067
0.2501159854581264,0.25553478220146253,0.8609225783809238,-1.3112948287752384,0.9901336360412549,-0.6396634838981985,-28.74826040431672
1.0676828106444594,-0.1994946800631802,2.065549905726804,0.5096412077161121,0.9982555785444264,-1.0494199448076276,163.1198904513527
-0.2708756973678956,0.47599305078695114,-1.2119070791223225,1.4812064256547703,0.43739628439543615,0.38504734254039014,147.38257576907117
1.6451616115582772,-1.6227364732954468,-0.05879034451071155,-0.05252275704309007,1.2314779004738114,0.4358029745126179,221.69267595109332
1.0592008431952888,-1.4903658214892168,-0.5312953234190079,-1.4087551089323465,0.18353577118310574,-0.5809179079647508,-105.72916091090414
-1.444022833376941,-1.426498305111843,0.6501221426784112,0.6527126596116845,-0.6635464766358433,0.4909647770933792,-107.72302641699991
-0.3411711250391171,0.028448094856440998,0.598821955905294,-0.992588744279292,0.04455405466749635,-0.5535148820512298,-145.2157897911641
-1.209857808530495,1.5265605559544753,0.9484910489199997,-0.5461751978586435,1.2905284067533422,1.6554621227475523,152.49138446235506
0.17002743486436406,1.2693261930712003,-0.7724797121136896,-0.9026052404639298,0.2934725904473489,-0.4117143452502814,-69.95689137499744
0.0031512131214813228,1.4344146509206723,-1.2516059952435974,-2.4059822219168883,-0.0007862736105611809,0.5838481619624809,-156.9736742911996
-1.4303444010030226,-0.23296486232167407,-0.12057744895949758,-0.784574672171263,-0.5774218292912933,-0.18984684568415974,-262.6363818754517
0.3815404082135423,-0.0458839729812198,-0.374442932081769,0.8098052271723624,0.17161672811072057,0.9485283913441688,183.39547759955957
0.769612630019983,0.13140327867360668,-1.2350379990457692,-0.5781841040045074,0.4605973065858119,-0.7903952456136168,-31.99144113868602
-0.6544281687342753,0.9400235310413637,-5.9590391940822886e-05,-0.20684043635919372,-0.964753380935962,0.20550300001675925,-115.6652123887746
1.678840553215351,-0.13605808172757727,-0.7668605161839289,0.6101162512636262,0.015688367682531793,-0.510708397443144,125.40995546015004
-0.22715575670589,-0.5937072286064505,-0.8301880473575325,-0.012470469536981046,0.5525220777322404,0.6889402329319873,57.448767885835025
-1.453448088015352,0.05321017360417337,-1.0309436261675178,-0.9937604457426868,0.01122321694491431,-0.4229233466631336,-267.40747216233666
0.39752316832834883,-0.4086743575028959,-0.9770704704395079,-0.7376492479563924,0.5616653222016676,0.3217914895072408,-0.48954349056298874
-0.3550390455353311,0.5293684915540483,-0.278536039511975,0.23713063774629867,0.747810684345822,-1.4822813908782795,-62.21158932161998
1.1433547201115442,0.6267963458005774,1.8557052377306504,-0.3594543645256392,-0.6458684154329632,-0.8701900502753265,-1.2223701463960106
2.5428973484598987,0.5399510417668796,-1.897924305352429,-0.9109394477433523,0.8662164639971509,0.7600423982912982,236.26845367940993
0.573459435297809,1.6987173701558538,-1.0136587221184614,0.8221279844935824,-0.014786234781450934,0.041495654037328654,149.03527599922512
1.4694506007796897,0.687075310104473,1.8801844980838407,-0.6124787653061405,1.0716199402067264,0.3885192902890285,239.99793277991887
-0.15815177195724972,-2.4275068968839175,-1.2120398684430436,1.1106933846133633,-0.10008072093774464,-1.2108505137258363,-109.08448992340065
0.18110339029734482,0.8295477485109634,-1.96727066796564,-1.4461371183428706,0.7303506858372811,0.28420770535462214,-40.21062069105921
1.028093548858878,-0.8756024318266525,-0.8314797050173609,-1.1445919873592985,0.13163233205794275,-0.29065689141781464,-47.017163425921055
-0.3717344342037593,0.1321983637880977,0.6881209519799854,0.3694025259813289,-1.2227511338701607,0.12489631872691379,-70.1397433577529
-0.3713824564305679,-0.06023761376237216,0.14345291225125167,-1.2038808668975431,-1.1625401533210824,-0.14087731172954263,-240.63328922252626
0.11036682145871515,-0.04902322407974647,-0.7123416068290601,-0.17008532776551646,0.9708376276821645,-2.7638621575307223,-174.7321927672462
0.7132522665142481,0.5565941489202032,1.3526430709744015,2.0615034934940293,2.070683128402479,-1.1511810320425446,370.2188418081445
-1.3506473114530102,2.8569960650918755,-0.01348765883650206,-0.7518771446704668,-0.3180359968981769,0.8838410513563566,-49.04731479019309
0.0004334780522857365,-0.10527256559754593,0.8116767051700146,0.3587628779538491,0.7681164813110479,0.1518313119553913,107.79169201404358
-1.3246099838283356,-0.3277040866980719,0.2163224797951816,-1.3894461114391712,-0.7860523539058513,2.132567724365205,-118.77194666517234
-0.41280849078582865,0.9564801011679112,0.4164092755524562,0.27763002598031516,1.009725190632958,0.540013684207218,146.28006821228414
0.9605243332081883,-0.04739740271558836,1.9100521953615992,0.6782101344903849,1.5335916145474664,-1.0100564351599302,226.51424928274722
0.981246157367495,0.0709319418955242,0.4967408707829182,-1.8276910701159474,0.6550261109991986,1.406653301207166,91.59649995415906
-1.0697130501268757,0.2340715740693441,0.25115563321971973,0.6107796809414089,2.124263167771227,-1.4689586578775318,42.0743623775804
-0.35085969698845143,0.5399360353613412,0.27142851071364765,0.928310209056667,-0.2260326278693426,-1.4381635694682469,-44.16476171601697
0.5986342562046576,1.6265520847254071,-0.2012377720183866,0.14100884414964548,1.782143556794118,-0.35110429943943144,218.71325739618382
-0.02159730089907355,1.5187095035220026,0.9298805338639342,0.1611039297567341,0.0352109745852851,0.6342444808357232,126.07981709027696
-0.07661079304596187,-0.31512142148684485,0.3801237187245392,0.6717670909779034,0.4837673572043339,-0.041774753517183225,92.8485352188297
-0.21600400122679742,-0.8444521420158927,0.7598501220217303,0.27352625405352043,0.37865694663176563,-0.15912833225671352,10.473047944212329
0.3282430956763976,-0.5762822755789476,-0.5190371786795761,0.5481573232442393,-0.7902920460827334,-1.3139249721275486,-135.38320648991606
1.2394443510559925,1.405338778400009,-0.48698218883013844,-0.6615998134944114,0.7235479496803849,0.24443313327863397,163.18431634212237
-0.609387494008455,-2.889359539754725,-0.288573625505824,1.0275041801628917,-0.8036949557708072,0.9952951656512226,-13.998686024638207
0.3657750955324092,-1.3885015998780195,-1.4964197475784269,1.408628048387326,-0.34111266316508443,-1.8007925190025558,-101.87790604704988
0.6918498111758378,0.4324149855043369,1.2482462797387863,-0.46913600680915274,-0.08934331435723306,1.1473663750795273,137.70116409398017
-0.5647681184160518,0.6529189424641615,-0.06267036162669468,-0.0828575857981184,0.2203392643576976,0.18853971802709088,2.481458022815806
-0.36384790124539823,1.5700936810282533,-1.4884712158619444,-2.397126081458663,0.5152612256466049,-1.1557041841088944,-278.0628748545427
0.5982299004154206,0.8629414060949276,-0.1955007590804388,0.2272893888992925,-1.2041276201750324,-0.873681816253643,-87.44774586015674
-0.04443417822374046,0.5529684109335459,0.03871010874210292,-2.3824533883397385,0.3213840847749307,-0.42692303799696363,-184.64987777165368
-0.3612173203026677,-1.1760707527460004,-0.5307204723848014,0.607164264805493,-0.05021349483370885,-0.5202644356274098,-54.71314457734823
1.2830524935307877,1.27695020770086,-0.5241167540337371,-0.6951885210445111,-0.9822116137839052,-0.31328397517374235,-38.162921904577395
-1.643724864982957,-2.0746589522334538,-0.18043868776293887,0.9132028176274442,0.43076200771202283,-2.1459233905932233,-241.30234415628067
1.434942066750238,2.016942376679681,0.04098922286043738,-0.6614526077315506,-1.2418213042080768,-0.5185535957503503,-30.55689173497753
-0.14835195238104476,-0.1482295704301771,-0.6079825896565367,0.13240614993576302,-0.23497440295445293,-0.27992400377581206,-69.7742763758503
1.211921470806976,-0.06872983110265947,-0.3497617786498541,-0.332441539536714,-1.270162179401509,-1.4582310962400786,-156.73011958455177
0.8314034343191632,1.1627646688356157,-0.033681711831270215,0.8914165010882632,1.3012562093459152,1.8413327917548021,418.9731244936926
-0.3443668611321827,-0.30693087807829816,-0.31368935012580945,0.05183917694474691,-0.5839357323935058,0.09806427528739903,-77.84685004667861
0.8172359880464231,1.108589200260545,0.8803705172687883,0.38694183370843,0.2605433279951775,-0.9179177967862053,80.86381433466084
1.008892032564327,2.6660825697814907,0.3078213116774721,0.48829334899178845,-0.7413229754416572,-0.7264391830220692,72.10863743141422
-2.235994221774896,0.06406326476863804,-0.41219913517677176,-1.0000598361304065,0.5327462786554291,-0.14955103211378243,-248.98977694468488
-0.9821352212247924,1.285715515007642,-0.35434140852429596,-1.5621229076029333,-0.04418118100737664,-1.1232116052104149,-282.57182275537554
-0.5316304234844715,-0.40264409271666635,1.00101829484199,0.37082402743838144,2.768127679874584,-0.7774665926502755,150.2996863860888
-0.5624683765410571,2.4368941288489556,0.5960668812195493,0.6608730447757977,0.45424629428317576,-0.2745311643031782,101.12468383892529
-0.3528390562202684,-1.688771241441858,-0.0603874846697506,2.1337878579610883,0.1990985239456159,0.9415261523887409,208.11098536530054
-0.364078842354815,1.3373401695729252,0.20272262069496902,1.122079746965847,0.18050518069480534,-0.8492422770981829,33.47399276742938
-1.0079443119765867,0.020406600645037572,-0.45205239264334857,-2.34531679268782,-0.9347720172540854,-1.0606726853947221,-434.4593895084418
0.3583512643141441,0.029793696022998528,0.055943846354812164,-2.0335272817562875,-2.519553402647821,-0.9592928758028337,-418.5491874374328
-0.5213682111607507,-2.9941824018158982,0.8059080587401327,0.5105350817911144,-0.06924607752148901,-0.4549787071623879,-88.52521825126485
2.04433700801472,0.3267910692209521,0.8438402861783035,0.33695086164819216,-0.4167905715321432,-0.3888033612881476,156.31789719311305
1.7393830495011169,-0.2432769067232873,-0.5155904786220339,1.244146999838836,0.9633749444123391,1.314287601266347,412.756328096867
-0.022719458200097197,0.021649510756366428,0.9196427968462547,0.27238131668999327,-0.9424489220123603,0.40485163675936126,5.18810929529193
0.12025244255460775,0.03369548652448919,-2.1901592635274083,-1.0985719093093569,0.25100863771484316,-0.7848753548686993,-173.06299823785335
0.36023004030065237,1.1046708233961875,-0.6895441493037656,-0.3355793421626234,0.3900993132956659,-0.4136685012582183,15.982713092177743
-0.026324607777536407,1.5714769918420173,0.040607254599641276,0.6125878349182636,1.1608091952117316,0.5818787535850387,217.66870730434772
1.7441578947756007,-0.16503514974360833,1.2586343416237744,-0.22241562486691088,0.15965526052536533,0.4143751353267329,203.45773645871247
-0.8752040459337186,-0.8873730194384927,-0.1566867492146935,-0.08710154684345373,1.702689718588649,1.4579366512394072,158.23816908416458
0.671123513414254,-1.1681459894356567,1.6033686222616033,-0.15771959190378776,1.7688591441613832,1.786569624784518,328.2936655036134
-0.5449630274405839,0.39257988245302067,2.1707996313237525,0.11465034212070462,0.6964773397283894,-0.2518890747799222,50.65257482565961
-0.7023328048656339,-0.030992323884493193,0.5004700013139353,-1.1392023642786715,0.6789082196010299,1.2664437602405358,11.87353840758851
-0.024720552736808992,-0.09448358475193136,0.25867869418851885,-0.4242993257646934,-0.6706440861098479,0.17902871079349636,-76.73544315011208
1.9064815003361446,-2.56841755446045,-0.19932793542484734,1.7334762060102855,0.7492473167498988,-1.2756066114075792,188.01054410643877
-0.2948831332227014,1.9286886900715885,-0.6088476433065743,-1.5345056559092842,0.09884237895187586,0.7213177490266486,-51.34366095632309
0.8932800911260562,-2.0254287236857733,-0.5701625106812351,1.0512801214635905,0.5253859445637686,-0.6270839758846,91.37329031126097
-1.3872237212448975,0.4387431865762639,1.8940906251433083,-0.12995390700043816,0.7370157749702383,-0.5994489612987324,-59.517161604457804
0.16151806519988723,-0.7754754611292071,0.5406449255510727,0.29420581211437824,-0.7441722169583973,-0.05407305348400365,-23.32086609734546
0.5060678470931009,-0.7585116114525084,1.027760830687825,1.1204858021323545,2.351722396484586,-0.9094871834991424,269.5159110517146
0.8633961138131866,-1.00999348032206,-1.0081673646652052,0.7494497849981575,-1.232152399459869,-0.236445866537498,-31.55223361020562
0.6116137294356538,-0.5893778388750259,-0.39480671469890044,0.8973020263582724,-0.0017427205380120088,1.1753202547160086,212.74266058900233
-0.05038565534171086,-0.6785189843866777,-1.1701437650444744,1.9500649988516565,-0.5810129619491227,-1.2979888545522122,-47.12240226757703
-0.5827726598018634,-0.8880366110027746,1.3198479802125442,-0.5504703456076983,-1.1995054604386395,0.432911872910872,-155.21525355826677
-0.6550410392940508,0.6420126561541349,0.44386218638589026,0.6024234564501902,-0.7001112139335568,-0.8264299717164802,-103.67101753051428
-0.6004660077428049,-0.14830009059082283,0.12581592940613495,0.45084931880303714,-1.2850044040415842,1.450711743996928,-1.1214967186313396
1.8755527531506686,0.09870313946869397,1.5356900323634382,-1.338265234576311,-0.7157603190908531,-0.5642358242904395,-34.569889497371484
-1.1203558413425057,-2.5089977201543823,3.3612673525951204,-0.801716422194933,0.36576915733262405,0.5437773031213042,-70.37842583475842
-0.8703899603015132,1.0995862204356495,-1.9504900119409507,0.05762645407691841,0.3251297764317118,-0.5830454808277901,-93.02020372657796
-0.04838986022450012,-1.861647037750209,-1.3203961376188658,0.30860850857831196,-0.014298129738200563,0.6188858155720349,-11.414769679441019
-1.0020668705069802,-1.5087560360539645,-1.2106645939109348,0.9233418600459392,1.3728112279668272,0.3035759152495427,78.2915815837735
0.8829154582633862,0.2092318166627781,-0.43361653360813196,-0.22118064407642207,0.39680107484031607,0.8223434421482365,134.1552457873625
1.181280462907405,0.5919483227070281,-0.4355747347955571,0.488666357851265,-0.2800385554698142,0.05775232077690137,134.2172480946763
-0.8562928374968828,-0.5731564590103001,-0.7104547530644207,-0.5797601093075415,-0.7180575969231301,0.7067266213455976,-164.3085067994776
0.35637418795824927,-0.3788865809699975,0.2107010136392825,0.8447416755916325,-0.9608075518632079,-0.8314615082278022,-47.901429281770916
-0.06450228510842532,-0.7819432772914007,-0.8659509772010437,1.0427784845850152,1.3734640069182935,0.5354361532494273,188.06598800703355
0.28804295611339864,-1.1958254449489318,1.8912668424104946,-1.607440541355055,-0.5453897288274325,-2.131956550751687,-324.13416752610283
-1.3213487238653436,-0.0003017254780798128,-0.6507907791791235,-0.6442276384315295,0.4041141448804342,0.16442805026803115,-129.0120218268569
0.0948381994025919,0.1418616857499704,-0.250990355664428,0.08379332793661876,0.029316615172397184,0.2821063241924425,24.880813276150107
-0.022603736300395343,0.08611182753518645,0.8453566448260245,0.3044702135208153,0.23523827429830763,-1.1959356061478845,-39.00586514203719
0.13028782844867245,-0.299787552015721,0.2685606662917445,1.3472346070500276,0.06651720101680451,-0.9161690350309456,66.64802598513985
-0.1598723652687943,0.8527077827659223,0.21286280320660061,0.9686496790033771,0.023564776643401873,0.18752223432401208,96.30822749358295
0.8785938908431403,0.357701967439559,-1.2953339786466154,-0.2718049929268204,0.9078093356259013,-0.09720633791486372,91.55888816708058
-0.171816973395514,0.841695558184745,-0.047210729438159134,2.4268741298438985,-0.5301662930392572,-0.08301008832051925,153.7636321480691
0.1703546105195892,1.5286868226655055,0.2678097978700769,0.7505881775967884,-1.3609000051790585,-0.2437971955885377,-13.007807846693176
2.28750115375923,0.7191770444029145,-0.7397579248103862,1.0242719080155935,0.1269030467732004,1.4500958361253558,398.8866177159342
-0.41604618871775706,0.18041579514611514,-0.6867889079105225,1.8318260956072845,-0.34504641845040923,0.8296268937551798,144.1876678618552
-0.5582563058753613,-0.302665168863091,1.7293692643113001,-0.6268507130043242,0.14676448230118797,0.6457714184405342,-1.9686814897642941
-0.5647067649138332,1.0563653130432251,-0.04788227527690142,0.12880683577007201,-1.5343679990508508,-0.07176304303338263,-132.13024905249756
-0.4429748967334882,0.8103172044543534,0.5285124075597083,-0.6941033274766594,0.3033486232984238,-0.6177055695856987,-95.29312274174461
0.4583631453471591,-0.3808945139878158,0.6089547741422774,0.574506485671385,-0.815777333820327,0.32562302409077265,40.97516512532
-0.8751392147479433,0.02443006509474792,-1.2825423052967961,0.8763641982619521,-0.9141191596803298,0.040788889417372694,-93.86153973208488
-1.5895625161086269,-0.4395559109089254,0.7099393659871719,-0.45768080327893196,-0.11836052055251152,-0.08362455372262241,-177.91654940123414
0.9310305221706251,-0.14624102789618498,0.24842652549752292,2.289752077238697,-1.2206750965252013,0.5782926952384998,230.85298281738253
-1.0574188909399278,-0.6716887445961858,0.5833369543563758,0.025088461751878673,0.07110061243294918,1.571469343182767,48.64792138013527
0.3944486714127287,-0.26015112589566747,-0.4227130600426082,-0.6467942607656657,-0.425794224553963,0.6068279699578208,-24.662541932912667
1.3883450096249308,-0.13319862322823134,0.616959110450081,0.4325023966519609,0.05469656431140424,-0.6835860546853227,124.63894086085082
-0.09772870548877026,-0.12731221748549187,-0.4737400154686601,-1.2500969972771685,0.9090458807240658,0.9224954492090276,35.5473643842612
-1.2068627221077108,-1.3801285828319352,-0.7993730420913238,0.1821248070802575,0.27246026273778934,-1.3380911882039486,-219.95067403850604
-1.1572740649066975,-1.5814824230496125,-0.17895211104197564,0.3428939037376872,0.017301976214687292,-0.39042681279330754,-150.60128165238265
-0.5121240499793684,0.4305587128939028,1.0268356525643592,0.8290299517772607,0.9329867011450267,0.6485260108437615,201.0955962902246
0.562811716538128,0.4532608922622466,-1.0680189656583001,0.41271027068003324,1.1390230771841192,-1.5749284059076123,23.120218000517156
0.4528599897503418,-0.6477211008556939,-0.27515294430368054,0.8600969265252655,-1.828825786371993,-0.018840401614617672,-73.11041081456257
0.9566420740898155,0.36516603954383886,0.5184570706112644,-0.10185305731123513,1.8468793892287367,0.4941478029834389,281.30404350301103
-0.7253000104454524,-1.3009755913877263,0.2998662445771382,0.0010812591473669036,0.09624382572679437,-0.10505381369937652,-78.09824768973031
-0.13676906547701842,-1.0325048592766373,-0.672429475108406,0.15470567214013886,0.9250484516588319,0.4090274128345436,79.09883476660592
0.2228308441634438,-0.08384836154139662,-1.7209093191119893,-0.46531259341899744,1.3077717729272547,1.148329645691338,139.59709595201483
1.8042068973234953,-1.8882186907221183,-0.7896047536687967,-0.06400744787177703,1.1782359481783304,-0.8520716930189279,102.68050501125765
-1.0436102432916363,-1.4162715806613593,-0.8717401058217744,-0.37516393974649337,-0.7432274638630263,-1.7257838483366792,-368.58874290208655
1.1230049456239497,-1.0940023041724787,1.074868016175269,-1.4071441562574687,-0.14740028635908148,0.10881466179427673,-24.499791308811044
0.05451584268732848,0.7688627063744421,-1.6803360899885307,0.9027215916740611,0.42334192312242586,0.31646490419022494,127.96003182860666
0.00043046420442232697,-0.524118734877622,0.5330195666403085,0.126570535665342,-0.09623530576401074,0.8237157633248408,76.54442138358851
0.15612544269410333,-2.6191229747681053,0.09024580244293261,1.4723000152359609,0.02260766221853921,-0.3217210908530014,57.55377555463289
-0.1953104800808877,0.26155920756324336,-0.9613997436180022,-2.986433826452295,-1.0521133872044701,-0.3545444799873216,-396.8895196429851
0.5218893738856818,0.4659455682764949,0.9822204578474972,0.6179364549887427,0.7002743008812456,-1.3150378640914218,78.98950341382744
0.06944469706154159,-1.0752394487067047,0.04926455026924539,0.4587813899242632,-0.6968497385518467,-2.1811573591026807,-196.46861035524276
1.1761541359317178,-0.2309231302413968,-0.836058900056776,-0.5026206207806654,-0.6877706433805606,0.3704238944896442,5.271279131166571
-0.031328901283617934,2.267240315319473,-0.26257057947688417,0.40002804424725946,-0.5435646746297542,-1.1356022443677039,-60.87370456127357
-1.6757557468566002,-0.3019800108034426,0.6452156034629593,0.9665978364496,0.44899077190770814,0.988180247323036,64.48683588403688
0.3517708399936052,-0.6693412735929194,-0.8535252886035446,0.20919941303772432,0.14251896184016877,-0.5310276447125576,-23.60964258141632
-0.8729176436496963,-0.011827046036376817,0.12251541467537183,0.6406735521631162,0.5005733004124773,1.4977778582499153,148.3760165489127
-0.45002896847510004,-0.2553390409200111,1.8333001299666,-0.993624561345793,-0.2069144898429312,0.25906301256974856,-91.92410305800774
0.8360041905748087,-0.08771653004867322,0.3554755680029809,0.9787660105600583,-1.0997019853137093,-1.1086728913817128,-28.434008218360404
1.8391128917419235,0.1160664908696819,-1.4837516172485128,0.021230236963747443,0.15337980553918965,-0.3182128781200129,113.08721197958099
-0.39393308201454785,1.220163198674482,1.174209232199925,-1.0490714842129605,0.02296924573414078,0.5927502350937109,-13.849859003277903
-0.20956548399087266,1.034963714429765,-0.44923905988055657,-0.6083491257566256,1.7313887516037505,0.6083791067201029,113.16292663023906
0.5764287669098337,0.8838726151271222,-1.431363616016203,-0.3523585114413593,-0.3829015735274348,0.2491278069165175,-6.0462716872160875
-2.4055123407345715,1.502946973739947,0.144217416878209,0.11467226712632733,0.47081328507545694,0.8450032204082509,-35.72719139969378
-0.4942079493812812,-1.7132533271116113,0.7605509757270552,0.970330698307812,0.07387356130381423,1.3847277439881431,123.35070894231954
0.4303841014946795,-0.6604750260122683,0.3357671285606391,-0.4569448649852357,-0.6022825714318605,0.38836139806720044,-45.40218027457727
0.22396432227246532,-3.1726063431320157,-0.4312242504329408,1.623814829110503,0.7970912340462647,-0.04253125347057942,126.71062206211238
0.7967182587225374,-0.7704471196563036,-0.39807404634181387,0.6711315677355659,0.035400406525866825,-0.03521450660047923,85.37063933976287
-1.5556704995412372,-0.7883571549968386,-0.8423103748217389,0.04974088245411086,-0.5804862432735843,1.5089851343773917,-92.20147099189779
0.6070839524621814,0.40519386862719814,-0.5206999428515651,-0.5996763001235802,-1.3511622096378022,0.05970297148470837,-116.2326658244398
1.3151042751095192,0.9265494879198853,1.1880183814082643,-1.7200308748529185,-0.06557903698434699,0.6174538292443981,44.11558108982889
-1.1007039712315163,0.49638121373211497,0.7738287836915327,0.41110549449730666,-0.2249298032935628,-0.9886902260867952,-128.5822454426607
-1.0992523030690156,0.5612548485674405,1.4644689591237052,-1.6001709788238518,1.5970853309231023,-0.2953867588467501,-69.4456088614341
-1.909701477550812,0.11443441824332824,0.7510724567455971,-0.5737541238940298,-0.5397975932014449,-0.7035309934520193,-289.96001665758604
-1.5238063984477352,0.14069590058874235,-0.3084179249650088,-1.2829004567629525,-1.2533065119500422,-1.2875867206450649,-433.8983816408269
0.6450447512896016,-0.4611339385330144,0.6410673178937808,-2.07771328768494,1.1444478309651307,0.820260403602928,38.80191376132181
1.2560460344043698,-0.9575528231150275,0.10232877021014683,0.15956467980748704,-0.1208801371168175,-2.554621146275246,-121.04357920228784
0.047345694507104984,-1.7775754051505235,1.19843978676591,0.5414429194055002,-0.8448436093873577,-2.3505660230309693,-235.38206391506142
-0.6541675343751165,1.1735638329588798,-2.355965909725799,0.7344409549608134,-1.1637404395534956,0.5726407851956679,-67.76072645186694
-0.38281155732441124,-0.8450277020680377,-0.279830613705748,0.9585512522789911,0.742912274894352,-1.019646712242844,-7.766669363142544
0.2139203249710805,0.4356887939049762,-0.08252102097825043,-1.449906733216285,1.2619385970133061,0.31992578546711903,25.32455868430005
0.2198594823386976,1.3944214195860138,-0.04837153339115126,-1.472470061164305,-1.2048686916406035,0.4549727592498233,-140.09888117266263
-0.7675748623145111,1.472961753109927,0.0008568078239746782,0.7727317040158108,2.4042254781592054,0.25842744569988957,245.89888592769515
0.666719788069763,-0.7373327534534541,1.0733507100113207,1.1688353553307156,-0.7440652202197241,1.1101182361969935,180.9270702983887
-0.6278933476947711,-1.6504151011428592,0.41284368628387563,-0.3998807373284502,0.8397474223749846,2.205131522747035,132.2543420895501
-1.4442281766741818,-0.7798373305137268,-0.9272550535850536,0.8288974202082191,0.7637560875480781,-0.33785016557385505,-41.029129230051375
-0.06925654809143351,0.5285332125039263,-0.8669628144098506,1.9500873692342866,1.9971042054281594,-0.8880001422879655,239.82447599309543
1.7440845123118496,1.0725462718109031,0.3057476160316729,-0.8860895137575648,1.016506572743408,-0.8491679945428908,117.77646929960717
-0.4498040814955771,-0.2567773095121549,-0.03514102463273439,0.9348053553180278,1.6653361434726213,0.498244200553684,214.79909047506223
-1.5289457040149341,2.827759823433269,-1.2974528762367037,0.36304934346139445,0.18132501180547314,-1.036857218225254,-109.06115574780499
0.307691780945911,1.018637939842732,0.3256189348400372,-0.1800048824086248,1.5483219543566675,2.1048861402831913,339.47596529532194
-0.9870137004302758,-0.4227976845986438,0.13795252097726998,-0.16655279276019205,0.3561155163944477,-1.0586651628450694,-151.72827782868305
0.35406996584939376,0.324397852720615,-0.6819800385350857,-0.054517562035891,-1.6613188726600392,0.5431253307117165,-81.06637786288222
-0.23609093054927976,-1.513967475643804,1.005024377415739,-0.8598154719295842,-0.0728898777711589,-2.524291636678002,-311.16149458088626
1.2719642399647904,-0.4989306644679723,0.5100578831277243,0.9602808174466204,-1.0673944191104294,-0.8800820900002082,32.26519185147023
0.2806057746440493,-1.598775842022066,-0.3039603070456914,0.7467884783833613,-0.548096785749211,-1.556171769542916,-132.2276831076798
-0.7225284654959409,0.5487698532546345,0.35743287815919284,-1.090186345100677,0.3899327170405678,-0.5168946774266654,-130.0651705962164
-0.4719465203175001,-1.0333040182194992,-0.5387690759177878,-0.12470275603968418,0.7822392499619614,-0.9745563523841415,-96.31815672106086
0.2527067216767679,-0.22719164708581457,-2.2945964804313674,-0.3085465324657209,2.3538384739399643,0.2111376330399979,154.07114361612238
0.07430768429511843,-0.015824615791498856,0.25086365380781483,0.6992493330049117,-0.1415736559171191,0.08291824889094895,55.471733056208954
0.2073942367277523,0.6044454287420571,0.13374375020888624,0.22059011134868892,-0.5165179110394608,1.3330939430938993,117.42055390791597
-0.1453983398637911,0.2797358203573805,-0.0371080729040201,-0.30849196062317674,-0.6372381238880207,1.0833730654575182,15.368980918071738
-0.6066919796892726,0.2303817566437187,0.8499362305876459,-1.955035038069367,0.18328404894235734,0.8392767326269177,-116.36732186017333
-1.1004845536999566,-0.3712920379956609,0.22598377748847828,-0.32436905737566807,-0.8660484766106573,0.05673109671828789,-206.40687838804783
-0.5691524456241472,-1.257108088155559,1.5818740432424572,1.465618354866415,1.009589671671872,-0.2863005123816214,142.12163607361882
0.41778117303611256,-1.2613799985414074,-0.11731909985519179,-1.7059208468725278,2.0920645841966428,0.07663795991573218,48.08071932202783
-0.9898493053940997,-1.2442107300549865,-0.5646820474470882,2.8735072088172773,0.2909202282804812,-0.6816791517173486,93.24394055871156
-0.028570447779617033,0.32135605092869884,-1.5029934452699611,0.8219396887181502,0.06528452612711715,0.8584279864841318,110.00015171099818
-0.22651722591182702,0.16454289316537646,-0.6294520902706068,0.22500660526332067,0.2800575422843167,0.24255987282753932,46.068966552789995
-0.43840993256827254,-0.15794961702708374,0.14456625718462712,1.7525224881454506,0.13621289278730891,0.13511779861182358,135.19515846837993
-1.893075795419387,-1.6262593205367017,-0.8103191482615106,-0.2734504810108491,1.6360785052631603,-0.2461029625985527,-119.021924481602
1.8327825596809122,0.7003601557289948,-0.3529837495857582,2.0967432890262114,-0.4177098911673405,-0.12253495877593366,279.9554483354012
-1.076982956050875,-1.6689413969914966,0.41142228799652386,-2.367083573095155,1.6271715972091867,-0.7696159591773416,-252.52748355167995
0.2985104208931403,-0.312222220580024,-0.8900924988208263,1.5053051657353402,-1.9253481178936218,1.419127271441503,79.94485588652984
1.4818735410446748,0.800484997889915,-0.7922677241688495,-1.657676355565177,-1.9968896779021208,0.8712299511011573,-112.52074295745116
0.036492136473963856,-0.9496212982749662,0.6453223277504404,-0.31058027625344276,-0.07832674339095969,-0.7465469016631644,-85.70208965826112
-0.1371209549046268,-0.4970816674963144,-0.09751578854354741,0.5345859424290028,-1.1236495444260708,2.870646806497406,149.40199616088321
-0.48997337652318246,1.468016588278134,0.5127413793608465,0.006325931508307733,-0.8919461432297788,1.5731710764642395,57.068221703334636
-1.12232182563949,-2.1946682159357196,-0.3728994795335867,-1.2350490551023339,-0.5124728111509183,1.772302625746371,-160.97186651997782
-0.5596020004959361,2.1596688434152247,0.6564117674299895,0.6146861479668689,-1.3034784037112965,-0.6895451631340557,-84.07565568365114
-0.3415012985976144,-0.8521816401819057,0.9519554306382704,0.014175016386254385,-0.37717985576674334,0.5929259396108411,-3.9068842047117123
-1.1089972239888801,0.7854077521991428,-0.3001334830372061,-0.7824978035856957,-0.44736413148568904,-0.32391201968318944,-203.13475513758752
-1.7117543392956605,-0.9066693105207647,0.7473161825340683,-0.2474542134324626,0.2887775491916868,0.21597371576362032,-125.7014766134811
1.24229526690706,0.1335897303436128,0.38072851467584207,0.05814271690334347,-2.178048207944226,-1.0285913064400236,-141.7804840423211
0.3236823474146771,-2.193990788648761,-0.2634156359898083,0.9227878309571483,0.6601153335755485,1.7831019658869858,238.57293412264056
-0.6826892580634651,-0.6135266361826505,0.8248293427339238,-0.7940883945806765,0.3351295535865455,0.22240112641359472,-80.65795657756787
1.4442377142174578,-0.19534315160632112,0.7373849103117764,0.3760921430596298,-0.21775009255432842,0.04568464063034703,147.2966135401374
-1.0464310765067448,0.9250603252927755,0.8242013235452434,0.468484913486845,-0.5514573930537219,0.4059183123811122,-9.738968003866484
-0.0485388851147895,-0.45587805563029116,-0.4073384747739996,0.9418459562239446,0.4643801221587281,-2.239082257212354,-85.61376437322112
0.6370412018544134,1.174506998409928,2.30088379492591,-0.08375373083011146,1.6529397920269366,-0.3327121850014942,222.16027104528433
-1.0392699557456295,0.059562305397401066,-1.7359744829158361,1.3204305463646189,0.7850318595637985,0.6541050107287987,126.29536689218807
-0.45235887021913895,-2.6473391915543982,-0.7090978292691281,0.9200284660427199,0.40518187997134864,-0.022820122040016915,-10.404044062722656
-1.259974465632908,-0.8253036537382383,-0.5267220443803647,-0.13178258705185003,0.6824153506325366,-1.781985815241219,-227.78407328090006
0.6995975452450568,0.14745305740291864,-1.3266861033853525,0.1939381787106191,1.1134159714044398,0.46612602392155067,173.29395383822543
1.0074787595660315,0.10344242318615025,0.11532999233735036,0.2836774958867694,1.5651302769601572,-1.2676617379926005,117.63009435158968
1.1884253603943844,0.6518695007837998,0.05064698105504317,1.495078040532547,0.7612606249105415,-0.5475417079210079,240.5710269518164
0.36066872182984533,0.3466468616340854,0.7382752363301028,-0.34434344719698345,-0.36533032473228694,-1.1970188883054467,-87.39660844507694
2.2070348707610785,-1.6009035846660096,0.06889897921727958,0.9070801357014192,-1.0293930435321763,-1.004252522385131,48.94251548992723
-1.3368015774909578,1.9445514466851153,0.9993462333171095,-1.4657015606524693,0.8044664251931555,-0.023236387326500862,-104.09407814034448
1.334865623431834,-0.7633120528301155,0.6304878143387509,0.1351713297653162,-0.243988053292826,0.2767376291793805,115.50340514092264
-0.26375489246704753,0.42127456596562207,0.5038856792475088,-0.8985580864438951,0.7927072744283944,-0.40392994315865893,-45.81338011220478
-0.566649650136026,1.0555641799487145,0.39826445010357786,-0.007103078302713088,-1.4161329504658495,0.31020181019172194,-93.0955237839492
0.06200156441229985,0.9941679053767045,-2.1460275834042735,0.4010889675067004,0.7076754282604809,-0.8000506710529117,12.640970078414982
-0.7218445902104886,0.7850097628321694,0.6737545976584725,-0.934603584724145,2.0737553025550617,-0.5511375875934111,19.35251344690786
0.22839427300229895,0.7133755016905318,0.5808887356819521,1.438917981758243,-0.6650491666599506,-0.22209662985682646,102.81489549450042
0.5582252806594967,1.3055740053385885,0.38456648258852466,0.3542191655369441,-0.13980562356225126,-0.5402404103093477,65.9206429623341
-1.0758016923444125,0.898553122086548,-2.13804524225004,1.0080628077547116,0.4261752888040752,-1.4185319004696002,-106.15443424292843
-1.5542223500071712,-0.5631689710749399,-0.6134719502428017,0.0964130638288468,0.6902784158412288,-1.4532084019549136,-208.24303424423886
-0.06416492668806728,0.47913106650885284,0.3250696293434344,0.1576463311505067,-0.316995924904192,0.8971540996298997,67.8033179337532
-0.802658458765002,1.182110063672137,0.5848670677945819,-0.3436500350210243,0.17758417768606677,0.398324030503676,14.057447391102261
-0.7224953858059004,0.9507676619568495,1.351244945902535,0.5877074693053335,-0.4998863151674772,1.4400852106355957,120.2456122691315
-0.38052652114650454,0.8556925217169612,-1.4716533987860052,0.1525829651418901,-0.6265071343388798,1.9412137750401872,81.65847043252536
0.5557434267044571,0.4887933225735179,0.20483358328659576,-0.37322652209437984,0.9143330159824823,1.3211169371802747,217.9944607072424
0.6810040380395104,0.5025973597110897,-0.4057054235679269,0.6985710612010412,0.2615297309844338,-1.6536336810757035,7.603020334514148
-0.8499967882871964,-1.410088497297145,0.8234436524670246,0.02818763438085482,0.46928886598906344,0.22420324533119826,-24.60480714190254
0.8813307561084531,-0.7516603513849358,-0.8182804357216145,0.634962306052039,-0.7196004322343685,-2.159264773237686,-128.6322842322004
0.7659487614309485,0.960880164793049,-1.0185340578200037,-0.7622229202330707,1.5535441662796408,-0.7687468638675797,57.852818799165725
-1.9654864604789573,-0.9786430227261478,-1.815747419134021,0.5035900976277784,0.3940245318793954,0.549935574694095,-99.21484060862615
-1.3854702986167744,1.04783093133995,0.24408307196975043,-0.6590098545787925,1.7158568666167453,-0.07098367714889232,6.413753032277965
0.3040250094738282,-0.6549139555202039,-1.4043303293647384,0.18615392528435512,1.886588730357383,1.372671203598264,259.4335369528437
1.2491988899231905,-0.810476599301367,0.36364799534924197,-1.0060254633032844,1.9294771137851499,-1.3351840859943607,57.92921227747459
-0.5740659900821854,-0.05362987540921737,0.047130756582102626,-1.4239035507219742,0.5104580788534567,-0.5473403758761148,-173.19939217983458
-0.4886581489478422,1.36237873035679,0.26604128294454676,-0.9577204979621378,-0.2887932009781661,1.593354368613558,24.031214866992997
0.5862241148906495,0.028589363665034246,1.0613116751707725,-0.21844014861681788,1.1190979193681263,0.27203706326295335,161.71425580743497
0.341965724682762,0.7764143046798078,0.9630553475847189,0.051764381139200115,0.7562640784289412,0.4167775483871657,168.77102719126157
-0.783220027984242,0.9699680309455413,0.9124090137354022,1.362578529001907,0.6635015558585626,1.1305933971736044,235.44295623528228
1.1698749818082748,0.3212227119432766,0.8622465065440021,-1.1125118542497372,0.6414413781521185,1.1836512306404738,198.30254121682478
0.5805625174098314,0.060383892424671175,0.2356900735184849,-0.09089631318123366,-0.6260403457641086,-1.1234141190326021,-91.11493863707524
-0.09901242397903898,-0.6149623715603681,-0.1301240253266235,-1.0420449107763978,0.3445665149469883,-0.37679876812884966,-98.76992653666439
-2.338639689146545,1.2739563120504442,0.3995485042461,-1.1997502650997205,-1.3302832665943944,-1.326771503702239,-465.6116384955399
2.1006065627912323,1.1957250941065602,-0.022944504732629302,0.486262710549427,0.6560532651069488,-0.811634757932538,220.1217244246399
0.36480959078019287,-0.7715322874322746,-0.6656695399371139,-0.7375836481512297,0.029375715866311908,-0.6031547939997528,-115.72095382797752
1.2951919079775542,1.0116049527906144,-1.468187934451619,-0.14830384987984585,0.35572364801771494,-0.49643129368126,81.55032291023252
-0.44378521392388914,-0.08071609897813488,0.42440228155597665,0.3824285426190501,-1.2835812967516238,0.7830055455024243,-38.01515186652446
0.8407725906813587,-0.9928151598459348,0.22102923610595013,-0.014720198949347759,-0.15110771354289887,-0.44646546405991916,-9.203260951216809
-0.0204212564829633,-0.2627249975168678,0.19260630310006727,0.2767994362311703,-0.7762362093658037,1.2378883091192194,48.01455380747304
1.465700859852392,-1.151172307318861,-0.6211550469810087,-0.4969288247759609,0.09517610585519906,-0.9451163503035525,-30.20611519829337
1.460495160524878,-0.5162076962083328,-0.619157919245795,1.2154807303954662,-0.6912359870233424,-0.026914133770101583,140.61419542935795
1.1744393251039946,1.0296920042242412,2.3405206401210594,1.3398310107671996,1.4722322585562608,-0.5522576957673049,349.4542351414491
0.5027816176075096,-0.5813165852056058,1.274831376055975,0.04012028938320522,0.44114942325385037,0.5277957446476074,135.4040404312956
0.3696029173358022,1.285548212099291,-0.4235621246363374,-1.031062828580512,1.9658322817596934,0.22622565814970272,126.16968320225837
1.0362728865598076,0.9146318604651943,0.8857418880366215,1.475236852460237,1.205236053827343,-0.8429335912809489,280.9654293563449
0.6222097880027393,0.4942366797999017,-0.045873789667012894,-1.0896441801644943,1.04048574424999,0.10345762224016423,67.22316943712214
1.9185195907965888,0.24606241176341415,0.18844877463462975,0.2709932133953978,-3.052292530224298,1.1431617831781873,17.274350394587657
0.37863150167537307,0.9274532084197465,1.1974408585101883,0.2523943910498723,-0.3060723079488677,-0.15540679793490253,56.80513471641406
-0.2987420235936668,0.9158060197477593,0.044189119874684754,-1.3262858774673598,-1.1021073365274756,-1.2357611927662933,-298.4906427489593
-0.2967430805227094,1.205505938684133,1.3757454866118948,-0.13153401561788353,-0.6041954586559706,-1.9910058275342726,-177.82700819693846
1.0812680001816422,1.300031017714626,-0.6218051440324857,-1.3906407005994235,0.17260614121064163,0.41130228978241584,25.614611412095368
-0.760566833892162,2.028405015110215,-0.38541394971255033,-0.13861015812554228,0.21091753566210608,0.6780760194388258,46.64680626410453
-0.9820429404532229,-0.8205744862588105,1.0903966015995539,-0.12784634825049704,-2.0334286945234474,0.770682103042162,-179.25209253308554
-0.15899324351852862,-0.2527812484263539,-0.33822781830860826,1.0450837178751895,1.7577183219077606,-1.5144062309177768,72.81925369082506
-0.1501440457673309,0.8149326490607973,-1.1791748751685505,0.49100764712523554,-0.06608506082180539,-0.8868205899914354,-36.903960970025814
-1.9541067951571263,0.7029013492428359,-0.06369557862706227,0.31819186520157405,-2.6346420778527473,-0.6843167264870992,-404.7791852016729
1.6303077124303116,0.27461850569221546,-0.05383000055383735,0.8767609794256929,-0.09436823707242366,-0.24397479332986044,177.04650605161248
2.3906638212147944,0.6423152978014067,0.17043343966574384,-0.3788874129286751,-1.4635334085711094,-1.6534382552378641,-84.9440625382682
0.2441731134969298,0.13620083953372583,-0.2755817251656567,1.1914153517685278,-0.4157016804527801,-0.2619654915585766,65.95054846706319
-0.2504664584848473,-0.3286488508654424,-0.2655042344656412,0.3233319012796801,0.3451773708202949,0.6342462639354433,63.27534316258677
-0.7151038956412813,-1.674197792365654,0.7380727539427925,-1.6665115742455752,0.3069524247872627,-0.011742665690805464,-210.67686406018657
-0.25834641401160663,1.6746126632987273,-0.8097551017103793,-0.82844028017519,0.7890949998065171,0.3802538581742412,19.682331380457256
0.9256435186178205,-0.4796657486665682,-0.6016407949904242,1.2782768305382266,0.7610764488626516,-1.2599338692561128,114.97579646126232
-0.5033048900575599,1.7882202376790095,-0.3546337835783092,0.9184457311805401,0.7599487484036139,0.4365598105678531,164.25512206870323
1.056195866915171,-0.7229678515765567,-1.1412355734327972,1.178133566310821,0.050506894178649106,-0.6604729393509078,95.3683453455187
-0.38446336905651385,-0.27001080025988733,-1.1728657230308865,0.4825524656791304,0.25531460231746445,-0.9422220367464617,-81.59677644363762
-1.2303917038302592,0.250618000837268,-0.03472678070592807,-1.226970745335236,1.637487330564807,-2.1394172387591786,-245.2790908011927
-0.2549846613682439,0.16171422463443044,-2.93346073525419,0.7972735537468539,-0.9698890754557737,-0.5228568310003618,-130.7806261117752
-1.0350969738371623,-1.7608352596708807,1.5106749298056246,0.6698664766387256,0.8268987845857317,-0.15704353461941814,8.699392202081459
-0.9174675180083891,-0.5875902116679461,-0.552864861956118,-1.2923100659229685,1.6826537175547924,-1.3381365322806373,-173.74420265729103
-0.2780227031117286,1.2052711867410595,0.7890008365450791,1.0991124909890133,-0.3164190068938665,-0.43578681076420644,62.322253926004436
-0.3714030610038249,0.6707466440651229,0.5901353092206256,-0.7191065394434099,-0.923358155722094,-0.6913912822360457,-194.7386928968949
-1.28104841008426,-1.0620716835207695,-0.046671584004020286,1.0900633512417084,-0.32738367704246407,0.3726674176616274,-33.959502976455965
1.0992055795246716,1.3990396628461517,0.9968890011778054,-0.09005256918598135,-0.029763896544434766,0.1444726393541885,156.36058188583837
-0.0928241773899203,-0.507619159906941,-1.2949993103195923,0.3777883711184669,0.10774614406980981,-0.5122363618343034,-37.168033715166516
0.6583766521946729,-1.2512529049818164,0.7656028003372822,-0.49279576893548943,0.09283134810341347,0.9470295852170736,89.5942013847234
0.21287631236016,0.25529558789741097,0.6083416010990954,-0.2300477031407069,-0.7440280433017775,0.6393442517648905,7.343980786855142
0.8664441512009886,0.028152386685702423,-0.34028686412576736,0.7523978014555698,-0.03193121265644861,0.1267025772736528,133.2113924362188
-0.425733469223112,-2.0302036053425545,1.167566107226271,1.4314806604988686,1.3011368003347001,-0.06485438788646558,152.64729107133408
-2.0938176599939053,0.7021707525769997,-0.08846763936190144,0.829672664840941,2.4459540163619455,0.41249900539155243,147.55460128288337
-0.4874453456925549,1.4121034709197309,1.1854630225336045,-0.44740749595368273,-1.2039363231938234,0.2946990834172229,-106.54235973502935
-0.6751509164189546,-0.3465826605242723,-0.7897173460995426,0.9585221318961037,1.382702808934124,0.9546698335021241,187.04193648860257
-0.45682934900401584,-0.47574435331032167,0.5306592090056111,-1.1354952328787393,0.026852520749574157,1.2606074256438282,-16.633319105815893
-0.4106252933291659,0.5824862412961616,0.5949208861637622,1.2925112281868367,-0.8040681419552069,0.5575394526248979,79.87269921264868
0.5511917979815382,0.16589534013715596,-0.7483715698623689,1.8423636509441992,1.4277835960929213,0.937847562924989,385.0501217121945
0.9250529440378588,0.4558804638161725,0.08516380898282322,-0.19951340028747075,-0.5429051024810125,1.175759393379297,120.51850189963055
0.4333036033871027,-0.15097510150227939,-1.0483248923001594,-0.2440127851361596,-1.0904243485751657,-0.750524824129613,-148.904601102036
0.4203834321010078,-1.6013591104153584,-1.1920671823882145,-1.6692835213947237,0.6323367024080374,0.5632174947193401,-83.28917519123836
-0.47402784294573425,0.3489835332536812,-0.15580702954920989,-0.4380484346946249,-0.5248718198052398,-0.769551286773706,-184.3915700012882
-0.8487173088274185,-0.3525254491300577,1.736548488175028,0.0361869161525858,0.9107061191668406,0.7086190945034571,93.0454462458982
0.5933954707805913,-1.7069106737922308,0.6085596564081704,0.2981267498194525,-0.017093143891908354,1.4631699648293004,159.63004979603892
1.412022321663163,-0.588779171484598,-0.20075825790458784,-1.3227558979609133,0.7487703657895749,-0.7877471570393029,-5.9096726649735825
1.2869960518783508,0.01395953925052316,-0.2618877922052314,-0.18115335869653507,-0.3997384783241677,0.07183808814310183,64.47440432139717
0.29801463550468366,-0.11195238473992533,-1.2057243531080524,-1.8806913199805875,0.501515595228524,-0.46963000391088455,-153.57703872829654
0.8649332280919423,1.6013882657883751,-0.846004853200186,-0.7345446053666373,0.25430937172892243,1.0537015289005365,127.68306109127452
0.1875545811633283,-0.24926921277279845,-0.4747094191813498,-0.7879591759689336,-0.31558045122683814,0.7452037205389112,-19.508349471965552
-1.503917604163032,0.25071705027615654,0.5906009539036067,-1.553520822724052,1.1178164849445795,0.31907124653446506,-126.55733693621634
-0.8872593689076803,-0.3935336544947274,-0.6398573358587508,0.653891424012308,0.04302603920976911,-0.6893350523916882,-91.13250931965445
0.43120623500108496,0.18569867884075328,0.5280946915386737,-1.0414812228679724,1.9135447288670597,1.2551168368881753,208.55421033228103
0.31358707720654594,-0.12768099158661744,0.2717733298456827,-1.2638075687264057,-0.500510003310936,-0.9412284323674236,-198.2251832598672
0.6731131856139153,-0.6576315244926401,-0.9423199495834671,-0.6380395774239263,0.5842665938191937,0.7784930956275199,78.41910727334192
0.7697713117219245,1.2517409373468646,1.922951637998309,-0.164246553695766,-0.006520630599142555,-0.919234000134535,50.13676114565526
-0.12861819262147492,-1.123186979449023,-0.809702531079845,-0.02988941973375972,-1.8398696446900056,1.3777614659201163,-107.75289804164609
-1.4797347118277353,2.3729071491291123,1.3002697523182087,0.7670314452127969,-0.31155916177032833,0.5056116451630053,50.524130498427695
0.9936175043077284,-0.8525784978469604,-1.0501158117547462,0.37585990849684237,0.3641032522217478,-0.8431162142259916,24.610329745652397
-1.1157419068601295,-0.9607706005115155,0.3865227621802916,0.5257852537823897,-0.8895113473735371,-0.44618816346717527,-189.95973882844478
0.9922509223805541,-1.070601216382956,0.5959799075903327,-0.930587452829091,-0.22403674416125385,-0.6394868185516177,-71.12430101235944
0.46245414560086046,1.7306938510581655,-0.8336273822498269,-0.2695972842353673,-0.6179245065872562,0.09925681443315354,13.202199649379523
-0.34202888222028227,-0.6173098179133976,0.8917856905822539,-0.06576479332317185,-0.49024521147998196,-0.9624658921509283,-143.47272859125925
0.030826186412510708,-0.602047587014856,-0.1752594413876826,-0.17358096352842137,1.9867932170875622,0.8442452752173581,198.83348993760018
1.765561716745117,0.10892319327515934,-1.1017975760158731,0.4851968848652069,0.711434837137276,-1.1380612307405178,121.28903433650555
-0.9678171203211671,0.17713117367902792,1.5797404013591194,-0.8055781515343606,0.8331232405255323,0.999443280599982,47.02307745626592
-1.0958760700874677,-0.7593633244687054,-1.4944500387632316,0.3642546067189008,-0.8447936717388674,0.47848355939807125,-139.77514664759028
-0.4921655701333879,-0.11892701667627209,0.9410764308429151,0.8237651178832296,-0.6092527537139856,-0.7546815113586696,-63.71314509157228
1.5625882111951899,1.0443230216962835,1.0667501079724913,-2.1991502118909283,-0.7677764190539744,-0.9290695822403314,-147.09857272075723
0.08825854068205949,0.0906692410700438,0.916341184869487,-0.07089695050061756,0.8495915841676951,1.5594089077572935,218.15822125473915
-0.7501481119355758,0.26403047865595825,-0.2975768176665016,-0.5857955232074741,0.1848854085989742,-0.4603146794006235,-110.63891030814254
-1.7336314474513475,-0.801359014786673,-0.16303344297132494,0.8532620613454805,0.8931786399510823,0.5851681721477904,34.99916457537117
-1.0622376593017357,-1.2069420967930862,0.6677688505319306,0.2264786473135521,-0.15269564622526977,0.06936677771382728,-100.32890308275694
-0.6378588133210047,0.945615256745087,0.4015113231303864,-0.35605580386593727,-0.3986212730631122,0.7209214774917163,-35.94251494905623
0.3147319624408403,0.32292191134265646,0.13672222844346726,0.7470792061588495,-1.5438448087396832,-0.8179054063517097,-102.77666508983927
1.177209783598407,-1.112307753523531,-0.16649801990897775,-0.6951064460225598,-0.8852140213354002,-0.5302837716605183,-111.34673446360381
-0.10270964586339255,-2.00666435222106,-0.18117120591149102,-0.6168926376808349,0.27861857553953123,0.7498997843788596,-25.69115845547723
0.4996812160729913,-1.5968913122477189,-0.5018413661912018,-0.9080543632187422,1.210332916587863,-0.24961777519097858,-17.19893880993551
-0.35111195041461674,0.24789341696202874,-0.802592725318806,-1.8882238818301187,2.1984896754853924,1.136751204979355,71.8777023145497
0.8083009102324008,-0.03197118278617329,1.8271308345865718,1.1067311636838841,0.4164707989504499,-0.4303438080029845,204.15170593493264
-0.25388256945681886,-0.5224162806085415,0.31225804868388307,-2.265306303672082,1.0266783337085952,1.2055964118898503,-33.17652344232195
0.9481426748574032,-1.056629102430914,0.7305186445773393,-1.746667934328948,0.5816897832025616,1.0395218470298668,53.3429706247575
0.7155764932008358,-0.08347004236596145,0.3083597253297098,1.9271502445580329,-0.8079529858500142,0.3865631641426904,194.68907203674303
0.3174333220911419,-0.3688275020671748,1.0561437643372398,-1.196450922840482,-1.0248789649845524,1.0275174948929975,-61.364594040123634
-1.4223968391751918,0.9765721260215678,-0.35100827823276337,-0.18520585812736398,-2.7188471614757086,0.8100145186782923,-277.07311736511326
-0.01688016694394664,0.7002839454185003,0.6638540567606201,0.6092351516549246,0.8499862364545852,1.3539794161678016,257.74355985116546
-0.17709138796575527,1.3365238256605274,2.2762473079690344,-0.780240810659558,-0.1978300282593495,0.11591601907678477,-13.001048568312044
0.9248396482050464,-0.958893237799616,-0.10595460263298832,-0.5788791944544807,0.35114842414262853,0.2646871801355966,50.86976637021503
-0.5327367131538017,-0.2081665497776562,-1.5733660651014378,0.9486988301427991,0.8768983615785082,-0.1138796475829836,71.45526666162642
-0.4519668809349387,0.3945339187361178,0.03743240637300048,-0.08781668984190934,-0.36170368468444336,0.5170957259157443,-19.15036915673165
-0.9253545512109977,-0.10460651839386172,2.0443481462142574,-2.0451368933568106,0.8026316401936772,0.44045254842536774,-115.61530905007986
-1.4469578462379848,-0.20022249492269956,-0.14823962719605516,2.0358651930779845,-0.14348511581957824,-0.09463196983848617,34.42089778210855
-0.6719185650980742,0.5323855311562706,-0.08686053410601018,-0.3042767555696825,-0.09559822113835996,0.2944757118921175,-47.23025438878277
0.3126184385044612,-0.9870313691570303,-1.0667207425170953,1.5996150436174696,0.9574864588687783,-1.0894863608324075,104.1780694145568
0.23593735070250574,-0.09756339167182326,-0.7693144004006477,-0.03444933611177454,-0.5607394162092185,-1.0416652342558474,-127.002699106797
-0.04919575617651804,-0.8060810304943229,0.2534947305330913,-1.1218375345694687,-0.43801780327206946,-0.9891621226798498,-242.2179542290232
0.8629793308749866,-1.9920530302826984,1.6999289641329305,-0.7789698416313166,-0.989218614084693,-0.008151191224917207,-86.96593941439167
1.778088870880861,-0.39844235938487826,-0.6982301642682317,1.7465372720451726,1.2578546531754031,-1.1406384546646577,285.12544836157525
-1.276534768187634,0.7813032936463334,-1.3374210851410524,0.4613019533177491,0.6886229161032525,-0.4229046482005648,-49.11659434404048
-0.04000750424705969,0.12972043081465828,-1.2892639659406928,-0.8488111309773588,-0.3911142864763959,0.970060439646027,-59.928584345867
1.358304756987742,-0.6835804649693632,-0.8886884376702978,0.9041244890073261,0.6191336247005288,0.17764761745118135,220.7899465111755
0.18671764624645268,1.4565547493880404,0.6016879260495622,0.5461438774070249,-0.47823900962318283,-0.45778926448754875,41.121494872603634
0.9292273792760734,1.4416521565772398,0.23144698070245695,1.5634472023611328,1.7148804535132012,0.13040550308475488,400.53303506195925
0.8102781021443433,1.0316374668664323,0.9289547245045107,1.1132698181886347,-1.5731871582732655,-1.0379795772389104,-16.246395472206984
-1.0968521732941272,2.221148070176885,1.2945152324279559,-1.9919759581295304,0.7083335311818031,-0.34086575263074004,-141.4874912324676
-0.5200396755193838,-0.4904239737313804,-0.009309853915450073,-0.9146996594912914,1.6534635410091778,-1.2066355431436562,-96.46481020407897
0.8168190052981054,-0.5218511658787668,-0.40233076248761734,2.5630381699144427,-0.08022218212973468,-0.18937946925638627,250.86895092254863
0.9886648756834964,0.32714111878588886,-1.13348884620247,0.4111739645484645,0.1413141128712216,-0.4659152950222226,71.39956694101723
0.5974078373242745,-0.7635719903721792,-0.9247479379075986,-0.6301373068776522,1.5574185483260619,-1.3468858955929852,-21.96116536809765
-0.21347498856798008,-0.47235395964949245,0.22672236211085262,0.02750613194915916,1.1826583813790827,1.5491813740769254,197.67410557255846
0.32114347076316707,0.11638933999817148,-0.03309119648553784,-0.9789891992317864,-0.44052509616905317,0.6027067583438221,-41.95872521551256
-0.4522931103307149,-0.41346156708518395,-1.8232724408716254,1.8198658540537551,0.1342551992434488,1.1797599103321084,165.33749811882595
-3.3653294445354036,-0.6578577628744761,0.40519960757881623,1.3210330135417148,-1.6772844388713162,-0.8371228085628396,-368.7800651042729
