area_sqft,bedrooms,bathrooms,garage,year_built,neighborhood,condition,has_pool,lot_size,price
1748,4,1,2,2006.0,suburb,poor,no,6800,301166
1430,1,2,1,1983.0,beachfront,good,no,4909,450575
1823,3,4,2,,downtown,good,no,4765,273476
2261,5,4,3,2022.0,beachfront,poor,no,9131,639285
1382,3,4,2,1962.0,suburb,fair,no,6934,203350
1382,3,3,0,2019.0,suburb,excellent,no,4101,217246
2289,6,3,0,1955.0,downtown,excellent,yes,14531,373407
1883,1,3,2,2001.0,suburb,good,yes,4626,249821
1265,6,2,3,1952.0,suburb,poor,yes,11276,267585
1771,1,3,1,2012.0,downtown,fair,no,3570,334832
1268,1,2,3,1998.0,suburb,good,no,9369,295207
1267,2,4,1,1996.0,beachfront,excellent,no,7248,417964
1620,4,3,0,2004.0,suburb,fair,no,6112,316500
543,2,3,3,2013.0,rural,good,no,8590,123412
637,4,1,1,2014.0,downtown,fair,no,8186,155516
1218,6,2,2,2016.0,suburb,excellent,no,5562,242435
993,4,4,0,1964.0,downtown,good,no,5426,194802
1657,6,1,2,1981.0,suburb,good,no,3278,334674
1045,3,1,0,2017.0,beachfront,good,no,8916,369396
793,3,4,3,1967.0,suburb,good,no,4238,161625
2232,4,1,3,1992.0,downtown,fair,no,8011,388047
1387,4,2,0,1984.0,suburb,fair,yes,9777,272842
1533,6,2,0,2007.0,suburb,excellent,yes,8624,257969
787,2,3,0,1982.0,suburb,excellent,yes,5830,136503
1227,6,1,3,1963.0,rural,excellent,no,10726,316410
1555,2,3,1,1983.0,rural,good,no,6776,293171
924,3,1,2,2010.0,suburb,excellent,no,3997,219075
1687,1,2,2,1953.0,suburb,poor,yes,7148,273782
1199,4,2,3,2008.0,downtown,good,no,9760,244479
1354,2,2,2,1978.0,downtown,good,no,5976,263167
1199,6,1,0,1955.0,suburb,good,no,10634,286657
2426,3,2,1,1998.0,suburb,good,no,5689,340351
1493,2,1,2,1989.0,suburb,fair,no,6097,214486
971,6,3,1,2014.0,suburb,good,no,4861,249933
1911,4,1,0,2018.0,downtown,excellent,no,10051,318343
889,4,3,2,1976.0,suburb,good,no,7840,163198
1604,5,1,3,1955.0,downtown,fair,no,5060,267975
520,1,3,1,1962.0,downtown,fair,no,6811,76349
835,5,2,0,2013.0,rural,fair,no,1213,133178
1598,3,3,1,2011.0,downtown,fair,no,10333,337432
1869,2,2,2,1968.0,suburb,good,no,7487,309676
1585,3,2,2,1992.0,downtown,good,no,781,276011
1442,6,3,3,1969.0,rural,good,no,3629,308942
1349,4,1,0,2017.0,suburb,good,no,6735,271220
760,5,1,0,1993.0,downtown,excellent,no,4057,192376
1140,5,4,3,1972.0,suburb,fair,no,10380,268208
1269,5,1,3,1951.0,rural,good,no,9255,236424
2028,3,4,0,1971.0,beachfront,excellent,no,9078,525263
1671,4,1,1,2006.0,downtown,fair,no,186,318720
618,2,1,1,2021.0,rural,fair,no,6423,101878
1662,6,2,3,1956.0,beachfront,excellent,no,5907,524146
1307,2,4,1,2005.0,beachfront,good,no,5137,433012
1161,3,1,0,2016.0,suburb,good,no,6754,227705
1805,6,4,2,1965.0,suburb,poor,no,4621,287419
2015,5,2,2,2000.0,suburb,good,no,8645,383692
1965,1,2,1,2021.0,rural,good,no,10299,302738
1080,3,4,3,1961.0,suburb,poor,no,10041,228223
1345,3,2,3,2002.0,suburb,good,no,7586,270057
1665,4,3,3,1954.0,suburb,fair,no,13997,352987
1987,2,3,3,1976.0,rural,good,no,11419,373653
1260,3,2,3,1961.0,rural,poor,no,7695,274397
1407,3,3,1,1966.0,downtown,fair,no,6553,289360
946,5,1,2,1955.0,rural,fair,no,12014,210641
901,5,4,2,1954.0,suburb,poor,no,11022,196115
1906,6,1,1,2006.0,rural,excellent,no,3768,377084
2178,1,4,3,1977.0,suburb,poor,no,11257,373662
1463,4,2,1,2018.0,suburb,good,no,7536,255178
2001,1,1,2,2008.0,beachfront,fair,yes,5417,532294
1680,6,2,0,1982.0,downtown,good,no,2062,310947
1177,5,2,1,2011.0,rural,excellent,yes,7193,205932
1680,2,4,3,1999.0,suburb,fair,no,7963,325713
2269,5,4,2,1968.0,suburb,excellent,no,12761,402005
1482,4,4,2,2018.0,suburb,fair,no,10871,333761
2282,5,1,2,2015.0,suburb,good,no,6251,353535
190,4,3,2,,suburb,good,no,9168,61796
1910,4,4,3,1988.0,downtown,excellent,no,10478,342479
1543,4,4,0,2017.0,downtown,good,no,8257,305571
1350,6,1,2,1982.0,downtown,good,no,6238,284484
1545,4,4,1,1962.0,beachfront,fair,no,6403,486064
506,4,1,0,2003.0,beachfront,fair,no,9156,282082
1390,2,2,2,1956.0,suburb,excellent,yes,9238,203791
1678,1,4,0,1963.0,rural,good,no,7121,271375
2238,3,4,1,1968.0,suburb,good,no,142,329776
1240,1,2,2,2003.0,suburb,good,no,4128,190043
1095,4,2,1,1969.0,rural,good,no,9859,224277
1249,2,2,3,1978.0,beachfront,excellent,yes,1607,392880
1957,5,4,2,1973.0,suburb,good,no,11552,401710
1664,2,3,2,2012.0,rural,good,no,11108,316318
1235,4,3,2,2006.0,downtown,excellent,no,8123,188107
1756,2,3,2,1957.0,beachfront,poor,no,9793,465428
1548,2,4,3,2011.0,downtown,fair,no,9586,198626
1984,4,2,2,1978.0,suburb,good,no,7649,324122
1148,6,4,0,1966.0,suburb,fair,no,3878,255191
1336,2,2,2,2015.0,suburb,good,no,10901,217983
1303,3,4,3,1955.0,downtown,excellent,no,12221,254273
768,3,4,2,2007.0,beachfront,good,yes,4374,309529
1648,2,2,0,2018.0,downtown,good,no,3766,291139
1630,6,3,3,1977.0,suburb,excellent,no,7589,302846
1502,5,2,3,2011.0,downtown,good,no,6121,290665
1382,4,1,0,1990.0,suburb,good,no,8434,244513
792,3,1,0,2018.0,suburb,good,no,11623,110653
1289,5,2,0,1990.0,suburb,excellent,no,1262,208757
1328,2,4,0,1998.0,downtown,good,no,12743,248233
1098,5,1,0,1998.0,downtown,good,no,6779,226669
1419,1,1,3,2020.0,suburb,excellent,no,9535,269351
1702,3,4,3,1952.0,rural,good,no,9856,310039
2443,2,4,2,1959.0,rural,good,no,10206,400739
1587,4,3,2,1984.0,downtown,excellent,yes,8185,236269
1628,6,4,1,1951.0,suburb,good,no,8886,301088
1462,2,2,2,1973.0,downtown,good,no,8867,248478
540,4,2,2,1987.0,downtown,excellent,no,6109,189593
1486,6,3,0,1971.0,suburb,good,no,2725,303508
1530,6,1,0,1975.0,suburb,good,yes,4342,335581
2731,2,1,2,1992.0,downtown,excellent,no,7687,457576
1403,5,4,1,2004.0,downtown,excellent,no,5639,244110
1650,5,2,0,1988.0,downtown,good,yes,5646,301013
1482,6,1,2,1978.0,rural,poor,no,13397,299386
915,5,3,2,1969.0,beachfront,good,no,10576,369075
2071,1,3,3,1990.0,downtown,good,no,7243,324118
1875,6,2,1,2003.0,downtown,good,yes,10016,340076
1895,6,3,3,1969.0,rural,good,no,6739,407418
1045,4,3,1,1968.0,beachfront,good,no,8332,339327
2201,5,2,0,2015.0,suburb,good,no,9324,416324
799,6,4,1,1979.0,downtown,fair,no,6747,156746
1793,1,4,2,2002.0,downtown,good,no,5944,247787
2595,4,3,2,1983.0,suburb,good,no,11671,474648
1004,2,4,1,1971.0,suburb,fair,no,9842,197556
1216,6,4,1,2016.0,downtown,fair,no,1236,285035
1549,1,3,1,1955.0,suburb,good,no,5995,271371
1248,3,4,3,1976.0,downtown,good,no,5656,293995
724,1,3,1,1959.0,rural,fair,no,6136,140361
1534,1,1,0,2022.0,suburb,excellent,no,10587,235405
968,4,2,3,1997.0,downtown,good,yes,8057,210487
1736,2,2,3,2019.0,suburb,excellent,no,3831,332704
1040,3,4,1,2008.0,suburb,good,no,6850,167618
2274,5,4,0,2008.0,beachfront,good,no,9625,571543
1108,5,4,3,1951.0,suburb,excellent,no,7341,221931
1338,1,2,2,1978.0,downtown,good,no,6065,157562
1906,4,1,3,2017.0,rural,good,no,8993,345042
884,4,1,1,2014.0,downtown,fair,no,12854,121016
1613,5,2,0,1975.0,beachfront,good,no,9384,493541
2153,3,1,1,1959.0,suburb,fair,yes,11902,383908
696,2,2,2,2002.0,suburb,fair,yes,6267,120093
1592,3,1,2,2008.0,downtown,poor,no,7974,329113
1629,6,3,2,1971.0,suburb,poor,no,7914,270534
1890,6,3,1,2000.0,rural,excellent,no,8356,384237
881,2,2,3,1997.0,rural,fair,yes,9321,187404
839,5,1,1,1970.0,downtown,good,no,5243,129369
1760,2,4,0,1971.0,downtown,excellent,yes,9941,365323
1648,4,1,3,1979.0,rural,good,yes,3116,300287
1625,6,3,2,,beachfront,fair,yes,3992,487425
1673,1,3,1,1977.0,downtown,good,no,14406,223737
1159,1,1,2,2014.0,suburb,good,no,6469,187249
1616,5,1,2,1994.0,suburb,good,no,10188,298577
1646,4,4,0,2017.0,rural,good,no,13094,289979
1142,3,4,3,1956.0,downtown,excellent,yes,1056,207366
2432,4,1,0,1998.0,downtown,good,no,11378,423796
1736,1,1,0,1958.0,rural,good,no,9946,258771
904,1,1,0,1985.0,downtown,good,no,12921,87551
1828,6,1,2,1950.0,suburb,poor,yes,4455,339719
1012,4,2,0,1959.0,suburb,excellent,no,12353,120775
1893,4,1,0,1985.0,suburb,fair,no,5781,334563
2079,1,4,3,2022.0,suburb,good,no,11164,307470
1089,3,3,3,1995.0,suburb,excellent,no,7891,213250
1981,5,2,0,1981.0,downtown,good,yes,10312,386572
1706,5,1,3,1981.0,suburb,good,no,8146,292437
1911,4,3,3,1955.0,rural,good,no,2481,373487
2448,5,2,0,1997.0,rural,excellent,no,1361,404198
1377,1,3,2,1987.0,downtown,good,no,8629,279145
1123,1,1,0,1966.0,downtown,excellent,no,7208,167495
1055,4,1,3,1976.0,downtown,poor,no,9194,188035
1092,4,4,2,2003.0,suburb,good,no,7243,234417
1461,6,1,1,1999.0,suburb,excellent,yes,14054,271076
1670,4,1,2,1984.0,suburb,fair,no,8691,275256
1638,3,2,3,1974.0,downtown,good,no,6659,276364
1913,5,4,2,1977.0,downtown,fair,no,9012,345611
1506,4,2,0,1964.0,suburb,good,no,6713,306165
2226,2,3,1,1953.0,suburb,good,no,8278,300877
1367,6,1,1,2022.0,downtown,good,no,4347,270742
2860,2,3,1,1976.0,suburb,fair,no,7974,472747
1812,1,2,3,1975.0,downtown,fair,no,6566,302603
1071,5,1,3,1968.0,rural,poor,yes,4631,264945
964,4,1,1,,rural,good,no,13927,187369
1741,2,2,2,1992.0,downtown,good,no,4748,285613
1388,5,2,1,1990.0,downtown,excellent,yes,8020,280969
1857,1,2,2,1991.0,suburb,good,no,5591,301529
1736,3,2,2,1999.0,downtown,good,no,8891,288687
1463,6,2,3,,suburb,excellent,no,4176,309934
1076,5,1,2,1988.0,rural,good,yes,10521,201824
742,5,2,1,1972.0,suburb,excellent,yes,14108,147964
1276,3,1,3,2001.0,rural,good,no,5481,220560
1928,5,1,0,1996.0,suburb,fair,no,11650,379792
1607,1,2,0,2012.0,downtown,poor,yes,6854,154419
877,1,2,3,2018.0,rural,good,no,12517,168417
1586,3,4,1,1992.0,suburb,fair,yes,14565,273928
1692,6,1,0,1997.0,suburb,good,no,7298,263373
1058,4,2,0,1983.0,downtown,good,no,3439,207991
1576,2,2,2,1989.0,downtown,good,no,10844,280672
1529,4,2,2,2010.0,beachfront,good,no,8673,497039
928,5,4,1,1999.0,downtown,fair,no,9505,114645
1678,2,4,3,2016.0,beachfront,good,no,6980,527691
1780,3,3,1,2011.0,beachfront,good,no,5346,479867
2041,3,1,3,2007.0,rural,excellent,no,11481,371747
2026,6,3,0,1982.0,suburb,good,yes,8959,386132
811,2,2,2,1965.0,suburb,excellent,no,3669,125349
1031,1,4,1,1997.0,rural,good,no,10060,189463
1757,2,4,1,1959.0,downtown,good,yes,9458,276985
1756,5,3,3,1987.0,suburb,fair,no,7024,266258
1757,1,4,3,1968.0,suburb,good,no,12859,323582
3426,3,2,1,1985.0,suburb,good,no,6145,525648
1785,2,4,3,2008.0,suburb,good,no,7493,277115
2067,4,3,1,2012.0,suburb,good,yes,10305,342958
1977,6,2,1,1995.0,suburb,good,no,8230,369717
1825,4,3,1,1952.0,rural,good,no,3846,317031
1342,6,4,0,2014.0,downtown,good,no,8551,277742
1879,5,3,3,1957.0,beachfront,fair,no,6756,506665
1113,4,3,2,2000.0,suburb,excellent,no,10570,194678
1381,2,1,2,2022.0,rural,fair,no,8453,233670
1257,2,4,3,1955.0,suburb,poor,no,8283,280486
1540,4,4,1,1988.0,rural,good,no,4855,272585
2657,2,3,2,2009.0,downtown,good,no,7309,461106
566,5,1,2,1977.0,rural,good,no,10910,146056
1843,1,4,3,2003.0,downtown,fair,no,5670,286940
693,5,2,2,1986.0,rural,good,no,7902,156548
1264,6,3,1,1958.0,beachfront,good,no,5190,449547
2044,5,4,3,2005.0,downtown,excellent,no,4448,389709
1532,6,2,1,2008.0,downtown,excellent,no,7745,336038
961,2,4,2,1951.0,rural,good,no,8521,184940
1142,1,2,2,2010.0,downtown,good,no,13981,226912
1839,2,3,1,2007.0,rural,good,no,6633,271906
1134,3,4,0,2009.0,downtown,poor,no,7849,187661
1608,2,4,2,1989.0,downtown,good,no,4249,249470
1522,6,1,0,1985.0,beachfront,good,no,9836,497733
1174,2,3,2,1986.0,suburb,excellent,yes,9194,195331
2571,2,2,0,1967.0,rural,poor,no,12465,427543
1816,1,4,0,2012.0,suburb,good,no,11334,254469
487,2,4,0,1971.0,suburb,good,no,9054,94340
1593,1,2,1,1960.0,suburb,good,no,6589,274555
1169,4,3,0,2007.0,suburb,poor,no,8614,153390
1926,3,1,0,2006.0,suburb,excellent,no,7666,382548
1103,1,1,0,1953.0,suburb,good,yes,10860,166955
1442,6,4,2,1956.0,suburb,good,no,10478,225548
1752,4,2,0,2010.0,downtown,fair,no,7110,307542
1932,1,4,2,2003.0,rural,good,no,3614,310803
899,1,2,0,2017.0,downtown,good,no,12000,142393
1332,3,1,0,1950.0,suburb,poor,no,9745,259535
1262,6,3,1,2004.0,downtown,fair,no,7041,276723
1173,5,2,2,1952.0,suburb,excellent,no,9628,244886
2382,5,1,0,1987.0,rural,fair,no,8224,420804
1702,1,4,2,1950.0,downtown,fair,no,11955,272169
869,2,2,2,1987.0,downtown,good,no,2210,213614
1958,6,3,3,1978.0,downtown,good,no,6808,324324
2561,4,4,1,1954.0,suburb,poor,no,12797,433339
2016,2,4,1,1970.0,rural,good,no,9689,329350
740,2,1,1,2020.0,downtown,fair,yes,13317,160398
1257,6,2,3,2016.0,rural,poor,no,4334,238234
2133,1,4,3,1996.0,suburb,poor,no,11216,292639
1146,1,3,1,1984.0,suburb,excellent,no,11036,191604
1721,1,2,3,2017.0,beachfront,fair,no,2954,491586
1887,1,3,3,2018.0,suburb,poor,no,7113,352737
1036,5,4,3,1950.0,suburb,good,no,7680,182289
1470,1,3,1,2017.0,downtown,excellent,yes,3141,270140
120,5,1,1,1961.0,downtown,fair,no,7176,144022
987,5,3,1,2009.0,downtown,good,no,10619,191717
1373,1,2,3,1976.0,downtown,poor,no,6827,192221
876,3,3,1,2005.0,suburb,good,no,8726,154190
2316,4,3,3,1972.0,suburb,good,no,8748,402820
784,2,1,0,1974.0,suburb,good,no,7963,154513
1279,5,3,3,1970.0,downtown,good,no,5884,239108
1565,6,3,2,2010.0,downtown,good,yes,9976,351405
2220,6,4,1,2012.0,suburb,fair,no,3238,364564
782,4,4,1,2001.0,beachfront,good,no,8025,310123
2081,6,2,2,1974.0,downtown,poor,yes,12156,415351
1505,3,4,3,2004.0,rural,good,no,6657,202511
1009,6,4,0,1995.0,suburb,excellent,no,5818,205226
1731,2,4,2,1981.0,suburb,excellent,no,10176,383180
1599,2,4,2,2004.0,suburb,excellent,no,8490,269488
1199,5,1,3,1954.0,downtown,good,no,10236,211226
1534,1,4,1,1985.0,downtown,good,no,8115,243378
1307,3,1,3,1998.0,suburb,fair,no,835,239525
1556,5,1,2,2007.0,suburb,good,no,11539,298219
1831,3,4,2,1988.0,beachfront,good,no,14210,534517
2293,1,3,1,2010.0,suburb,good,no,11852,327776
881,6,1,1,1958.0,downtown,good,no,2616,247776
2566,6,3,1,,rural,fair,no,9353,457253
523,1,3,3,1984.0,downtown,good,yes,6599,125253
1424,5,4,1,1988.0,suburb,excellent,yes,4747,249755
1794,1,2,2,1971.0,suburb,poor,yes,8368,327691
1640,4,4,2,,beachfront,good,no,7553,488288
1188,2,2,0,1954.0,rural,excellent,no,9525,206526
1395,5,2,3,1991.0,suburb,good,no,8169,246256
1253,3,4,0,2016.0,suburb,good,no,4637,188042
1205,4,4,2,1979.0,beachfront,fair,no,6270,451396
1924,5,2,0,2006.0,downtown,good,no,5786,325291
1678,1,4,2,2022.0,downtown,excellent,no,2850,246085
1153,1,2,0,1978.0,downtown,good,no,3885,163654
1949,1,3,1,1986.0,downtown,good,no,7366,328318
1653,1,4,0,1962.0,suburb,poor,no,12271,239078
1906,3,3,1,1981.0,suburb,poor,yes,6393,317370
1814,4,1,1,1995.0,suburb,excellent,yes,5727,317550
1085,6,3,3,1972.0,downtown,good,yes,4456,180229
1219,2,3,1,1994.0,rural,good,no,8091,163716
1873,3,2,1,1966.0,suburb,poor,no,11537,326038
1805,3,3,0,2015.0,suburb,good,no,14008,278639
1489,6,4,2,,suburb,excellent,no,8856,325051
1558,6,2,3,1967.0,suburb,good,no,8419,337704
2138,2,1,1,1971.0,downtown,fair,no,6369,367275
1204,2,4,3,1982.0,downtown,good,yes,6870,270193
1773,6,1,0,1979.0,rural,good,no,9887,323457
1398,1,3,1,1981.0,beachfront,good,no,7055,444166
1391,3,4,0,1991.0,suburb,excellent,no,7513,221117
2049,5,4,3,1959.0,downtown,good,no,7923,445921
1912,2,1,0,1985.0,suburb,excellent,no,6227,366309
1906,2,4,3,1983.0,rural,good,no,7775,321256
2152,6,4,0,,rural,fair,no,1941,394397
1510,4,4,3,1977.0,downtown,good,no,9646,322278
1840,5,3,2,1960.0,downtown,fair,no,15055,331585
1344,5,1,0,1988.0,rural,excellent,yes,6343,231901
1662,2,4,0,1996.0,suburb,good,yes,9121,295519
1434,1,2,2,1968.0,downtown,good,no,10554,237453
1548,4,2,2,1964.0,downtown,good,yes,11840,287689
1797,5,2,0,1977.0,suburb,fair,no,7207,294521
1090,2,2,2,1973.0,rural,good,no,2590,141969
2546,5,3,1,2021.0,beachfront,good,yes,8801,643984
996,4,4,3,1958.0,suburb,fair,no,8385,231548
892,4,1,3,1996.0,suburb,good,no,6963,182025
2079,3,4,3,1982.0,downtown,poor,no,7599,399942
1895,6,3,1,,suburb,good,no,8431,328132
1812,6,2,2,1968.0,suburb,good,no,9085,310158
1814,2,3,2,2016.0,suburb,fair,no,8959,300083
1493,4,4,0,1989.0,suburb,excellent,no,7346,261472
1051,3,1,2,1996.0,downtown,fair,no,9152,220749
1537,3,3,0,2014.0,downtown,fair,no,7144,237301
1161,5,1,1,1978.0,suburb,fair,yes,9926,270192
1987,5,3,3,1999.0,downtown,good,yes,6117,422057
1426,3,1,3,1962.0,downtown,good,yes,8219,257725
1087,5,1,3,1950.0,beachfront,good,no,3128,465541
1339,4,2,2,1983.0,suburb,poor,yes,6890,219155
1706,1,1,0,1997.0,suburb,poor,no,9702,298156
1218,4,2,0,,rural,good,no,4898,254118
1088,3,4,1,1998.0,beachfront,excellent,no,7039,424103
1621,3,4,2,2013.0,suburb,excellent,no,784,282683
1622,4,2,1,2010.0,rural,poor,no,3895,199672
1246,5,2,0,1978.0,suburb,good,no,4680,217648
1264,5,3,0,1988.0,suburb,excellent,no,8305,220822
1616,6,3,3,1975.0,suburb,good,no,9000,288052
775,3,3,2,1966.0,suburb,excellent,no,7831,159917
796,2,4,0,2020.0,suburb,fair,yes,6852,126831
1140,6,3,3,1962.0,suburb,excellent,no,6862,221261
1393,5,1,2,2018.0,downtown,good,yes,10148,237185
1655,4,1,1,1975.0,suburb,excellent,no,8638,271784
2237,5,3,2,,downtown,good,no,6998,429194
1928,4,1,2,2016.0,suburb,good,no,11879,319369
1420,6,4,0,1956.0,suburb,excellent,yes,13849,257551
1490,3,1,0,2007.0,rural,fair,yes,4262,239799
998,5,4,2,1998.0,rural,good,no,9567,219869
1490,4,2,0,2002.0,rural,good,no,17269,277187
1355,3,2,0,2014.0,suburb,good,no,8840,141910
1661,2,2,0,2011.0,rural,excellent,no,8346,299799
1086,4,2,3,1966.0,suburb,fair,no,7832,260991
1759,6,1,3,1992.0,downtown,good,no,9470,307344
2266,2,3,2,1974.0,downtown,good,no,10264,340731
1445,2,1,0,1952.0,downtown,poor,no,4265,223242
1700,1,4,3,1978.0,suburb,good,no,7920,257319
1845,5,1,2,1981.0,suburb,fair,yes,1191,343467
1299,4,1,0,1975.0,rural,good,no,7372,176454
1612,2,4,1,1965.0,downtown,excellent,no,5291,233262
1506,1,2,0,1974.0,downtown,good,no,9017,282075
1548,6,2,0,2003.0,beachfront,good,no,3030,464353
1113,3,2,3,1977.0,downtown,excellent,yes,6463,249252
1512,4,3,2,2022.0,suburb,good,no,10899,287460
1748,2,4,2,2005.0,suburb,excellent,no,5971,237921
2225,5,4,3,2014.0,suburb,good,no,2285,417809
1979,1,1,0,1990.0,downtown,excellent,no,8772,303319
2576,2,3,1,2000.0,downtown,fair,yes,6240,397735
1116,5,2,0,2020.0,downtown,excellent,no,7442,224748
1936,2,3,0,1978.0,suburb,fair,yes,5810,324639
1591,4,4,1,1968.0,suburb,good,no,13923,304877
2594,4,4,3,2015.0,downtown,good,no,3325,479447
1095,4,1,2,1990.0,suburb,good,no,16500,226494
1080,6,1,3,1994.0,rural,good,no,6828,195730
1200,6,4,3,1964.0,downtown,good,no,8550,240790
438,1,2,0,1952.0,suburb,good,no,6275,163991
1237,4,2,2,1960.0,suburb,fair,no,6150,257284
1120,5,3,2,2002.0,downtown,poor,no,5645,299078
1575,2,4,3,,suburb,fair,no,9803,313113
1670,3,4,1,1979.0,suburb,good,no,3767,292754
2438,5,2,3,2006.0,rural,fair,no,9092,439742
1975,6,2,1,1967.0,rural,good,no,1446,360152
1211,6,4,2,2000.0,suburb,good,yes,8820,199515
1050,5,1,3,1997.0,rural,poor,no,10547,223041
1745,6,4,0,2015.0,suburb,good,yes,4176,358070
839,4,4,3,1957.0,suburb,excellent,no,10036,162860
2415,1,2,2,1971.0,suburb,fair,no,8154,394608
2089,2,2,0,1955.0,downtown,good,no,12795,358897
1265,1,1,0,2006.0,rural,good,no,5434,172459
643,2,1,1,1985.0,suburb,good,no,16447,107910
2176,2,3,0,2006.0,suburb,good,no,827,315862
1442,1,4,0,1998.0,beachfront,good,no,7011,401635
2118,5,2,3,1994.0,downtown,good,no,2904,344071
702,2,1,2,2015.0,suburb,poor,no,13553,108286
1200,1,3,1,1994.0,downtown,good,no,7214,237583
1502,2,3,3,1969.0,rural,good,no,7484,232835
1523,3,2,0,2013.0,rural,poor,no,9329,262243
1274,5,2,0,2016.0,suburb,good,no,7985,226013
1811,4,3,1,1952.0,suburb,excellent,no,6218,352015
966,2,1,2,2003.0,suburb,good,yes,4230,214234
1428,3,3,1,2013.0,rural,good,no,8505,275122
1560,4,4,3,1989.0,suburb,excellent,no,9136,298184
1757,4,4,1,2008.0,suburb,good,no,10086,301618
1855,2,2,0,2004.0,beachfront,good,no,13738,462493
937,1,1,3,2011.0,downtown,good,no,1478,223855
732,2,1,0,1953.0,downtown,excellent,no,7796,107009
2138,3,4,2,2009.0,suburb,good,no,11575,380609
1666,4,3,0,1979.0,beachfront,good,yes,7626,521686
1125,2,2,0,1951.0,suburb,good,no,985,172091
2275,1,3,1,2011.0,downtown,excellent,no,4126,387390
1557,2,3,0,1998.0,suburb,good,no,8985,276476
2089,5,3,3,1958.0,suburb,poor,yes,8876,430188
1533,1,1,3,1980.0,downtown,excellent,no,10017,240869
2530,3,4,2,2010.0,suburb,good,no,5656,380924
2377,4,1,3,1997.0,beachfront,poor,no,8779,596385
1375,2,4,1,1974.0,suburb,good,no,5162,237515
1985,1,2,2,1985.0,suburb,good,no,8779,319496
1822,5,2,3,1957.0,suburb,excellent,no,8159,326496
2184,1,3,1,2022.0,downtown,fair,yes,5537,285324
1017,6,4,3,2007.0,rural,excellent,no,12674,241664
1843,5,4,3,1994.0,suburb,good,no,2883,400620
2029,3,4,0,2011.0,suburb,poor,no,7575,348277
620,4,3,3,1988.0,suburb,excellent,no,5471,166274
908,3,3,3,2007.0,suburb,good,no,13502,198373
480,2,2,1,2013.0,suburb,fair,no,9795,108911
1365,1,1,1,1993.0,downtown,good,yes,6052,247699
1858,6,4,0,1978.0,rural,excellent,no,7160,350561
2251,5,4,3,2008.0,beachfront,good,no,13583,593269
1537,5,1,0,2020.0,suburb,fair,no,5161,256670
2314,1,4,3,1958.0,beachfront,fair,no,2706,564630
809,6,3,2,1955.0,downtown,fair,yes,8873,200773
648,1,3,2,1978.0,suburb,good,no,8940,107717
1472,2,4,0,2007.0,suburb,good,no,9998,250230
1692,3,3,0,1966.0,suburb,fair,no,10017,296974
1483,5,3,0,1965.0,suburb,fair,no,13312,297445
466,2,4,1,1952.0,suburb,good,no,2845,133383
1455,3,2,1,1970.0,downtown,excellent,no,4391,255590
847,2,1,1,2013.0,suburb,good,no,9986,112816
1834,6,3,0,1985.0,downtown,excellent,no,4683,324746
1683,5,2,3,2011.0,rural,good,no,3630,318771
1030,1,3,2,1991.0,downtown,fair,no,13597,119426
1243,1,3,0,1991.0,downtown,excellent,no,3140,238109
970,3,1,1,2010.0,suburb,good,no,6946,184771
1468,4,3,1,1962.0,suburb,good,no,7821,276640
1977,6,1,0,1960.0,rural,excellent,no,11927,397515
1007,3,1,0,2003.0,suburb,poor,no,2393,162145
1752,4,1,1,1965.0,suburb,poor,no,9246,325021
1234,2,2,3,1957.0,rural,good,no,5328,216804
1103,6,4,1,2008.0,suburb,fair,yes,9882,224927
1446,2,2,1,2006.0,downtown,fair,no,5279,218734
982,5,4,0,1989.0,suburb,poor,no,12716,247268
1223,6,4,3,2008.0,beachfront,poor,no,5297,447184
901,4,1,1,1951.0,suburb,good,no,614,201133
2482,5,3,1,1959.0,downtown,fair,no,5633,371049
1517,1,1,2,1993.0,downtown,good,no,7216,282949
1150,4,3,0,1960.0,downtown,good,yes,11247,244066
1606,3,4,2,1951.0,suburb,good,no,4224,283823
1443,1,1,2,1999.0,suburb,poor,no,4284,229641
1389,1,3,1,1961.0,downtown,good,no,10881,235350
1807,3,2,0,1972.0,beachfront,poor,no,3874,569713
1878,6,3,3,1967.0,rural,good,no,7463,303802
1234,1,1,1,2011.0,suburb,excellent,no,7524,223560
1212,4,2,3,2011.0,rural,good,no,8652,209451
1362,5,3,3,1987.0,downtown,good,no,5750,268702
349,1,3,0,2016.0,suburb,good,no,5219,54913
742,4,3,2,1987.0,suburb,good,no,9004,148450
2183,2,3,0,2016.0,rural,excellent,no,5312,347136
2322,4,3,3,2010.0,rural,excellent,no,3920,369274
1375,5,2,1,1950.0,downtown,good,no,11683,292125
1788,4,4,3,1994.0,beachfront,good,no,9464,469375
1655,3,2,1,1977.0,downtown,excellent,no,13302,299442
3039,5,2,1,1970.0,rural,excellent,no,10351,501053
2059,6,2,0,1962.0,beachfront,good,no,4195,533722
1436,2,4,3,1976.0,downtown,good,no,8289,256471
1022,3,1,2,1956.0,rural,fair,no,4953,146591
696,6,4,3,1971.0,downtown,excellent,no,3045,180591
1601,4,2,3,2002.0,suburb,fair,no,6658,252463
1121,5,3,2,1953.0,suburb,good,yes,10944,241988
788,2,3,0,1972.0,suburb,fair,no,8824,110469
1176,3,2,3,2019.0,beachfront,fair,no,3827,407870
959,6,3,3,1982.0,suburb,good,no,6552,227668
2343,6,2,1,1977.0,suburb,excellent,no,7571,393273
1940,2,3,3,1957.0,rural,poor,yes,2932,324261
1496,4,4,2,1950.0,beachfront,good,no,10139,428985
2239,2,1,1,1986.0,downtown,poor,no,7313,379776
1538,6,1,0,2012.0,beachfront,fair,no,3828,543647
1069,1,4,1,1971.0,downtown,good,no,3658,259116
2261,3,4,2,2019.0,rural,good,yes,11301,381885
1769,2,2,2,1970.0,downtown,fair,yes,6857,318996
981,6,2,1,1984.0,downtown,good,no,11571,158731
1404,4,2,0,1954.0,suburb,poor,no,12716,295682
1062,6,3,1,2009.0,suburb,good,no,11067,247586
808,4,2,0,1995.0,suburb,excellent,no,6399,146681
1963,2,4,1,,downtown,excellent,no,506,356565
2454,4,1,2,1997.0,suburb,good,no,8938,410465
800,5,3,3,1955.0,beachfront,good,no,14274,371259
1781,5,2,3,2005.0,suburb,excellent,no,7893,346410
1174,5,3,0,2008.0,downtown,poor,no,2030,194199
1256,1,3,0,1978.0,suburb,excellent,no,5975,229048
1203,2,2,0,2020.0,downtown,excellent,no,7448,168770
1068,6,3,2,1967.0,rural,poor,no,4706,198698
1524,6,1,1,1951.0,rural,fair,no,308,266309
1084,1,4,2,,suburb,excellent,no,7706,205385
1635,4,4,3,2003.0,suburb,good,yes,5645,281746
1474,1,1,0,1987.0,rural,poor,no,13318,190660
1380,4,3,1,1997.0,suburb,fair,no,8303,233829
1046,4,2,3,1976.0,rural,good,no,9408,210938
1211,3,3,3,,suburb,good,no,7642,191220
1877,6,1,3,1961.0,rural,good,yes,8281,321999
1750,5,3,2,1992.0,suburb,excellent,no,3043,385838
1011,4,4,0,2010.0,suburb,fair,yes,4879,165833
1549,3,3,3,1980.0,beachfront,good,no,11265,467658
1875,6,1,0,2010.0,suburb,good,no,8628,330232
665,5,4,2,2016.0,suburb,good,no,6804,147109
1771,4,3,3,,downtown,fair,no,9458,339290
1168,4,3,2,1964.0,suburb,excellent,no,9517,253644
1785,1,4,2,,suburb,excellent,no,13972,278571
1118,1,2,0,1962.0,downtown,good,no,8489,140605
597,6,4,3,1984.0,downtown,good,yes,4812,202783
686,5,2,2,2008.0,suburb,fair,no,7652,160039
1524,4,1,3,1970.0,rural,good,no,9822,335509
1629,6,1,0,2003.0,suburb,good,no,10986,236982
1047,6,4,2,1979.0,downtown,good,no,3154,232912
1819,2,4,0,1997.0,suburb,excellent,no,8761,350408
669,1,1,3,1984.0,downtown,good,no,5308,114752
1466,5,2,3,,suburb,good,no,6300,278135
894,4,1,0,1980.0,downtown,good,no,10537,182965
1174,6,4,1,1973.0,downtown,fair,no,10238,224336
1523,4,1,2,,downtown,good,no,5965,269087
1069,2,4,3,1981.0,suburb,good,no,7526,185215
1307,5,4,3,2004.0,downtown,good,no,6391,242227
2003,6,1,2,,suburb,good,no,16675,407315
1211,4,2,0,1952.0,suburb,good,no,8835,235482
1917,1,3,0,2018.0,suburb,good,yes,5481,305068
935,2,1,0,1959.0,suburb,good,no,11966,184507
1764,5,3,1,1974.0,rural,good,no,12072,311669
2220,2,1,1,2017.0,downtown,excellent,no,13375,334773
264,1,3,3,2010.0,suburb,fair,no,14263,46521
1101,5,2,0,1978.0,downtown,fair,no,10123,215203
1788,2,2,2,1968.0,downtown,good,no,6950,266423
1398,3,1,3,1992.0,suburb,fair,yes,7392,239692
1685,1,4,2,2015.0,suburb,poor,no,7123,257266
1198,1,3,3,2010.0,rural,good,no,6788,268436
1543,1,4,1,1992.0,suburb,good,no,11719,163235
1422,3,4,3,1974.0,beachfront,good,no,8002,452911
2083,3,4,1,1969.0,downtown,excellent,no,10914,399220
1627,4,2,3,1997.0,downtown,good,no,10029,302705
1668,6,1,0,1973.0,downtown,excellent,no,4704,332802
1294,2,1,2,1960.0,downtown,fair,yes,2848,227094
1256,4,2,0,2004.0,suburb,good,no,4290,208379
1283,2,2,3,1977.0,suburb,excellent,no,6719,160192
1697,6,1,3,2018.0,downtown,good,no,8402,335713
1289,3,4,3,2012.0,beachfront,good,no,6055,415081
1644,6,3,1,2008.0,rural,good,no,10109,287589
2537,3,3,2,1954.0,downtown,poor,no,6416,405580
1935,6,3,2,2000.0,downtown,good,no,8770,412595
1336,4,4,3,1970.0,downtown,good,no,8352,327545
2100,5,1,3,1961.0,downtown,excellent,no,13203,386516
1295,4,2,1,1999.0,downtown,fair,no,5074,225306
480,2,1,0,1953.0,suburb,excellent,no,14625,56683
995,4,4,0,1991.0,downtown,excellent,no,6216,203306
564,1,2,2,,suburb,fair,no,3979,158087
1324,2,4,1,1974.0,beachfront,good,yes,7349,416179
1509,6,3,3,1963.0,suburb,excellent,no,17720,229980
2338,2,3,2,1981.0,beachfront,excellent,no,10685,600801
1663,5,4,1,1960.0,downtown,good,no,9808,334011
1390,3,2,0,2010.0,suburb,good,no,10385,190924
1914,6,2,1,1967.0,suburb,good,no,5691,357394
394,2,1,0,1976.0,downtown,good,yes,8978,92636
1617,6,3,1,2004.0,downtown,fair,no,8007,305356
1885,6,1,2,2003.0,suburb,good,no,13427,329026
760,6,1,0,1970.0,suburb,poor,no,7673,204478
2071,3,4,2,1993.0,suburb,poor,no,6865,338548
1669,4,4,2,1954.0,suburb,good,no,4505,255794
1292,6,1,0,1990.0,suburb,good,no,8420,192315
1816,1,3,0,2008.0,downtown,good,no,8878,320225
2635,5,4,3,2003.0,suburb,good,no,4395,478749
1590,3,1,3,1971.0,downtown,good,no,9359,286139
1624,2,1,3,2014.0,downtown,fair,no,8699,265391
1270,3,1,2,2013.0,beachfront,good,no,11040,414630
1075,2,1,2,2020.0,suburb,excellent,yes,11637,158977
1915,3,1,3,1953.0,rural,good,no,8282,319306
1071,2,1,2,2014.0,suburb,good,no,4890,127047
1535,6,4,2,1964.0,suburb,good,no,5508,278168
1261,4,3,0,1971.0,downtown,excellent,no,13286,219821
1739,2,1,0,1996.0,downtown,fair,no,8496,299146
1666,2,2,2,1995.0,downtown,good,no,13238,278702
2018,1,4,3,1963.0,rural,good,no,9495,351547
1244,2,4,1,1999.0,suburb,good,no,10261,252074
1365,1,1,3,1969.0,suburb,poor,no,10816,261495
1010,5,4,1,1999.0,suburb,good,no,4330,220615
1277,6,1,3,1982.0,beachfront,poor,no,8920,466905
1688,1,3,0,2008.0,downtown,good,no,4289,233776
1878,4,3,2,1992.0,downtown,good,no,7145,353898
1038,6,4,2,1961.0,suburb,fair,no,9920,276092
1934,1,4,0,1989.0,rural,excellent,yes,4923,310363
2177,6,2,1,1969.0,beachfront,poor,yes,9678,649067
1706,6,4,1,1987.0,downtown,excellent,no,3504,275132
2438,6,2,1,1952.0,rural,good,no,11429,396075
1113,5,3,0,1977.0,rural,fair,yes,6006,242606
877,4,3,1,2005.0,downtown,fair,no,4918,184478
610,3,1,0,1962.0,suburb,excellent,yes,3693,160913
2248,3,3,3,2015.0,suburb,poor,no,6261,381735
1827,1,2,3,1986.0,beachfront,fair,no,2277,473010
1472,6,4,0,1998.0,downtown,good,no,6354,274392
1639,1,1,2,2015.0,rural,good,no,11298,219869
937,5,2,3,1985.0,suburb,good,yes,7433,171692
2722,5,4,1,2003.0,rural,fair,no,4467,492473
1564,2,1,0,1975.0,suburb,fair,no,8678,280783
1554,5,3,1,2021.0,suburb,fair,no,8413,298990
1862,2,2,1,1989.0,rural,fair,no,13869,252667
1740,4,4,2,1992.0,rural,good,no,10372,300247
1611,1,1,1,1971.0,rural,good,no,8916,219900
1104,4,1,2,1969.0,downtown,fair,no,10715,250895
1735,5,3,3,1957.0,suburb,good,no,7596,307738
2441,4,4,0,1978.0,downtown,good,no,7773,373577
2172,4,3,1,1989.0,suburb,excellent,yes,12976,371693
2296,4,3,0,1979.0,suburb,excellent,no,3093,365195
1244,5,4,1,2004.0,suburb,excellent,no,10903,286112
1005,6,4,0,1965.0,suburb,fair,no,7667,188705
1437,4,4,1,1995.0,beachfront,poor,no,7125,418573
1527,2,2,1,2011.0,downtown,good,no,6341,189462
2047,5,4,1,1956.0,suburb,fair,no,8461,361126
653,4,1,1,1994.0,suburb,good,yes,7869,126092
2264,6,3,1,2008.0,downtown,good,no,6755,361732
1420,5,2,1,2005.0,downtown,excellent,yes,5892,303676
1286,3,4,1,1997.0,beachfront,excellent,no,2284,447917
993,6,2,1,1976.0,rural,good,no,5828,213103
672,2,4,1,2002.0,beachfront,good,no,6463,366729
1911,4,2,0,2022.0,beachfront,good,no,8453,546526
1536,3,3,2,1984.0,downtown,poor,no,13889,245714
855,3,3,1,2000.0,suburb,good,no,6152,132073
852,5,1,2,1986.0,suburb,poor,no,4928,212339
1332,3,1,1,2006.0,suburb,good,no,5856,246691
2334,2,4,1,1957.0,suburb,good,no,8460,380192
1370,2,3,0,1969.0,suburb,good,yes,9765,200105
748,1,2,3,2002.0,suburb,good,no,10185,155438
1377,2,2,3,1961.0,suburb,good,yes,10483,218885
1363,6,2,0,1998.0,downtown,excellent,no,10907,261390
151,3,1,2,1966.0,suburb,fair,no,7163,106058
1472,2,2,3,2013.0,suburb,good,no,14159,235974
1384,5,1,0,1991.0,suburb,good,yes,6935,210410
1848,1,1,0,1978.0,downtown,good,no,8328,255623
2424,3,4,3,1968.0,rural,excellent,no,11887,438428
2063,1,2,2,1960.0,downtown,fair,no,9699,337091
1365,3,2,0,1999.0,suburb,good,no,1277,230883
946,5,3,1,2020.0,rural,good,no,8016,181627
2786,1,4,2,2007.0,suburb,excellent,no,10585,452460
1529,4,3,2,1983.0,downtown,fair,no,3969,253876
1506,6,4,3,1969.0,suburb,good,no,10252,310069
1487,6,2,3,1999.0,suburb,good,no,9170,276112
1599,3,1,1,1959.0,rural,fair,no,11551,247920
1427,4,1,0,1981.0,rural,good,no,5924,234925
1213,1,1,3,2001.0,suburb,good,yes,10987,195687
1226,4,1,3,1964.0,suburb,good,no,8478,237435
1483,4,1,2,1952.0,downtown,excellent,yes,13298,279513
1228,1,3,3,1986.0,downtown,good,no,16358,98549
1143,5,4,3,1989.0,suburb,good,no,12614,212220
1553,4,2,3,2021.0,suburb,good,no,9441,276202
1372,4,3,3,1989.0,suburb,poor,yes,14963,305951
2251,5,4,2,2005.0,downtown,fair,no,9810,365249
174,4,1,1,,downtown,good,yes,5276,75983
2045,4,4,1,1960.0,suburb,good,yes,7882,396600
2123,4,4,0,2013.0,downtown,fair,no,10285,319060
463,6,1,3,1957.0,rural,good,no,10477,156269
1328,2,1,2,2005.0,downtown,good,no,4624,205131
1314,5,1,0,2009.0,suburb,fair,no,4719,231960
796,4,2,0,1959.0,beachfront,good,no,6976,335306
1111,6,1,1,1988.0,downtown,fair,yes,9603,209694
944,5,2,2,1977.0,suburb,excellent,no,9987,283257
2376,3,1,2,1998.0,downtown,excellent,no,8423,421733
1967,3,2,2,1985.0,suburb,good,no,5496,368102
2135,4,4,1,1962.0,suburb,fair,no,13210,380009
1860,6,3,1,1985.0,suburb,good,no,4783,295812
935,6,4,1,1975.0,suburb,excellent,no,11907,217098
1237,5,4,1,1953.0,rural,good,no,10216,272737
1744,5,1,1,2013.0,downtown,fair,no,11840,290998
888,6,2,3,1987.0,downtown,good,no,6666,237159
1856,5,3,3,1971.0,rural,excellent,no,7572,364530
1379,6,1,2,1951.0,suburb,good,no,8165,332411
1312,2,1,0,1980.0,rural,good,no,6570,204266
1855,6,1,2,1960.0,suburb,good,no,8675,315321
1722,3,4,0,1995.0,rural,good,yes,12737,277451
1319,5,2,1,2011.0,suburb,poor,no,4109,295917
2079,6,2,0,2018.0,rural,good,yes,6028,316997
959,6,3,2,2013.0,beachfront,poor,no,5702,351798
1807,5,2,2,,suburb,good,no,7716,333731
1796,2,2,0,1989.0,downtown,fair,no,7593,276122
1345,2,1,3,1973.0,downtown,good,no,10316,236981
1663,5,1,1,1993.0,downtown,fair,no,8101,332809
874,1,4,1,2009.0,downtown,good,no,8908,129522
1962,5,1,2,2011.0,suburb,good,yes,9195,298109
1407,5,1,3,1966.0,suburb,fair,yes,8736,337384
1238,2,1,0,2014.0,suburb,fair,no,10109,175783
2024,2,1,1,2006.0,suburb,fair,no,7633,296828
1147,5,4,3,2004.0,suburb,excellent,no,12939,270161
795,5,1,1,2002.0,downtown,good,no,15624,162715
721,5,3,3,2005.0,downtown,good,no,10118,171248
1803,2,3,3,1958.0,downtown,fair,no,8683,319933
859,5,3,2,1971.0,suburb,good,no,9873,221357
2377,5,3,1,1962.0,downtown,excellent,no,4696,401546
459,4,1,0,1997.0,downtown,excellent,no,8540,154448
2348,1,3,2,1967.0,suburb,good,no,5806,308126
1605,3,1,2,1989.0,rural,poor,yes,9529,303543
1451,1,4,0,1966.0,downtown,fair,no,5820,202464
1227,4,3,2,1964.0,suburb,poor,no,6965,275218
1699,3,2,3,1964.0,suburb,fair,yes,2384,304111
1481,5,3,3,2012.0,rural,fair,no,4480,266962
2051,4,3,1,1988.0,beachfront,fair,no,9064,572535
1557,5,1,1,1962.0,downtown,good,no,5393,315345
1575,2,3,0,1981.0,downtown,excellent,no,11191,275506
1318,6,2,1,1958.0,rural,good,yes,5138,231809
1471,4,1,3,1989.0,suburb,excellent,no,9359,261129
1653,2,1,0,1969.0,suburb,good,no,5714,267827
644,4,4,0,,suburb,fair,no,9156,135362
825,4,4,1,2012.0,suburb,good,yes,3395,191242
1871,2,3,3,1993.0,beachfront,fair,no,6640,455202
1585,3,4,0,1987.0,beachfront,good,no,5461,477779
1408,1,4,3,2009.0,rural,good,no,10649,227500
1509,5,4,3,2020.0,downtown,excellent,no,9386,266194
1673,4,1,3,1997.0,rural,fair,no,4302,283675
1230,5,1,1,1967.0,downtown,fair,no,7390,233063
1110,6,1,2,1965.0,downtown,excellent,no,5683,128467
1597,2,4,2,2004.0,rural,poor,no,10850,248511
1010,5,1,0,1988.0,downtown,good,no,11814,175225
1704,2,4,3,2017.0,downtown,good,no,3675,306583
648,5,1,1,2008.0,downtown,excellent,no,10480,128034
2014,1,1,3,2011.0,rural,excellent,no,5530,320646
1736,1,2,3,1962.0,suburb,excellent,no,7241,331668
1628,1,3,1,1955.0,suburb,poor,yes,8096,289030
1991,1,4,2,2009.0,downtown,excellent,yes,13449,345718
2332,1,2,3,1963.0,rural,good,no,4988,359803
2007,1,1,3,2003.0,rural,good,yes,10504,342340
579,2,4,2,1953.0,suburb,fair,no,4485,109833
860,4,1,1,1988.0,suburb,good,no,4278,168117
1187,5,3,0,2021.0,downtown,excellent,no,8085,240340
1513,1,2,2,1974.0,beachfront,excellent,no,8065,429040
1758,2,3,0,1981.0,suburb,good,no,496,328490
1137,2,2,0,2008.0,beachfront,poor,no,11478,385746
1593,2,1,2,2012.0,suburb,good,no,1582,287500
1122,4,3,3,1987.0,rural,excellent,no,7562,266968
1194,5,3,0,2002.0,rural,good,yes,11982,260049
796,4,1,0,2016.0,suburb,good,no,14627,117132
1038,3,3,1,1977.0,beachfront,poor,no,6910,404046
824,2,4,3,1952.0,suburb,good,no,3701,184121
1012,3,2,0,1971.0,downtown,good,yes,11871,208555
2026,6,2,1,1987.0,suburb,excellent,no,10595,335501
1025,1,2,3,2021.0,rural,good,no,6533,159038
2816,1,4,2,2021.0,suburb,good,no,6152,472236
1746,4,2,2,2011.0,downtown,good,no,5847,289047
1592,5,1,1,2006.0,suburb,poor,no,6966,284809
1070,3,3,2,1955.0,suburb,excellent,no,8948,247776
1850,5,4,0,1981.0,suburb,good,no,6301,326066
1212,4,2,3,1959.0,suburb,good,no,6681,214996
1561,1,1,0,1952.0,rural,good,yes,9923,217821
2780,5,3,0,2008.0,downtown,good,no,3552,476981
1451,5,3,2,1998.0,suburb,good,no,6872,237655
2074,1,4,0,2008.0,downtown,good,no,2972,313679
1148,3,4,2,1980.0,downtown,fair,no,8325,222196
1482,1,4,3,2018.0,rural,good,no,2181,286274
2385,5,1,3,2011.0,beachfront,fair,no,10670,642776
1186,3,1,0,2001.0,suburb,good,no,4056,186478
2406,3,4,1,1990.0,rural,poor,no,2682,431252
1853,1,2,2,1980.0,rural,good,yes,6909,288964
1218,5,3,2,1971.0,rural,excellent,yes,13133,205628
1816,4,3,0,1953.0,downtown,excellent,no,10133,307238
1986,5,1,2,1962.0,beachfront,good,no,2233,601045
1810,2,3,2,1994.0,suburb,good,no,3970,306457
714,6,2,1,1991.0,suburb,poor,no,6813,172475
1136,4,3,1,1998.0,downtown,good,no,14715,264516
1376,3,1,0,1969.0,suburb,excellent,no,5183,193459
1462,4,1,1,2003.0,downtown,fair,yes,5207,225732
1810,3,2,0,1985.0,downtown,good,yes,12582,253024
1588,3,2,3,1950.0,suburb,excellent,no,8584,294379
832,4,3,0,1964.0,rural,excellent,no,11159,169794
1690,3,3,3,1966.0,rural,fair,no,5818,344782
1805,3,1,0,1973.0,suburb,good,no,7695,308054
1779,2,2,2,2007.0,rural,fair,no,11946,284725
2040,5,2,1,2021.0,rural,fair,yes,7565,361053
1916,5,2,3,1972.0,rural,excellent,no,11369,355931
1729,6,3,0,1995.0,downtown,excellent,no,9161,269197
1464,6,2,1,2021.0,suburb,good,no,4881,365909
669,2,1,0,1957.0,beachfront,poor,no,7951,335946
1714,6,1,1,2008.0,suburb,excellent,no,10944,328400
1603,4,3,1,2008.0,suburb,good,no,10008,303904
1635,1,4,0,1962.0,suburb,good,no,7879,276532
861,1,3,3,1988.0,suburb,good,no,2324,149933
959,1,4,3,1977.0,suburb,poor,no,2612,149912
2026,2,2,2,2010.0,downtown,good,no,3250,351883
1480,2,3,1,1965.0,suburb,good,yes,6468,258571
1840,3,1,2,1951.0,rural,fair,no,6868,291703
1514,1,2,2,1966.0,rural,fair,no,3573,289671
1514,4,1,0,1979.0,downtown,fair,no,11067,275900
1969,6,2,0,1962.0,beachfront,poor,no,4208,577244
1241,4,3,0,1962.0,suburb,good,no,3888,267907
1548,6,4,1,1992.0,suburb,excellent,no,8264,297856
1268,1,2,0,1970.0,rural,poor,yes,10921,209708
1282,1,4,0,2004.0,rural,poor,no,14164,226600
1345,1,2,1,1989.0,beachfront,good,no,9747,395004
1611,2,1,1,1964.0,suburb,excellent,no,12739,268271
1260,6,1,3,2022.0,rural,good,no,4363,267766
2127,2,2,0,2001.0,downtown,good,no,14479,310368
1052,2,4,0,2002.0,rural,good,no,2415,247329
1406,5,3,0,2001.0,rural,fair,no,6488,218681
1280,4,3,3,1979.0,suburb,poor,no,9681,208056
2223,4,1,0,1982.0,downtown,good,no,3184,412876
1598,3,3,3,2006.0,rural,good,no,5218,306097
2015,2,1,2,2001.0,downtown,good,no,4742,301471
757,6,3,3,1958.0,downtown,good,yes,7069,206768
1633,5,2,2,2003.0,rural,good,no,12264,348985
1944,5,1,0,1950.0,suburb,fair,no,8050,340692
1541,4,1,2,1993.0,rural,good,no,6610,359114
2032,2,2,3,1958.0,suburb,fair,no,652,288078
1241,3,1,1,1981.0,downtown,fair,no,9400,241964
2204,2,3,2,1964.0,rural,good,no,10370,395595
2649,1,3,2,1961.0,suburb,excellent,no,2899,444090
1318,2,1,0,2006.0,downtown,excellent,yes,7799,211569
1277,1,3,3,1957.0,rural,good,no,8579,207836
2226,1,4,2,2021.0,suburb,fair,no,10893,367224
2289,3,1,2,1976.0,suburb,fair,no,5825,407822
1238,6,2,2,2011.0,suburb,excellent,no,5373,273774
1289,4,4,2,1961.0,rural,good,no,6630,274551
1359,2,1,1,2014.0,rural,good,no,11853,198283
827,1,2,3,1991.0,rural,good,no,11131,142216
1040,2,3,0,2011.0,downtown,good,no,7935,147799
997,6,2,0,1960.0,rural,excellent,no,11059,197966
1116,4,4,1,1992.0,suburb,poor,no,893,242856
1482,6,3,3,1966.0,suburb,good,yes,10374,300539
1617,4,1,2,1981.0,suburb,excellent,no,4643,370755
2275,5,3,1,1989.0,rural,fair,no,13301,402052
1000,4,1,3,1972.0,rural,good,no,4807,206790
1992,3,1,2,2005.0,downtown,good,yes,5441,341985
1393,6,2,1,1955.0,suburb,excellent,yes,9687,254815
1475,1,2,3,1999.0,rural,poor,no,9976,244514
1837,5,2,0,1986.0,downtown,good,no,6661,359383
938,3,4,0,,beachfront,fair,no,9114,374119
1691,2,4,3,2003.0,suburb,good,no,9486,264846
1583,6,2,0,2021.0,suburb,fair,no,9179,269697
1746,1,4,3,1998.0,downtown,fair,no,6786,273393
1644,4,3,2,1960.0,downtown,good,no,9515,298815
2727,1,3,3,1998.0,beachfront,excellent,no,12219,669857
1181,2,4,2,1970.0,downtown,fair,no,4323,166935
1234,5,4,1,2015.0,rural,fair,no,5479,230505
1188,5,3,3,2012.0,suburb,good,yes,8081,247529
1222,6,1,1,1977.0,downtown,good,no,4831,193288
1181,5,3,0,1966.0,downtown,excellent,no,2589,202142
2094,6,3,2,1955.0,suburb,fair,no,11279,363703
2210,6,4,3,1968.0,beachfront,good,yes,1313,582620
1214,6,3,1,2005.0,suburb,fair,no,6792,252856
1083,4,4,2,1977.0,suburb,fair,no,10276,207633
1735,3,4,2,2015.0,suburb,good,no,8800,283591
1223,6,2,0,1987.0,suburb,good,no,6838,256288
1816,6,3,0,1986.0,suburb,good,no,4707,384092
1601,3,1,2,2017.0,rural,good,no,9031,329327
742,1,2,2,1998.0,suburb,good,no,5034,73616
2273,6,4,3,1992.0,suburb,good,no,8797,433262
2397,4,4,2,1985.0,downtown,excellent,no,8422,404209
1193,5,1,3,2007.0,beachfront,fair,no,8453,448604
1306,5,4,2,,downtown,fair,no,6079,243951
1642,2,3,0,2001.0,downtown,good,no,14105,269827
1667,2,2,3,,suburb,good,no,9074,289592
1829,5,4,1,1981.0,suburb,fair,no,7163,311981
2505,5,4,0,2009.0,suburb,excellent,no,8792,398858
1411,4,1,3,2007.0,suburb,fair,no,5676,253189
1100,3,3,3,2005.0,rural,excellent,no,6841,217027
810,2,4,1,1977.0,downtown,fair,no,15175,164469
1134,3,1,3,1950.0,rural,good,no,5697,240700
1483,4,4,2,1991.0,suburb,excellent,no,7766,257624
2397,5,1,1,1997.0,suburb,fair,yes,6631,423065
1241,6,1,0,1989.0,suburb,excellent,no,4881,275025
1611,3,3,0,2012.0,downtown,good,no,9263,306617
1491,5,4,2,2021.0,rural,excellent,no,8109,281885
2094,5,3,0,1953.0,suburb,good,no,10733,357472
2763,1,1,3,1987.0,suburb,good,no,10431,445183
1234,3,2,3,1976.0,suburb,fair,yes,10702,195608
1255,6,4,2,1958.0,beachfront,good,no,5245,452441
2022,3,2,0,1965.0,suburb,poor,no,9922,355637
1840,5,4,0,2005.0,beachfront,fair,no,9995,545258
2423,6,3,2,1980.0,suburb,fair,no,4936,425341
1791,4,3,1,1963.0,downtown,good,yes,7044,320181
1320,1,3,0,1974.0,downtown,good,no,3631,183260
1795,5,3,1,1983.0,suburb,fair,no,10008,345354
2054,2,3,0,2016.0,downtown,fair,no,9995,325765
1910,2,2,0,1973.0,downtown,good,yes,12291,298221
1753,1,3,0,2022.0,beachfront,fair,no,7313,462098
2033,4,1,0,1975.0,rural,poor,yes,9354,343063
2084,5,1,3,1969.0,rural,fair,no,10963,364163
2191,3,2,1,2013.0,downtown,excellent,no,5738,383394
1824,1,4,1,1959.0,downtown,excellent,no,5282,276741
1416,4,1,0,2016.0,downtown,good,no,5831,300188
1573,3,4,0,1973.0,rural,good,no,6952,309906
2103,2,2,1,1954.0,beachfront,good,no,5388,513703
1091,2,4,3,2016.0,suburb,good,no,5960,200741
1684,3,4,2,2007.0,downtown,good,no,10642,273080
1303,1,4,2,1976.0,suburb,good,no,7710,205650
1514,2,4,1,1964.0,suburb,fair,yes,8920,312172
2139,5,2,0,1984.0,suburb,poor,no,6347,361622
1595,6,1,0,2002.0,suburb,good,no,6150,310056
1523,3,3,3,1993.0,rural,excellent,no,8856,289689
820,3,4,2,1975.0,downtown,good,yes,8378,132981
1873,2,1,3,1996.0,downtown,excellent,no,10333,290297
1822,1,1,2,1983.0,beachfront,excellent,no,11904,457119
2581,5,2,1,1999.0,downtown,fair,no,5925,415570
1346,1,1,2,1961.0,downtown,good,no,10583,136399
1609,4,2,3,1953.0,downtown,good,no,4760,312687
1624,4,4,3,1997.0,downtown,excellent,yes,14221,360225
2288,6,4,3,2004.0,suburb,excellent,no,5641,422634
1452,2,3,1,1950.0,rural,good,no,10071,200311
1639,2,3,2,2015.0,suburb,fair,no,4738,256566
1803,2,3,2,1979.0,suburb,good,no,7543,286683
1593,6,1,3,1952.0,suburb,fair,no,12637,283422
1276,4,4,2,1970.0,suburb,good,yes,5546,267205
1597,1,2,0,1998.0,rural,excellent,yes,14612,273857
2036,6,3,0,2011.0,rural,good,no,7984,330736
986,6,2,0,1987.0,downtown,good,no,10927,229652
1566,1,2,2,1964.0,rural,good,no,9208,300704
1149,2,3,1,2001.0,suburb,good,no,9371,254426
2097,5,4,1,1995.0,beachfront,good,no,3721,655506
738,1,3,1,1974.0,suburb,good,no,6581,98640
1220,4,2,1,1970.0,beachfront,excellent,no,11587,512726
1688,3,3,0,1954.0,rural,excellent,no,6967,272573
2282,3,2,0,2019.0,downtown,fair,no,8416,354526
1467,6,2,3,1996.0,suburb,excellent,no,3357,304862
1222,3,3,2,2017.0,beachfront,good,no,6387,405838
2440,5,1,2,1967.0,rural,fair,no,11369,437971
775,2,3,1,1970.0,downtown,poor,no,4152,101647
400,4,1,0,1972.0,rural,fair,no,10151,92837
1720,5,2,1,2013.0,suburb,excellent,no,8533,351567
1248,4,2,3,2016.0,downtown,good,yes,7292,240488
989,4,1,2,1989.0,suburb,good,no,7160,202597
1854,2,2,2,1959.0,downtown,fair,no,6526,322357
1621,6,1,1,2001.0,rural,good,no,6794,343269
1217,3,1,3,2021.0,suburb,poor,no,10789,177893
859,2,2,2,2010.0,rural,good,no,6703,176385
1936,5,4,3,2013.0,downtown,good,no,13422,347355
1825,6,1,3,1954.0,suburb,fair,no,8898,353749
1450,5,3,1,2002.0,downtown,excellent,no,6271,304298
2423,6,3,0,2004.0,downtown,fair,yes,10920,387624
964,5,2,1,1986.0,downtown,good,no,9871,169220
737,2,4,0,2005.0,downtown,good,no,3037,72487
1154,6,2,3,2008.0,suburb,good,no,4896,231625
1477,6,4,0,2018.0,downtown,fair,no,7653,321462
1621,4,1,3,2022.0,suburb,poor,no,3249,294532
1379,4,1,2,2008.0,suburb,excellent,no,14271,216646
1676,1,1,2,1951.0,rural,fair,no,10466,256829
874,5,1,2,2014.0,beachfront,excellent,no,7960,346464
2221,4,3,1,2009.0,suburb,excellent,no,6971,344394
1458,1,3,1,2000.0,suburb,fair,no,6201,245364
2058,4,2,3,1979.0,downtown,fair,no,2107,328483
1671,5,4,2,1960.0,beachfront,good,no,2801,544029
1728,6,1,1,1988.0,downtown,excellent,no,13703,322066
1784,3,1,2,2021.0,downtown,excellent,no,12720,310167
1723,5,4,1,2012.0,downtown,good,no,6272,305098
1821,2,4,0,2013.0,suburb,good,no,10723,316335
2164,4,2,0,2010.0,downtown,fair,no,9519,388094
1598,4,4,2,2003.0,rural,excellent,no,9872,299751
1854,6,1,3,,downtown,excellent,yes,3724,370043
1455,2,1,1,2007.0,suburb,fair,no,2575,236887
2220,6,1,1,2005.0,downtown,fair,yes,11547,414266
1161,2,1,0,1983.0,downtown,fair,yes,2062,184013
2400,3,1,0,1980.0,beachfront,fair,no,7555,590066
1479,4,2,3,2001.0,downtown,excellent,no,6896,268610
784,4,1,3,1950.0,rural,good,no,6619,158883
1564,3,2,3,2004.0,suburb,poor,no,8943,258926
1159,1,1,2,1971.0,downtown,good,no,5967,207880
1920,6,3,0,1989.0,beachfront,excellent,no,9187,587318
1173,3,3,2,1950.0,downtown,good,no,8423,251083
1276,6,3,0,2014.0,rural,good,no,14296,213703
555,5,3,0,2012.0,downtown,fair,no,3843,171926
1273,4,2,1,2003.0,rural,excellent,yes,8087,226405
288,6,2,0,1991.0,downtown,excellent,yes,9294,121221
708,2,4,0,1970.0,suburb,fair,no,7230,99013
1880,6,1,2,1971.0,rural,poor,no,3988,356259
1892,5,3,0,1987.0,beachfront,poor,yes,11771,543211
1712,4,2,2,1957.0,beachfront,fair,no,9010,462261
1016,3,1,3,2011.0,rural,good,no,4199,215648
1476,5,1,0,1996.0,rural,excellent,no,9316,311778
1498,4,2,0,1966.0,downtown,good,no,13104,259460
920,6,3,2,1966.0,downtown,excellent,no,7891,248805
2251,1,4,3,1962.0,downtown,good,no,7993,356959
1938,1,1,1,1966.0,suburb,good,no,12704,331187
1389,2,4,3,1987.0,suburb,good,no,5088,176792
1513,4,3,2,1994.0,suburb,fair,no,13182,349513
1604,1,3,3,1955.0,downtown,good,no,10918,310463
479,3,4,2,1984.0,suburb,good,no,5227,103311
1376,4,3,2,1963.0,downtown,poor,no,5995,197237
1159,3,1,1,2021.0,suburb,good,no,6425,217490
999,3,4,0,,suburb,good,no,2499,136532
1359,1,3,2,1964.0,rural,excellent,no,8781,237195
2398,4,4,2,2003.0,rural,good,yes,5363,422046
1820,6,1,1,1976.0,suburb,excellent,no,8889,309757
1214,5,3,2,1962.0,downtown,good,no,4127,275729
1786,1,1,0,1980.0,suburb,good,no,10769,302067
