tv_budget,radio_budget,social_budget,email_budget,season,market_size,sales
304.2,54.1,57.0,2.7,Q4,medium,445.13
100.4,18.1,51.0,18.7,Q4,medium,254.8
141.2,20.8,16.9,14.5,Q4,medium,275.6
57.5,20.8,73.6,5.9,Q1,medium,227.03
82.6,9.5,19.6,19.2,Q4,medium,182.96
146.9,25.2,52.5,3.0,Q4,small,264.5
192.4,22.8,13.5,8.8,Q1,large,325.59
28.6,35.0,89.0,6.6,Q1,small,262.78
279.5,12.7,47.6,2.1,Q2,medium,346.08
91.5,1.3,74.8,17.4,Q3,medium,248.26
237.2,39.8,65.8,23.6,Q2,small,461.87
40.0,22.8,48.3,13.5,Q4,large,249.97
32.5,13.8,64.2,12.2,Q4,medium,173.22
318.6,49.6,44.3,11.6,Q3,large,510.1
63.0,43.8,18.3,5.8,Q3,medium,183.91
108.1,39.2,18.6,2.3,Q1,small,233.85
261.0,8.3,64.4,4.4,Q1,medium,382.72
99.4,5.7,26.7,3.3,Q3,large,172.07
164.9,39.2,40.7,0.8,Q3,small,280.48
96.3,36.4,58.4,19.0,Q2,medium,277.37
104.7,35.8,48.0,6.1,Q2,small,250.27
2.6,19.1,9.7,15.6,Q2,large,198.14
136.4,40.9,11.1,10.4,Q3,large,309.03
238.8,36.8,51.0,0.8,Q2,small,343.42
209.5,42.3,72.5,24.0,Q1,small,381.9
229.4,19.0,89.2,15.7,Q1,medium,396.72
130.1,26.5,93.8,10.4,Q3,small,362.75
234.3,17.9,59.2,17.2,Q1,small,346.96
169.1,45.0,70.4,21.3,Q2,medium,381.27
26.7,15.7,59.9,4.2,Q4,medium,184.56
111.1,6.3,22.2,0.1,Q1,small,175.9
44.2,24.2,19.5,10.9,Q2,large,197.19
209.6,29.1,47.9,4.8,Q4,medium,318.71
91.5,12.2,72.4,20.4,Q4,small,308.81
123.0,0.1,26.1,15.8,Q2,medium,158.22
337.0,2.1,43.8,6.5,Q2,small,344.84
112.3,33.5,64.4,16.2,Q4,medium,314.56
181.5,41.6,43.0,3.6,Q3,small,327.74
175.3,24.5,45.9,12.5,Q3,small,314.62
116.8,28.1,75.1,12.0,Q3,large,335.66
53.7,47.9,117.8469,0.9,Q2,medium,338.14
284.5,15.3,14.0,1.7,Q3,large,346.44
260.3,32.9,42.6,12.3,Q1,medium,397.0
154.6,17.8,95.7,2.7,Q4,medium,321.4
242.9,35.6,47.7,10.4,Q2,medium,382.09
28.7,13.1,25.9,13.3,Q1,small,188.66
207.1,7.0,59.5,20.9,Q1,medium,321.17
165.4,26.5,42.8,22.6,Q4,large,383.87
300.3,29.0,12.7,15.6,Q1,large,433.81
80.0,22.1,34.7,5.2,Q2,medium,231.84
95.9,0.7,64.2,5.6,Q2,medium,217.62
103.6,11.7,26.5,15.9,Q3,large,251.14
158.8,9.2,56.6,4.0,Q2,large,317.4
139.6,26.1,102.2,9.8,Q2,small,299.77
180.0,14.6,16.7,20.6,Q4,small,273.52
61.0,53.6,39.2,3.3,Q1,large,312.89
86.8,29.1,56.6,14.7,Q2,large,312.78
200.6,37.5,53.4,6.0,Q4,large,374.77
256.6,18.0,57.2,6.9,Q3,small,370.23
224.0,31.5,41.4,0.5,Q1,medium,324.47
11.7,23.6,60.1,10.6,Q1,small,178.19
152.1,25.6,34.9,0.7,Q3,medium,256.39
213.7,41.7,31.6,5.5,Q3,large,398.31
44.1,48.5,40.3,4.3,Q3,large,285.35
179.2,33.6,79.6,3.7,Q3,small,360.84
25.3,23.4,38.6,2.3,Q4,medium,118.37
143.0,10.5,84.4,2.9,Q4,small,313.02
304.8,31.0,7.5,3.6,Q2,small,387.22
98.0,8.6,73.8,1.7,Q3,small,213.21
213.8,29.1,75.0,2.2,Q4,small,369.87
138.4,15.5,42.7,12.8,Q4,small,236.95
230.0,6.2,94.4,2.5,Q4,large,394.31
315.3,28.1,44.7,7.1,Q3,medium,406.04
14.2,7.8,61.1,15.3,Q3,large,225.37
79.3,17.8,19.8,13.3,Q4,small,192.07
134.0,18.5,51.0,4.5,Q4,medium,219.15
227.2,26.3,23.7,10.7,Q4,medium,322.01
128.0,52.0,12.4,6.8,Q3,large,311.4
378.7,47.9,75.8,1.6,Q2,small,529.05
36.8,14.1,52.5,14.1,Q3,medium,205.13
190.5,11.2,75.5,14.5,Q1,medium,381.44
146.8,27.6,46.9,6.1,Q1,medium,271.11
163.2,26.3,3.0,12.8,Q3,small,261.69
186.8,12.6,55.2,9.2,Q3,medium,273.74
233.5,5.2,53.5,3.4,Q1,medium,322.85
72.0,13.8,32.2,16.9,Q3,medium,199.03
26.5,26.4,39.2,19.1,Q4,medium,167.94
67.5,9.8,57.0,6.8,Q4,small,219.37
84.7,26.0,37.4,12.3,Q3,small,209.25
311.9,14.2,51.5,0.5,Q4,large,419.99
51.9,28.8,47.3,9.3,Q4,medium,213.93
119.1,50.5,42.1,13.6,Q1,medium,319.34
238.0,18.7,36.0,2.1,Q1,medium,286.17
27.0,35.2,2.0,15.6,Q2,small,171.46
128.0,36.2,21.5,3.4,Q1,medium,225.59
135.1,6.2,38.0,10.0,Q1,small,237.85
49.6,13.5,3.9,3.6,Q4,small,112.67
106.0,26.3,20.5,5.8,Q2,medium,196.77
310.3,32.7,58.7,0.7,Q3,medium,430.01
229.3,3.1,29.2,8.9,Q3,large,362.53
213.7,26.9,61.2,18.0,Q4,medium,370.57
0.6,1.6,66.1,2.5,Q1,small,117.91
186.5,5.2,1.4,1.4,Q1,medium,201.78
280.1,14.6,95.1,20.8,Q4,medium,418.94
108.8,21.8,38.8,16.1,Q3,small,275.69
125.9,41.3,9.8,10.0,Q1,medium,244.86
50.9,24.1,69.2,5.3,Q3,medium,227.92
289.5,30.0,46.6,4.9,Q4,small,405.91
255.8,5.0,15.5,0.4,Q1,small,273.33
134.8,13.7,26.1,23.0,Q3,small,264.99
164.9,18.5,29.2,4.3,Q4,medium,305.25
174.0,18.8,71.1,2.0,Q4,large,350.66
204.3,36.1,32.3,16.4,Q3,medium,313.03
151.3,32.7,32.0,4.4,Q3,medium,285.25
167.5,40.6,55.7,8.7,Q3,large,389.79
50.4,16.6,36.9,22.4,Q2,medium,206.99
191.2,4.3,36.7,6.0,Q1,large,335.53
264.5,53.1,76.6,10.1,Q4,large,517.91
111.1,12.1,51.6,5.0,Q4,large,287.04
175.0,3.5,27.6,0.0,Q1,large,275.45
138.9,16.7,81.2,5.9,Q2,large,354.38
82.8,31.3,87.0,12.5,Q1,small,301.0
211.4,34.4,61.9,14.4,Q1,large,447.28
144.8,30.8,62.6,16.4,Q4,small,312.41
158.1,32.2,65.9,18.8,Q1,medium,346.77
343.5,40.0,41.8,3.4,Q3,small,446.95
235.4,14.7,77.5,17.8,Q1,medium,398.58
25.8,21.5,36.9,17.4,Q1,small,198.31
89.9,40.6,37.9,0.6,Q4,large,256.77
106.6,23.3,13.0,11.2,Q3,medium,221.4
92.8,27.8,18.2,9.6,Q3,small,246.76
108.3,65.2577,32.2,11.0,Q1,large,353.71
233.1,34.7,34.5,2.5,Q2,medium,308.54
242.6,12.1,38.1,9.6,Q1,small,342.74
304.7,44.0,95.6,6.5,Q2,medium,529.05
201.0,24.6,37.5,23.7,Q2,small,364.94
249.4,36.3,49.6,1.5,Q4,small,346.13
241.4,0.2,1.0,0.8,Q1,medium,220.98
119.8,16.6,25.7,8.4,Q1,small,231.54
89.3,44.6,15.5,6.6,Q4,small,209.46
325.7,5.0,73.4,0.7,Q2,medium,361.64
260.0,24.0,53.3,15.2,Q3,large,421.89
12.4,28.8,28.7,6.1,Q4,small,145.77
131.2,5.2,73.5,6.6,Q1,large,296.29
295.7,28.2,60.5,6.1,Q2,small,447.76
255.1,25.9,79.5,16.5,Q2,medium,437.29
110.5,33.7,52.0,9.3,Q4,medium,260.34
191.0,11.4,93.7,22.5,Q3,medium,368.79
91.5,36.0,2.9,15.8,Q4,large,247.16
88.8,18.4,51.2,8.0,Q4,medium,204.36
263.3,11.5,53.8,9.2,Q4,medium,355.72
118.6,42.2,21.4,5.9,Q4,small,263.38
210.4,31.6,55.1,6.8,Q2,medium,342.18
286.6,12.9,25.8,27.1,Q1,large,415.86
188.3,6.8,13.6,4.0,Q3,large,267.02
132.7,18.2,85.6,7.0,Q3,medium,334.68
375.7,37.0,45.1,0.2,Q3,medium,479.05
208.0,39.1,28.0,4.6,Q1,small,303.0
49.1,5.8,33.5,11.3,Q4,small,164.11
184.9,5.3,5.3,8.1,Q1,medium,235.51
280.3,30.9,90.9,9.7,Q2,small,460.58
182.2,52.6,13.3,23.4,Q4,small,306.33
253.3,17.5,41.1,0.0,Q3,medium,370.31
157.1,47.6,50.3,30.7,Q1,small,384.28
154.1,30.8,43.5,2.5,Q1,small,248.98
117.1,7.8,9.2,0.3,Q2,medium,174.98
5.4,5.8,88.9,7.6,Q1,large,205.06
147.3,20.3,6.4,14.8,Q4,small,230.48
226.8,38.0,37.5,6.9,Q1,medium,381.66
132.9,29.4,36.3,7.5,Q2,large,288.41
76.3,39.8,69.9,15.9,Q3,large,310.76
275.8,12.2,34.3,20.8,Q3,large,417.38
24.4,14.7,48.7,18.4,Q3,medium,194.18
117.7,25.2,88.2,29.7,Q3,small,348.05
32.5,16.8,38.9,14.7,Q3,medium,225.68
138.9,31.3,27.8,21.0,Q2,medium,296.36
149.4,18.5,71.9,2.5,Q4,large,332.54
184.5,29.8,39.5,6.9,Q3,medium,307.49
350.9,33.9,98.3,12.8,Q1,medium,539.7181
35.4,33.1,16.4,5.0,Q2,large,241.63
48.0,25.8,21.0,13.9,Q2,large,212.24
72.0,15.8,37.9,5.1,Q4,small,187.56
249.4,33.4,62.8,18.3,Q1,medium,431.58
94.3,22.5,46.8,13.4,Q3,medium,234.28
74.6,13.5,45.6,4.7,Q1,small,181.77
127.7,5.3,75.8,29.0,Q4,small,321.71
86.2,25.2,18.7,3.2,Q1,small,163.42
77.6,20.1,33.4,7.1,Q4,large,276.56
161.4,40.8,58.3,17.7,Q4,medium,366.38
234.8,12.5,44.0,4.3,Q4,small,316.26
264.2,42.5,69.0,2.3,Q4,medium,407.72
7.7,15.7,42.8,0.1,Q4,medium,149.21
250.5,31.7,86.7,14.9,Q4,medium,430.36
231.0,29.1,42.5,12.3,Q3,medium,372.41
123.7,29.7,71.8,11.8,Q2,medium,332.32
199.2,13.6,35.0,11.7,Q4,large,337.27
93.8,34.3,61.0,16.1,Q1,large,317.96
41.3,23.7,41.3,4.3,Q2,medium,140.82
133.7,4.6,37.3,26.3,Q4,large,300.27
138.6,20.0,69.8,0.9,Q1,medium,292.43
5.4,51.0,53.0,7.3,Q4,medium,206.64
188.4,5.9,36.0,17.1,Q4,large,345.54
301.1,12.9,40.1,7.2,Q4,large,471.7
198.5,20.6,63.3,9.7,Q3,large,415.61
165.5,28.2,42.1,2.4,Q4,medium,284.24
258.9,63.8,1.1,0.4,Q4,small,330.95
301.7,23.0,28.1,3.2,Q3,large,444.94
22.5,15.2,26.6,11.2,Q1,medium,131.3
59.9,15.4,87.8,12.3,Q3,medium,253.88
123.0,20.1,27.7,11.9,Q1,small,218.88
151.6,20.0,54.1,10.2,Q1,large,352.83
4.9,32.7,24.4,14.8,Q4,medium,148.66
220.8,35.7,42.9,21.0,Q4,medium,371.02
108.7,40.9,71.0,12.7,Q4,medium,300.65
181.3,18.4,64.8,21.8,Q4,large,409.15
114.8,40.9,74.2,9.5,Q3,small,317.32
296.0,45.1,37.0,19.3,Q3,small,438.04
102.6,15.7,55.2,2.0,Q3,large,277.71
141.8,57.3,8.6,7.1,Q2,medium,272.38
196.3,23.0,58.2,7.7,Q4,small,316.33
133.3,18.8,18.0,10.7,Q2,medium,221.29
112.2,47.7,32.0,11.4,Q2,medium,282.14
265.1,32.9,16.4,3.4,Q1,medium,328.14
127.0,40.6,66.5,11.1,Q4,small,285.21
125.1,26.7,78.4,5.7,Q3,small,280.19
149.5,41.9,3.8,14.4,Q1,medium,264.95
171.7,33.0,23.8,6.8,Q2,medium,273.6
162.1,5.6,33.7,8.0,Q4,small,284.81
2.5,14.8,41.4,7.3,Q1,medium,135.17
247.4,10.5,66.6,9.1,Q1,medium,374.23
109.7,12.9,35.1,1.5,Q1,medium,193.05
249.0,50.9,1.3,19.7,Q4,medium,407.55
180.0,38.2,48.4,18.1,Q3,small,340.68
170.7,17.7,1.7,19.9,Q3,small,238.27
17.2,34.0,31.6,21.2,Q3,large,243.81
74.5,30.5,71.9,6.1,Q1,large,341.7
77.9,18.6,23.9,5.2,Q1,large,220.84
118.2,27.0,59.8,15.9,Q3,medium,297.46
46.9,26.1,65.0,10.8,Q4,small,246.9
156.4,33.2,101.3,19.7,Q2,medium,363.26
313.9,16.1,58.2,6.2,Q2,medium,418.89
67.2,8.2,51.0,3.3,Q2,medium,190.16
275.9,5.7,34.6,25.0,Q3,medium,360.3
76.9,28.8,15.2,7.4,Q3,small,220.59
12.9,24.8,12.8,7.3,Q4,large,186.75
29.6,57.3,43.0,15.2,Q2,medium,237.44
88.3,35.7,48.9,7.5,Q2,large,298.58
50.9,19.9,59.4,14.3,Q2,medium,236.86
176.1,27.6,57.5,5.2,Q2,medium,341.79
96.4,38.8,8.5,15.1,Q4,small,239.53
281.8,22.2,38.1,5.8,Q1,medium,355.43
257.8,11.2,29.7,24.3,Q1,small,352.61
157.3,3.7,56.1,19.1,Q1,large,334.32
172.6,40.3,42.9,14.4,Q2,medium,307.16
57.8,41.9,25.2,15.4,Q2,large,294.17
142.1,15.3,27.8,17.2,Q2,medium,247.18
113.9,26.8,23.7,4.8,Q4,small,211.85
188.3,15.7,13.8,5.0,Q2,large,297.86
210.2,60.1,87.0,4.4,Q4,medium,385.83
116.8,16.6,53.4,2.3,Q2,large,327.13
268.4,28.6,19.4,13.6,Q1,medium,353.49
254.9,38.2,69.8,4.8,Q4,small,431.84
142.9,34.7,54.8,27.2,Q1,small,337.58
369.7,33.1,44.4,6.6,Q2,small,464.8
164.6,16.0,29.1,15.3,Q1,medium,292.15
180.7,34.9,25.7,10.3,Q3,medium,277.09
183.3,39.1,84.1,12.4,Q2,large,442.15
193.0,30.6,55.2,10.7,Q3,large,373.7
24.0,1.1,55.0,12.2,Q4,medium,162.33
143.6,2.9,20.6,3.7,Q1,medium,216.75
68.8,25.9,29.9,1.8,Q4,small,182.73
145.1,2.3,48.8,8.0,Q1,large,263.25
234.9,20.6,80.2,0.6,Q2,medium,345.41
235.0,42.5,75.0,0.6,Q2,medium,355.71
178.6,27.6,63.6,3.6,Q3,medium,331.59
195.2,4.2,50.5,13.9,Q1,medium,337.42
12.6,4.2,71.5,6.6,Q3,large,223.5
117.9,40.5,86.6,11.2,Q3,medium,321.45
60.1,23.0,68.4,19.8,Q4,small,258.89
20.3,38.9,65.5,1.1,Q2,small,206.51
127.7,21.6,51.5,24.7,Q2,medium,304.72
229.2,7.5,39.8,20.0,Q1,medium,311.52
159.9,52.3,34.5,14.4,Q3,medium,327.43
37.0,20.2,77.5,21.7,Q3,large,288.8
191.1,5.6,44.4,9.6,Q2,large,334.68
216.6,35.9,21.6,2.7,Q3,medium,310.39
309.5,40.3,50.1,19.9,Q4,small,487.31
52.3,45.7,55.0,2.4,Q2,medium,227.35
100.1,17.8,39.9,15.1,Q3,large,321.11
93.3,0.4,24.3,0.1,Q1,medium,161.66
231.8,32.8,72.0,13.6,Q4,large,481.26
37.5,29.0,70.2,3.0,Q4,small,169.2
185.0,10.0,1.6,0.2,Q4,medium,226.89
149.8,15.5,53.4,9.6,Q2,small,295.61
88.5,14.6,57.0,11.3,Q1,medium,218.2
113.6,30.6,73.4,8.0,Q3,large,351.98
61.8,26.2,10.8,18.6,Q3,small,194.73
132.4,32.4,32.1,18.0,Q4,medium,304.46
149.2,2.2,71.0,16.8,Q4,small,264.45
87.9,28.2,57.0,7.6,Q3,small,235.64
19.7,25.0,50.5,15.3,Q4,medium,202.15
253.3,55.4,101.3,10.1,Q1,medium,479.26
163.7,15.5,88.5,1.1,Q2,large,368.06
197.5,19.1,27.3,11.3,Q1,large,342.83
130.5,32.4,54.8,7.0,Q2,small,275.37
213.7,25.7,25.1,1.4,Q2,small,280.13
11.7,18.8,57.4,3.6,Q4,small,148.52
135.4,11.4,80.6,10.9,Q4,small,291.22
87.3,30.4,39.8,23.6,Q2,medium,246.22
88.6,13.7,51.4,7.5,Q2,medium,232.65
233.9,27.3,4.6,21.5,Q3,small,316.42
21.7,45.4,48.0,15.0,Q4,small,204.25
244.3,0.9,39.4,14.6,Q2,medium,320.76
82.7,29.1,52.6,4.7,Q2,small,243.76
114.3,9.9,31.9,8.7,Q2,small,213.5
156.7,31.4,22.2,8.0,Q3,medium,276.95
159.2,61.6,74.6,21.7,Q2,large,443.28
208.2,0.0,19.1,19.7,Q2,medium,292.71
54.4,10.8,19.3,13.8,Q1,small,175.57
59.9,3.9,49.8,6.6,Q4,medium,191.4
173.3,50.9,110.7,1.5,Q3,medium,372.23
104.7,2.4,50.6,1.5,Q3,small,200.4
117.5,14.2,29.3,20.4,Q4,medium,223.99
32.9,34.8,29.0,20.9,Q2,large,255.58
164.9,28.6,56.9,4.2,Q3,small,318.18
71.1,16.2,62.4,14.8,Q2,medium,230.58
251.4,25.6,29.0,21.8,Q3,medium,374.17
32.6,34.8,5.5,4.1,Q2,medium,148.28
61.4,18.0,36.8,1.1,Q3,medium,175.8
89.9,18.2,84.7,6.6,Q2,medium,228.11
213.7,28.5,29.6,8.3,Q1,medium,314.02
102.6,45.9,41.0,12.3,Q3,large,342.09
5.0,16.0,5.1,2.3,Q2,small,85.44
186.5,13.4,51.5,16.5,Q3,small,313.58
176.6,27.5,29.0,0.9,Q3,large,331.85
85.3,17.7,43.3,18.0,Q3,medium,258.64
211.2,24.1,27.9,15.5,Q1,small,333.14
268.9,27.3,6.5,3.1,Q2,large,391.61
90.4,10.6,37.8,1.3,Q3,medium,177.9
121.6,2.8,93.0,13.7,Q3,small,291.95
110.7,0.7,75.6,1.8,Q4,medium,236.3
149.9,22.0,51.2,5.4,Q3,small,295.43
197.6,8.2,28.7,4.9,Q3,medium,249.88
264.8,30.5,37.8,1.8,Q4,medium,351.19
119.4,36.7,70.6,16.7,Q3,medium,340.02
205.9,25.9,45.2,23.0,Q3,small,360.9
313.0,61.4,37.4,5.9,Q4,small,438.34
176.1,32.5,36.3,7.1,Q2,large,385.03
21.9,22.4,44.0,9.7,Q3,large,203.4
70.4,30.9,109.6,1.8,Q2,large,337.97
158.1,19.6,24.8,13.7,Q4,small,287.08
364.0,31.0,41.2,2.1,Q3,small,474.26
152.7,23.6,50.7,13.6,Q2,large,360.72
184.2,18.3,73.3,11.0,Q1,small,337.37
292.6,30.5,106.4,20.5,Q1,medium,517.18
315.5,26.1,72.5,4.9,Q4,large,481.03
299.0,28.9,21.4,7.2,Q4,large,394.18
201.8,46.6,62.0,11.6,Q3,medium,386.58
118.4,39.0,70.6,4.1,Q4,medium,293.28
280.4,16.9,37.9,1.8,Q3,medium,347.11
234.0,11.8,22.6,2.4,Q2,medium,268.0
49.9,19.2,55.0,2.4,Q3,medium,189.58
150.8,28.5,55.2,5.8,Q4,large,347.48
137.8,3.3,51.0,10.9,Q3,medium,286.28
46.1,16.8,4.8,8.3,Q1,medium,119.47
101.1,23.6,55.3,22.5,Q3,medium,288.61
150.3,2.7,74.3,17.2,Q1,large,339.16
117.7,0.7,60.7,13.6,Q1,medium,194.78
200.4,24.4,30.0,19.3,Q3,medium,307.56
63.7,16.6,55.4,20.7,Q1,medium,269.35
111.8,36.7,71.3,9.3,Q2,small,283.98
72.1,35.4,47.0,21.7,Q3,small,263.85
14.5,19.2,44.9,17.4,Q2,medium,221.92
107.6,1.7,44.6,2.8,Q1,medium,218.14
84.0,17.8,54.5,7.2,Q4,small,229.05
217.2,26.8,26.2,4.1,Q4,small,305.56
183.8,13.6,74.6,6.5,Q4,large,397.71
177.4,31.2,57.2,1.6,Q4,small,309.18
158.8,14.5,63.8,26.4,Q3,small,343.17
89.9,23.3,36.2,10.7,Q3,medium,204.48
39.6,37.7,59.9,8.5,Q1,large,267.47
180.4,11.9,62.4,1.0,Q4,medium,303.11
22.2,25.2,68.2,10.1,Q3,small,185.7
71.1,32.8,38.1,4.0,Q3,small,188.99
208.3,26.8,28.6,10.1,Q4,medium,315.69
107.0,38.1,28.3,1.7,Q3,large,255.99
236.4,14.9,40.4,15.9,Q2,medium,340.22
255.7,20.9,58.3,12.7,Q1,large,402.19
138.3,8.7,48.6,5.2,Q1,large,281.63
251.8,13.1,64.2,11.2,Q3,medium,393.11
47.1,7.7,55.8,11.1,Q1,medium,187.68
1.9,10.8,46.8,18.9,Q4,medium,135.5
126.2,24.5,79.3,11.1,Q3,large,354.98
283.0,3.8,25.4,13.0,Q4,medium,355.49
123.3,12.6,65.8,22.1,Q3,medium,298.4
249.7,27.4,77.2,1.1,Q2,medium,405.45
215.8,28.5,35.2,15.0,Q2,medium,336.56
240.7,20.3,76.0,5.8,Q2,large,417.98
87.5,28.3,57.1,6.8,Q4,large,300.1
227.4,30.0,9.9,19.1,Q3,small,340.05
49.7,29.8,51.1,19.4,Q4,small,231.12
181.2,23.0,62.7,2.5,Q1,medium,322.87
204.2,7.6,69.3,9.7,Q2,small,325.15
149.6,25.8,117.8469,5.2,Q4,large,392.16
306.0,55.1,51.9,13.6,Q2,medium,463.35
278.6,36.7,47.8,10.0,Q1,large,459.86
190.3,32.6,39.0,10.8,Q2,medium,318.79
61.0,48.6,65.2,3.3,Q2,medium,239.12
77.0,22.4,74.9,9.4,Q1,small,245.84
142.2,18.0,34.5,7.0,Q1,large,275.62
259.4,6.6,43.8,26.1,Q1,medium,375.5
132.0,15.0,76.3,16.0,Q3,medium,316.76
54.1,16.1,63.0,10.5,Q3,large,270.9
232.5,43.4,13.5,8.1,Q2,small,302.14
319.2,13.5,1.1,3.5,Q1,medium,336.64
2.0,16.5,56.5,3.0,Q2,large,180.67
99.6,7.2,18.7,13.2,Q1,small,158.73
244.8,10.4,57.3,10.9,Q1,large,440.29
168.4,25.5,79.3,15.3,Q1,medium,358.27
260.4,6.0,67.2,2.1,Q1,medium,331.12
86.5,10.0,53.6,12.0,Q2,small,225.37
80.7,11.2,51.1,14.7,Q4,medium,227.78
151.5,30.8,59.3,5.8,Q2,large,340.79
110.8,7.9,56.3,16.5,Q1,medium,257.67
136.0,21.9,70.2,2.6,Q3,medium,288.47
122.8,23.8,28.5,2.2,Q2,medium,192.44
78.3,39.8,29.0,15.2,Q4,medium,194.49
124.2,29.6,45.2,7.0,Q3,large,291.56
136.5,34.3,28.2,20.9,Q1,medium,272.34
186.8,31.9,38.1,7.3,Q4,medium,318.92
144.3,8.6,22.1,25.0,Q4,medium,278.79
50.0,2.9,61.1,6.8,Q4,medium,189.85
54.2,28.7,23.9,14.2,Q1,medium,178.14
165.6,22.8,38.2,12.6,Q4,medium,280.38
52.2,27.5,32.9,9.7,Q1,small,166.04
44.0,41.0,50.9,11.3,Q3,medium,226.02
211.4,23.3,81.8,1.3,Q1,small,353.66
136.5,12.9,37.3,17.8,Q1,small,297.07
214.4,26.2,19.5,5.4,Q3,small,283.42
166.1,18.9,41.1,1.3,Q4,large,327.37
57.9,52.0,65.6,10.6,Q4,small,279.43
51.1,56.4,86.5,5.6,Q3,medium,266.52
230.6,23.5,16.3,17.7,Q3,small,320.63
221.6,19.4,30.6,5.0,Q2,large,333.53
121.3,34.1,58.0,6.6,Q3,large,362.08
57.3,39.0,21.2,19.8,Q3,small,228.06
209.6,27.5,46.8,17.5,Q4,large,377.89
5.7,11.3,17.8,13.7,Q3,medium,138.23
121.5,17.2,45.2,13.7,Q4,large,326.82
255.9,20.1,59.0,25.0,Q4,medium,432.4
141.7,19.7,78.1,23.9,Q2,medium,343.67
107.8,0.0,13.5,7.0,Q1,small,166.59
84.1,38.0,63.3,14.2,Q3,small,283.54
153.3,45.0,80.8,12.4,Q1,small,363.54
250.1,27.5,60.6,0.0,Q2,small,372.3
160.6,34.8,52.9,4.2,Q4,medium,282.24
202.1,26.0,41.7,25.5,Q2,medium,372.7
215.9,12.6,7.8,9.2,Q2,small,263.34
274.8,22.7,12.4,12.4,Q1,small,363.15
73.9,4.9,65.2,11.4,Q1,medium,210.16
228.0,37.3,39.2,6.3,Q4,medium,360.92
236.0,51.9,67.7,15.4,Q3,medium,456.18
10.3,5.4,6.4,27.2,Q1,small,137.31
117.2,29.9,66.5,10.8,Q2,medium,303.08
193.6,49.9,26.6,10.9,Q3,small,346.3
144.4,23.0,48.9,13.3,Q1,medium,274.73
198.7,45.9,40.2,5.9,Q1,small,313.79
205.7,45.6,76.4,10.4,Q4,medium,430.81
141.8,15.4,63.1,11.7,Q4,small,288.18
95.9,4.8,6.4,3.7,Q3,medium,172.5
127.9,29.0,15.1,8.2,Q3,medium,254.18
45.7,29.6,96.4,15.9,Q1,medium,259.71
28.6,15.0,57.3,3.5,Q3,medium,146.1
204.2,48.0,51.6,13.4,Q3,small,380.31
225.9,47.4,30.2,11.2,Q1,medium,355.63
48.2,56.1,37.8,4.6,Q3,medium,207.84
190.1,26.6,68.3,24.5,Q4,medium,323.79
171.9,19.6,52.3,17.8,Q2,medium,326.98
24.4,31.5,41.1,8.3,Q1,large,226.04
315.0,41.5,2.4,1.1,Q2,small,409.9
129.2,31.8,52.5,16.0,Q4,small,308.75
184.1,32.8,35.9,2.1,Q2,small,299.52
177.3,10.6,13.7,10.0,Q4,large,293.34
155.0,39.2,26.0,12.9,Q2,medium,268.03
193.5,17.4,50.5,6.2,Q2,medium,330.73
279.4,38.6,86.0,4.9,Q4,medium,465.49
321.8,6.4,5.4,9.2,Q2,medium,345.96
169.0,48.0,54.3,9.5,Q1,medium,298.52
177.7,24.1,50.4,7.2,Q1,medium,319.48
319.9,19.9,84.3,30.7,Q2,small,438.91
147.5,25.6,92.8,14.0,Q3,medium,319.81
75.6,9.7,44.1,20.5,Q3,large,278.45
106.5,10.0,48.6,10.6,Q3,medium,220.53
141.0,1.0,47.9,27.0,Q1,large,345.44
102.2,27.6,26.9,12.7,Q1,medium,221.71
263.1,41.6,50.0,13.5,Q2,medium,398.67
94.2,26.7,90.3,27.0,Q1,medium,305.95
40.0,29.5,3.8,8.8,Q1,medium,120.76
151.1,8.0,80.2,4.3,Q1,medium,311.23
217.4,25.0,48.9,21.0,Q3,medium,378.63
212.6,21.0,29.3,13.3,Q4,medium,311.41
125.8,31.5,7.3,20.2,Q3,medium,224.2
142.5,1.9,68.5,2.5,Q4,large,292.0
151.9,17.3,81.8,1.8,Q1,small,269.22
57.3,25.3,82.1,8.6,Q3,large,300.67
124.0,3.5,78.6,17.9,Q4,medium,300.88
55.5,35.0,24.6,0.4,Q4,small,161.18
25.5,29.6,23.0,17.6,Q2,small,148.89
283.2,19.4,49.9,2.2,Q4,large,413.62
98.5,4.5,71.2,21.0,Q2,large,294.4
164.9,24.9,42.9,11.6,Q3,large,331.7
171.7,56.3,31.4,15.7,Q4,medium,356.81
177.2,31.6,55.1,13.2,Q4,medium,314.98
226.3,23.0,16.6,14.0,Q2,medium,313.17
79.9,10.9,30.2,4.2,Q1,medium,176.43
182.2,29.1,55.7,21.7,Q4,medium,352.8
178.6,1.8,86.9,5.3,Q3,medium,297.21
189.1,34.4,89.2,15.4,Q3,large,444.59
144.4,24.3,61.5,11.8,Q2,large,340.91
177.4,44.4,1.1,6.9,Q4,medium,257.9
201.3,8.9,69.4,14.5,Q4,large,395.78
194.9,32.8,48.4,0.2,Q3,small,297.81
162.9,32.5,63.8,2.9,Q4,small,328.83
341.7,52.9,27.0,3.9,Q1,large,481.0
50.7,38.7,56.9,10.3,Q1,large,284.24
116.8,25.0,76.1,15.1,Q2,small,267.09
154.8,0.7,29.4,8.3,Q1,large,264.35
100.1,11.1,76.0,4.2,Q2,medium,219.31
105.0,31.6,22.6,19.2,Q2,large,313.1
37.0,23.6,80.9,24.0,Q2,small,229.98
76.9,39.5,43.9,6.1,Q2,medium,253.62
105.3,7.4,23.2,4.2,Q4,large,247.16
131.4,17.6,66.2,9.4,Q1,medium,262.76
151.9,44.4,35.5,12.8,Q4,medium,286.14
47.3,27.4,19.8,4.8,Q3,small,148.89
71.1,22.4,24.9,13.2,Q4,large,230.77
151.8,6.7,12.5,18.9,Q4,medium,233.52
174.0,14.7,43.0,8.9,Q3,medium,270.04
155.3,11.8,26.4,3.5,Q1,small,231.34
55.0,46.5,15.1,12.7,Q1,large,251.71
119.6,43.1,78.0,2.3,Q3,small,332.75
150.8,21.4,73.2,12.2,Q3,medium,328.57
164.8,25.0,75.7,12.1,Q3,large,369.69
192.3,28.0,45.4,3.5,Q3,small,317.5
121.1,27.3,20.2,6.3,Q4,medium,207.27
133.2,25.4,17.8,4.9,Q2,large,255.18
130.0,33.9,60.9,19.7,Q4,large,375.82
175.3,21.9,103.2,5.0,Q4,small,379.49
165.8,0.1,84.0,11.8,Q1,large,370.33
87.5,11.1,60.4,5.2,Q1,large,279.64
139.8,24.9,56.4,9.2,Q3,medium,312.39
262.5,48.9,38.3,17.9,Q3,small,422.08
203.1,43.0,65.7,22.6,Q1,small,397.79
52.6,3.5,27.9,15.9,Q2,medium,164.81
199.6,18.4,11.1,9.4,Q4,medium,251.41
123.7,10.0,26.1,7.5,Q3,small,207.29
319.9,29.7,40.4,10.2,Q4,small,438.31
242.1,25.3,12.3,4.3,Q2,small,297.96
178.9,19.7,70.8,10.3,Q4,small,343.35
208.0,27.1,24.1,10.0,Q2,medium,347.91
305.0,27.7,68.8,8.0,Q3,medium,408.89
173.3,18.1,62.6,17.3,Q1,medium,302.44
23.2,31.6,44.9,0.6,Q3,medium,203.53
177.7,43.5,54.7,15.4,Q4,medium,398.95
174.4,46.5,63.4,19.8,Q4,large,408.92
180.1,15.5,41.2,8.1,Q3,small,275.04
87.4,47.5,89.0,12.9,Q4,medium,343.21
203.4,45.0,10.2,14.9,Q3,small,353.27
197.1,12.7,33.6,21.7,Q4,medium,317.58
47.0,39.5,44.9,2.1,Q3,small,207.93
100.0,23.0,99.4,8.6,Q3,medium,271.5
155.5,47.6,23.4,13.2,Q1,small,289.93
146.2,23.2,88.3,11.0,Q4,small,316.15
33.0,43.3,28.6,19.6,Q1,medium,212.72
158.4,30.2,69.1,0.3,Q3,medium,326.95
137.1,18.5,39.5,13.1,Q4,small,272.27
84.7,11.0,14.9,12.3,Q2,small,172.17
118.9,10.4,76.8,6.3,Q1,medium,244.22
72.0,18.7,39.3,21.6,Q2,large,284.21
160.8,18.6,24.7,10.1,Q4,medium,244.61
56.2,30.5,36.3,9.6,Q4,medium,222.75
156.2,21.9,13.2,7.1,Q3,large,290.06
187.6,45.9,31.9,21.7,Q3,medium,373.06
61.9,27.9,45.4,6.7,Q1,medium,231.32
70.5,31.3,54.4,11.0,Q3,small,260.75
223.7,21.8,73.1,7.8,Q3,large,429.92
183.5,47.4,56.4,14.5,Q3,large,399.34
284.7,13.1,28.0,8.2,Q1,medium,335.59
160.8,12.0,62.2,7.8,Q3,large,331.31
163.2,12.4,16.7,21.0,Q2,medium,255.5
204.6,22.7,52.1,13.8,Q1,small,332.9
69.8,18.2,57.4,13.8,Q1,small,243.35
133.8,14.1,73.4,2.9,Q3,medium,302.38
220.4,12.6,66.4,13.7,Q2,medium,337.43
188.2,20.9,31.0,4.0,Q4,medium,290.63
42.7,62.0,83.0,16.4,Q2,medium,324.4
120.9,13.4,31.4,13.4,Q4,medium,219.2
219.9,32.1,23.7,5.9,Q1,medium,301.59
179.1,35.2,69.0,11.6,Q2,small,363.16
200.5,32.9,57.7,13.5,Q4,medium,341.33
44.9,30.1,42.3,17.8,Q3,large,288.69
221.3,24.4,65.7,8.4,Q2,medium,357.46
87.8,27.8,38.9,18.0,Q2,small,265.69
120.8,13.6,49.2,23.7,Q4,medium,312.78
61.0,2.9,79.4,17.4,Q1,small,239.84
98.7,27.2,53.2,6.7,Q2,small,251.25
75.9,49.7,30.6,18.0,Q3,medium,233.19
193.0,16.6,36.0,19.4,Q3,small,323.12
298.5,18.4,92.4,18.0,Q1,small,453.5
292.2,54.6,29.9,1.3,Q2,small,381.27
51.6,27.8,44.2,5.2,Q2,medium,190.4
128.2,0.9,20.2,4.8,Q3,small,208.5
60.5,58.1,3.1,2.0,Q3,medium,173.75
176.9,24.1,33.0,5.2,Q2,medium,304.89
109.9,17.9,32.0,10.4,Q3,medium,257.5
238.6,4.2,46.7,4.3,Q2,large,392.74
170.4,25.6,1.2,12.7,Q3,medium,239.06
10.6,32.6,44.5,9.6,Q4,small,196.46
101.0,37.8,25.0,12.8,Q3,small,261.75
186.1,23.0,51.0,19.5,Q4,medium,320.57
105.7,30.2,10.8,13.1,Q2,small,236.36
195.2,25.7,76.2,7.1,Q4,medium,345.22
8.4,22.8,49.9,1.6,Q1,medium,167.18
109.0,17.4,72.1,9.0,Q2,medium,285.83
239.0,24.4,34.1,5.6,Q2,medium,304.63
55.4,27.5,51.0,14.2,Q2,medium,243.39
132.0,10.6,12.5,19.7,Q2,medium,224.54
254.5,27.9,23.0,8.3,Q3,large,393.69
124.5,23.3,14.9,7.8,Q4,small,223.98
176.2,5.2,24.1,7.3,Q2,small,240.64
224.5,19.6,17.6,6.5,Q1,large,309.77
27.3,36.3,84.8,11.5,Q3,medium,254.97
136.5,13.4,8.5,19.5,Q2,small,209.16
266.3,2.6,28.2,24.6,Q2,large,438.97
133.0,9.6,47.1,20.5,Q2,large,303.68
233.6,15.2,83.6,10.7,Q4,medium,418.54
97.2,27.1,48.8,18.9,Q4,large,332.47
140.2,33.7,76.0,8.8,Q3,medium,324.8
337.8,33.5,77.5,6.6,Q3,medium,465.75
227.2,6.4,46.0,17.9,Q3,medium,336.75
220.2,31.1,22.4,18.4,Q4,large,387.11
201.8,15.2,66.7,10.7,Q4,large,381.86
137.7,23.0,25.9,7.9,Q2,medium,228.85
184.4,35.4,48.5,3.2,Q4,large,359.34
112.9,5.4,30.7,3.4,Q2,large,264.27
0.3,7.5,45.9,6.5,Q3,medium,119.74
186.4,16.7,16.9,10.5,Q2,medium,302.11
379.5,26.9,45.2,2.5,Q3,small,490.67
5.2,17.2,31.3,3.8,Q1,small,125.67
29.9,11.1,13.0,5.8,Q1,medium,120.08
66.1,42.4,77.1,9.1,Q3,medium,246.42
253.6,9.4,42.4,2.2,Q1,medium,302.9
132.6,17.1,61.3,5.7,Q3,medium,277.05
112.0,22.3,68.4,14.2,Q4,medium,271.43
169.3,50.5,30.3,6.2,Q1,large,312.45
141.2,14.6,60.1,9.9,Q4,large,319.63
193.0,35.1,30.3,11.1,Q2,small,318.28
164.5,18.8,34.5,11.3,Q2,small,325.13
64.7,8.6,61.4,8.0,Q3,small,191.14
197.9,34.2,30.6,5.9,Q4,medium,302.23
69.4,29.4,92.3,16.7,Q1,medium,302.1
64.3,32.1,93.5,6.5,Q4,large,343.78
129.6,16.6,83.5,4.5,Q2,medium,283.77
5.0,15.3,55.2,17.2,Q2,medium,189.81
169.6,34.0,36.4,0.3,Q2,large,326.91
191.8,10.7,45.3,7.3,Q1,medium,310.91
243.2,23.1,53.8,28.7,Q2,medium,418.36
139.7,17.6,54.6,16.6,Q3,small,311.45
73.5,9.1,29.9,14.3,Q1,small,201.97
53.7,27.1,94.6,9.6,Q3,medium,267.97
197.3,33.2,36.7,15.3,Q4,small,358.9
110.3,31.0,10.0,20.2,Q4,medium,205.3
62.4,24.8,44.7,16.5,Q2,large,237.6
116.5,2.4,13.5,20.5,Q1,medium,235.46
243.7,20.3,43.2,10.3,Q2,large,414.19
260.5,3.4,41.5,7.0,Q4,medium,305.97
76.3,3.4,65.9,0.4,Q2,small,210.83
89.5,12.0,71.2,13.7,Q3,small,284.01
125.9,36.0,28.2,14.0,Q4,large,363.92
101.9,13.6,17.3,6.1,Q1,large,226.09
255.3,34.3,48.7,9.6,Q3,small,357.48
150.4,9.1,36.9,2.1,Q3,medium,249.83
177.9,21.4,31.5,0.6,Q3,medium,267.49
72.1,52.8,37.9,7.2,Q3,medium,221.78
124.7,37.3,83.7,7.7,Q2,medium,305.89
15.0,20.8,12.3,3.4,Q1,small,119.0
180.7,12.3,29.1,3.6,Q3,medium,238.97
163.1,36.1,20.0,13.9,Q2,small,270.69
178.7,9.8,63.7,23.2,Q2,medium,343.21
272.3,23.8,55.9,19.3,Q1,medium,416.63
111.4,34.6,38.8,11.7,Q1,medium,262.83
219.7,35.4,52.7,8.3,Q3,large,426.01
144.0,7.1,6.4,16.7,Q3,medium,249.5
235.3,28.1,65.1,12.7,Q2,medium,387.59
108.3,17.1,20.6,12.9,Q4,small,146.53
71.1,16.4,27.2,3.5,Q1,small,167.68
42.9,23.6,61.4,18.4,Q1,medium,258.72
204.6,58.5,18.9,6.7,Q2,small,364.01
108.3,22.3,39.2,11.2,Q4,medium,240.0
13.2,17.9,49.4,3.8,Q3,large,192.04
166.6,7.4,45.5,15.3,Q1,medium,268.11
104.7,21.4,60.5,6.1,Q2,medium,258.87
4.1,3.8,53.4,30.7,Q4,medium,151.82
14.9,38.6,44.5,5.5,Q1,small,207.9
202.0,21.9,3.0,5.2,Q4,medium,268.54
162.5,17.9,19.8,16.9,Q4,medium,240.91
124.9,31.7,37.4,14.4,Q4,medium,259.13
165.2,14.1,2.3,24.6,Q1,medium,231.08
281.9,28.9,1.0,11.6,Q2,small,336.81
290.2,1.9,77.8,26.7,Q1,medium,426.62
107.0,1.8,62.8,13.6,Q3,medium,238.13
260.0,18.2,31.5,11.7,Q4,small,355.12
171.8,32.9,56.5,4.9,Q2,medium,311.13
100.9,38.0,11.2,13.3,Q4,medium,206.24
42.1,26.9,59.3,5.6,Q2,medium,205.56
155.6,40.8,44.2,11.2,Q1,small,299.37
196.1,33.8,83.7,1.2,Q3,medium,345.09
14.8,32.1,67.0,1.4,Q2,small,188.14
170.5,20.9,36.6,14.8,Q2,medium,306.32
41.3,40.0,90.3,8.0,Q4,large,314.71
147.7,12.6,64.1,3.6,Q4,medium,293.39
201.8,31.2,67.4,26.9,Q1,large,448.69
182.3,37.2,41.1,4.5,Q4,large,369.27
113.0,14.3,88.0,9.0,Q4,small,271.96
176.9,29.4,42.7,0.5,Q2,large,308.75
20.6,25.3,39.1,8.7,Q4,medium,149.39
228.7,8.3,74.2,16.3,Q1,small,382.45
239.3,36.4,44.3,12.7,Q3,medium,388.37
97.3,17.1,39.3,7.4,Q1,medium,251.93
251.9,33.3,77.9,25.1,Q1,large,520.75
144.1,6.0,38.8,1.1,Q3,small,201.4
240.6,13.0,89.0,12.3,Q1,medium,428.32
42.6,15.3,41.8,17.2,Q1,medium,197.26
71.7,13.8,36.6,13.4,Q2,medium,171.15
10.4,9.6,55.2,17.9,Q1,medium,163.61
53.1,7.2,62.0,8.5,Q1,small,168.73
232.9,23.8,25.0,20.7,Q1,small,361.48
123.7,18.4,10.7,10.3,Q3,medium,229.26
113.0,26.6,20.7,13.1,Q3,medium,212.91
67.0,28.2,54.7,2.0,Q2,large,266.27
194.0,1.7,47.3,14.7,Q1,medium,314.88
94.9,27.2,59.4,2.5,Q2,medium,286.88
104.8,31.0,23.7,9.3,Q4,large,304.92
75.4,11.8,73.9,14.1,Q4,medium,245.89
294.5,35.2,64.2,14.9,Q3,small,482.05
148.3,15.5,83.4,21.0,Q4,medium,345.35
153.3,35.9,50.3,11.5,Q3,large,349.2
183.6,26.1,45.1,14.4,Q4,medium,291.08
17.4,41.3,44.6,18.5,Q3,medium,233.64
71.6,43.6,52.8,4.9,Q1,large,275.55
148.7,22.3,20.7,0.7,Q1,large,267.71
274.5,40.8,35.6,8.3,Q1,medium,384.05
205.5,18.8,84.7,1.8,Q4,small,362.36
97.0,18.5,47.6,19.1,Q2,small,243.51
84.6,45.9,46.0,4.9,Q3,small,217.11
282.6,16.3,43.2,8.4,Q4,large,419.34
59.7,41.5,49.1,21.1,Q1,medium,265.03
34.1,9.2,59.2,18.6,Q2,large,251.02
152.8,26.6,16.1,10.2,Q4,small,245.64
148.9,4.3,22.1,16.1,Q4,large,268.3
63.4,24.6,44.0,10.4,Q1,medium,213.05
141.8,45.3,37.2,8.6,Q2,large,329.68
170.1,21.8,29.3,19.9,Q4,medium,293.1
176.8,36.4,38.9,14.1,Q2,large,325.2
121.9,13.5,28.0,11.9,Q3,small,241.92
100.1,27.9,29.8,8.1,Q3,medium,220.51
122.9,27.3,15.1,2.3,Q1,medium,167.94
56.3,15.6,63.8,9.5,Q1,medium,249.87
103.4,25.3,45.4,18.5,Q3,medium,271.32
160.6,35.9,72.7,16.6,Q1,medium,327.61
176.4,20.2,38.1,7.4,Q2,medium,270.53
110.0,9.9,93.3,15.1,Q4,small,262.32
174.0,9.4,68.0,2.5,Q4,large,327.49
170.7,26.7,20.8,10.4,Q3,small,271.41
323.7,23.6,32.5,19.6,Q4,large,473.01
249.1,42.3,81.6,16.2,Q3,large,479.12
128.5,33.4,32.7,28.0,Q3,small,291.92
90.1,28.5,105.2,11.1,Q1,medium,321.5
168.6,5.0,74.2,22.8,Q4,medium,329.92
114.5,22.2,47.3,3.7,Q1,large,325.93
370.8,4.8,51.3,19.5,Q4,large,473.94
220.6,46.1,77.2,2.1,Q3,large,440.05
28.0,16.2,98.0,12.2,Q1,small,264.08
69.1,13.2,58.4,17.3,Q4,large,330.89
119.4,20.0,46.1,8.2,Q3,medium,228.29
255.3,29.2,39.3,4.5,Q3,medium,360.74
216.0,12.5,43.1,7.9,Q4,small,311.14
123.6,12.2,48.7,14.1,Q2,large,264.98
151.6,50.5,40.1,8.2,Q2,small,301.24
160.7,29.0,41.9,0.0,Q2,large,341.57
129.2,27.6,42.4,13.6,Q3,small,246.64
202.1,30.6,12.9,5.7,Q2,large,358.86
149.0,3.7,2.6,23.9,Q4,small,223.53
189.4,61.7,82.0,1.7,Q1,small,390.22
155.1,34.8,48.0,6.5,Q4,small,312.95
98.6,16.3,24.6,4.7,Q3,small,221.08
0.8,34.6,49.1,9.8,Q3,large,296.77
262.6,39.0,60.4,3.1,Q3,medium,388.25
278.0,8.2,64.0,5.0,Q3,large,425.66
150.0,60.8,55.1,8.3,Q2,small,334.41
136.9,25.2,82.1,0.7,Q2,small,307.26
28.3,14.2,14.8,13.1,Q3,large,234.73
125.4,42.2,37.6,0.5,Q3,medium,241.7
222.9,10.8,24.8,1.4,Q3,small,261.7
209.6,2.9,16.6,4.2,Q3,medium,249.44
30.7,2.8,73.4,14.7,Q4,small,178.8
298.4,4.3,60.6,8.7,Q4,large,393.79
71.3,13.5,56.3,26.6,Q4,medium,256.99
115.7,32.2,66.1,23.7,Q4,small,317.39
257.4,27.3,32.7,19.4,Q3,medium,412.22
204.7,18.4,0.4,10.7,Q2,medium,236.93
123.8,10.8,31.8,8.9,Q3,medium,215.61
70.1,20.0,20.7,25.7,Q1,medium,204.53
291.8,18.6,56.4,4.6,Q3,small,387.4
99.1,23.2,41.9,12.6,Q3,large,274.93
131.3,3.4,15.7,8.7,Q2,large,262.9
119.2,54.2,5.0,5.9,Q1,medium,244.53
176.6,3.5,27.6,11.4,Q4,large,281.42
158.4,7.8,63.4,8.9,Q4,medium,296.49
219.8,23.7,6.3,18.2,Q2,small,296.37
228.1,42.4,59.0,0.1,Q1,medium,371.46
89.7,37.9,47.7,5.2,Q1,medium,256.08
55.1,5.6,42.7,6.2,Q3,large,200.31
233.5,1.7,40.5,15.1,Q2,large,373.24
77.1,36.5,18.0,10.0,Q2,medium,177.7
143.9,13.8,43.8,1.6,Q3,small,205.39
115.2,27.3,39.5,0.7,Q2,medium,242.38
105.4,26.5,50.9,21.8,Q4,small,279.79
184.2,6.8,29.3,16.6,Q3,medium,293.84
153.7,22.0,26.0,2.1,Q4,medium,196.37
190.0,35.8,53.6,11.8,Q3,large,412.7
185.8,24.7,30.0,10.4,Q1,small,286.43
101.9,6.0,61.2,17.4,Q4,large,290.7
329.5,24.6,28.6,9.7,Q1,medium,440.93
53.9,32.8,36.6,15.4,Q3,medium,212.44
139.4,24.6,44.8,7.2,Q1,large,307.13
328.0,24.6,76.6,2.4,Q3,medium,437.91
159.8,25.7,39.2,1.0,Q2,small,243.72
101.6,1.5,72.8,11.6,Q1,small,245.28
230.8,12.8,23.7,2.8,Q1,medium,324.02
279.9,20.7,11.6,8.3,Q3,large,346.8
74.3,18.2,14.8,17.6,Q2,medium,208.49
218.6,16.5,37.7,9.2,Q4,medium,312.74
203.3,13.8,9.0,0.9,Q1,medium,224.95
125.4,28.2,24.7,4.0,Q1,large,287.93
234.9,27.8,44.1,16.0,Q4,medium,365.85
190.2,45.1,74.1,4.3,Q3,small,359.56
143.8,20.9,33.7,12.1,Q4,medium,268.94
205.6,44.3,47.1,20.4,Q2,medium,380.27
4.0,16.3,67.4,2.3,Q3,small,173.25
211.6,32.8,29.1,17.9,Q1,medium,342.9
135.7,4.9,76.1,18.4,Q2,medium,261.29
254.6,46.8,22.5,16.5,Q3,large,402.03
193.5,6.7,46.4,8.0,Q2,large,327.84
294.1,17.7,33.7,12.0,Q3,large,414.48
46.5,17.0,40.8,9.2,Q1,large,233.16
159.3,2.9,92.6,9.9,Q4,large,345.27
102.6,9.6,28.9,3.1,Q4,medium,177.78
196.0,20.7,4.5,3.0,Q3,small,260.86
65.2,12.0,90.8,0.2,Q1,small,202.53
93.2,16.0,48.2,22.5,Q4,medium,257.06
206.4,24.5,34.7,27.4,Q1,medium,321.09
101.8,7.3,18.4,30.7,Q3,medium,219.81
145.7,41.4,50.7,8.4,Q2,medium,302.78
88.2,26.7,86.4,4.5,Q1,medium,256.81
198.5,1.9,6.0,13.3,Q3,medium,262.14
160.3,22.1,2.2,4.9,Q2,medium,260.76
261.9,32.0,31.7,23.9,Q2,medium,332.2
233.2,22.2,9.7,10.8,Q2,medium,323.4
32.6,29.4,39.0,14.3,Q3,small,216.81
213.3,34.2,42.2,2.2,Q3,large,377.26
264.6,0.5,23.1,17.2,Q4,medium,323.85
67.4,12.6,26.2,0.4,Q4,medium,145.15
274.0,53.0,56.5,18.2,Q4,large,504.14
54.9,15.2,90.5,2.4,Q2,small,251.29
330.2,32.4,38.3,1.4,Q3,small,397.26
302.7,42.3,63.2,13.7,Q2,medium,443.89
61.1,25.8,31.5,9.2,Q2,medium,217.76
98.3,14.2,41.6,2.3,Q2,medium,215.75
254.6,32.8,69.3,3.4,Q1,medium,393.35
171.0,30.1,43.9,13.9,Q2,large,385.96
202.5,16.6,96.9,4.7,Q2,medium,351.52
209.6,22.1,57.3,7.0,Q1,small,348.11
194.8,17.4,6.7,8.8,Q3,medium,285.54
69.5,7.0,64.0,3.2,Q2,small,206.2
89.1,24.2,19.5,4.2,Q4,medium,171.42
53.4,52.8,50.9,2.3,Q3,large,264.18
75.9,36.5,79.5,21.8,Q3,medium,293.16
239.5,51.6,21.4,18.5,Q2,small,394.37
276.0,31.7,84.5,9.4,Q1,small,449.22
240.6,36.9,56.7,8.1,Q3,large,431.58
135.9,20.0,13.7,17.0,Q2,large,293.22
38.8,14.1,40.0,7.4,Q3,medium,182.71
49.5,14.0,63.4,6.1,Q1,medium,188.68
195.1,37.6,26.5,4.9,Q3,small,260.04
252.0,35.2,17.9,12.8,Q1,large,444.93
296.2,27.1,1.5,7.3,Q4,small,364.73
209.8,26.9,33.0,12.2,Q2,small,337.05
173.9,42.5,59.2,13.2,Q3,medium,382.93
176.5,0.8,40.8,24.4,Q1,medium,305.57
120.4,24.2,48.5,9.6,Q3,small,250.11
229.2,47.7,35.2,21.6,Q4,medium,424.89
171.4,35.1,21.0,14.7,Q3,medium,263.34
248.6,2.1,59.2,6.9,Q3,large,366.43
68.3,31.7,65.3,24.5,Q3,large,334.58
192.1,24.7,27.9,27.0,Q1,medium,344.16
45.5,39.7,59.5,7.0,Q3,medium,227.51
294.2,16.6,37.8,8.9,Q2,large,426.18
86.5,35.0,25.0,18.8,Q3,small,233.33
113.3,3.3,85.8,18.1,Q2,small,275.42
328.9,60.2,49.8,7.1,Q4,small,477.32
288.1,51.0,64.3,13.8,Q3,large,463.54
269.2,25.0,53.0,8.1,Q2,medium,374.44
96.9,7.2,27.4,7.2,Q4,medium,161.87
135.6,40.1,49.1,15.0,Q4,small,318.44
121.3,38.1,83.6,18.2,Q3,small,364.56
131.6,50.1,40.6,8.0,Q3,large,310.86
351.0,19.1,18.0,18.7,Q3,medium,402.24
6.6,23.3,43.8,4.4,Q1,medium,170.83
195.0,18.8,71.6,7.2,Q2,medium,328.68
223.8,20.8,68.2,3.7,Q2,medium,385.15
275.8,3.2,27.0,18.2,Q4,medium,402.04
303.9,45.1,75.3,10.3,Q2,large,539.7181
230.1,15.4,73.2,5.7,Q2,medium,345.51
144.2,15.4,66.9,6.8,Q1,medium,265.94
30.3,6.6,11.5,15.9,Q1,medium,123.54
197.2,8.1,0.3,16.8,Q1,medium,282.03
85.0,30.8,106.2,8.6,Q2,medium,293.94
269.3,11.5,40.9,8.5,Q2,medium,343.59
316.9,2.0,23.6,19.2,Q4,medium,377.16
225.0,31.0,32.4,10.2,Q4,small,309.64
253.6,44.1,50.6,16.8,Q4,small,421.92
58.2,22.4,4.5,1.1,Q2,large,187.41
77.4,42.2,58.8,7.0,Q3,small,249.24
41.8,22.3,54.1,9.5,Q1,large,238.93
203.3,27.7,49.2,27.7,Q1,small,351.14
42.1,23.7,67.7,6.1,Q3,medium,244.62
48.6,48.5,34.8,6.7,Q1,medium,211.09
147.0,26.8,60.5,15.7,Q4,medium,309.22
133.4,13.0,8.4,15.8,Q1,large,286.21
161.6,12.7,37.3,11.2,Q2,small,273.03
220.0,4.8,54.9,16.5,Q3,medium,331.38
81.5,13.7,23.6,11.6,Q1,small,194.81
136.5,54.2,54.3,23.6,Q4,medium,328.98
193.2,21.4,7.2,21.5,Q2,small,298.51
202.1,2.9,23.4,17.7,Q3,large,314.31
314.8,26.6,5.2,16.7,Q3,medium,402.95
140.2,25.0,66.6,27.6,Q1,small,338.48
157.8,20.7,21.3,11.0,Q2,small,258.7
191.3,12.2,47.2,3.3,Q1,medium,289.78
238.6,34.6,27.5,13.9,Q3,large,388.44
176.0,53.6,81.5,15.1,Q4,medium,401.07
108.6,26.6,70.7,7.5,Q3,small,301.65
99.9,16.6,53.5,15.4,Q3,small,231.27
130.1,51.0,91.5,0.3,Q2,medium,355.16
42.1,11.6,40.1,11.1,Q2,large,248.45
130.0,15.1,21.4,30.7,Q2,small,296.47
119.6,4.4,70.3,16.8,Q4,medium,277.09
61.2,60.1,9.8,16.3,Q2,large,279.77
43.6,43.0,46.2,1.3,Q2,medium,241.81
103.5,22.0,52.5,2.0,Q2,medium,220.67
53.2,20.3,54.6,4.8,Q1,small,199.71
123.3,1.5,77.2,18.9,Q4,medium,284.59
148.6,30.2,91.2,19.6,Q2,small,366.23
177.4,51.2,27.6,20.3,Q2,medium,318.95
46.4,14.2,53.9,26.0,Q1,small,228.98
266.9,18.5,56.4,18.7,Q3,small,390.79
115.2,41.5,62.1,5.6,Q3,small,281.51
129.4,37.6,57.4,6.5,Q3,small,289.4
177.8,24.9,27.4,8.8,Q3,medium,276.98
273.1,19.2,32.8,6.8,Q4,small,349.5
203.4,23.6,6.4,0.3,Q2,small,283.68
57.6,26.4,21.6,11.1,Q2,medium,172.22
84.8,23.5,18.2,5.4,Q1,medium,181.06
92.3,28.2,38.6,12.3,Q3,small,234.53
148.6,41.0,76.3,9.3,Q2,medium,313.29
242.3,39.7,37.2,17.4,Q4,small,357.38
282.0,35.9,80.2,20.0,Q1,small,452.73
165.7,34.3,0.7,9.3,Q4,medium,252.45
13.7,45.5,32.8,1.5,Q2,small,172.07
139.2,28.4,43.3,14.9,Q2,medium,255.28
209.6,24.6,79.6,22.6,Q4,small,368.47
189.5,2.1,67.4,4.4,Q3,medium,293.86
249.9,18.8,72.0,6.3,Q4,medium,350.25
194.5,4.2,49.0,2.8,Q4,medium,244.57
148.9,18.0,45.3,3.1,Q2,medium,284.71
108.7,21.8,86.8,4.1,Q2,large,345.27
95.6,37.6,41.8,10.8,Q3,medium,242.0
139.7,7.2,44.0,20.1,Q4,medium,304.73
122.2,34.9,28.0,20.9,Q3,medium,272.56
31.2,21.7,62.6,5.6,Q2,medium,201.91
67.0,8.1,37.5,14.8,Q4,medium,193.41
282.9,11.6,56.5,0.2,Q3,large,422.68
229.0,21.4,41.4,12.7,Q4,small,378.13
251.1,24.0,67.5,13.0,Q2,medium,381.43
101.2,22.8,35.9,12.7,Q4,medium,264.74
231.7,35.1,38.8,7.8,Q3,medium,370.26
11.4,36.4,58.1,3.5,Q2,large,240.83
101.9,38.3,63.2,23.5,Q4,small,324.32
140.9,18.6,59.6,5.7,Q1,large,325.7
265.0,13.7,53.1,8.7,Q3,medium,384.63
179.1,20.8,51.4,0.9,Q1,small,294.04
161.1,26.1,40.6,5.8,Q2,medium,301.8
123.9,24.9,84.8,6.1,Q2,medium,286.47
43.4,19.3,37.0,16.6,Q3,medium,179.28
163.1,11.8,58.0,24.6,Q3,medium,294.13
92.9,0.5,56.1,18.1,Q4,small,210.53
230.9,51.8,4.5,22.4,Q1,medium,395.17
16.1,14.6,36.8,21.5,Q4,large,205.85
94.7,10.0,82.0,7.7,Q1,small,252.21
122.1,41.3,55.5,21.5,Q3,medium,321.74
228.3,21.2,92.7,9.9,Q3,small,433.28
102.8,25.5,36.5,0.2,Q3,small,230.47
112.0,35.1,51.0,7.8,Q2,medium,254.25
112.7,37.0,63.7,5.9,Q1,medium,285.27
102.9,30.2,31.4,17.6,Q2,medium,222.5
213.0,23.3,35.2,6.8,Q3,medium,333.71
191.0,40.1,15.3,14.0,Q2,medium,302.8
20.5,21.5,36.8,13.0,Q4,small,137.96
256.6,20.8,51.3,10.1,Q4,large,426.22
124.7,13.4,92.0,10.9,Q1,medium,337.5
291.5,30.0,61.0,9.9,Q3,medium,407.44
201.1,17.4,10.6,0.6,Q4,small,240.76
113.1,37.7,51.1,6.3,Q3,medium,265.57
168.2,15.3,25.9,16.3,Q1,medium,269.44
216.9,8.4,14.7,0.8,Q1,large,298.18
38.7,48.6,74.2,12.0,Q2,medium,280.05
162.2,1.9,42.6,12.6,Q3,medium,265.7
119.7,5.1,30.5,1.2,Q4,small,204.33
252.4,40.8,79.5,18.4,Q1,small,447.57
209.9,5.1,21.0,15.4,Q3,large,344.36
41.3,4.0,29.7,3.1,Q4,medium,117.94
139.2,27.7,89.6,3.6,Q2,large,378.09
223.4,53.7,67.9,12.2,Q1,medium,424.79
3.8,31.7,55.1,6.2,Q1,large,269.06
77.6,6.1,75.6,6.0,Q3,small,192.95
222.7,19.9,42.1,7.7,Q3,medium,321.01
24.6,38.0,11.3,9.1,Q1,medium,162.13
86.7,13.7,45.7,17.5,Q4,large,319.03
23.4,5.9,14.2,7.9,Q1,medium,130.27
121.4,15.8,56.1,13.8,Q3,large,303.98
145.8,15.5,95.6,9.4,Q2,small,364.44
45.4,10.4,44.7,8.5,Q3,small,195.98
193.5,27.4,45.2,8.8,Q3,large,411.1
212.1,3.0,59.9,2.6,Q2,medium,326.22
77.6,34.4,67.7,4.6,Q4,medium,260.53
115.9,4.4,88.6,10.8,Q2,medium,317.41
134.9,20.2,62.6,10.0,Q3,large,292.93
203.9,4.8,103.3,13.4,Q1,medium,377.51
6.5,26.6,36.4,0.2,Q1,medium,127.59
93.3,0.5,44.7,16.6,Q2,medium,211.55
113.2,25.8,36.8,5.8,Q3,small,235.86
196.9,10.0,62.1,29.8,Q3,medium,331.53
82.9,17.4,100.1,6.9,Q3,medium,296.98
218.6,48.4,34.2,13.8,Q2,medium,362.25
199.8,9.6,53.5,7.4,Q2,small,325.11
131.4,16.7,32.2,1.9,Q4,small,203.21
279.6,15.8,26.1,1.5,Q3,small,293.95
229.1,17.9,45.3,3.7,Q2,medium,297.34
53.8,29.9,52.4,2.6,Q3,medium,217.65
187.7,21.3,17.3,4.7,Q2,small,251.48
190.5,14.9,66.3,10.8,Q1,small,316.38
321.8,32.3,41.5,7.0,Q1,medium,430.6
21.8,7.1,69.5,7.3,Q4,small,168.68
245.5,57.2,87.6,17.8,Q4,small,464.33
158.9,23.7,47.8,23.0,Q1,large,369.62
159.2,26.2,89.7,20.8,Q4,large,425.07
117.4,31.9,55.3,7.7,Q4,small,256.62
231.7,25.7,44.6,6.8,Q2,small,350.3
272.0,22.6,28.6,7.8,Q4,medium,371.47
110.7,4.3,24.3,8.4,Q4,small,197.3
119.7,34.3,50.3,6.1,Q4,large,309.12
79.7,46.5,47.8,26.3,Q1,small,298.0
228.7,23.8,16.2,17.7,Q1,medium,357.89
145.2,8.0,12.5,7.3,Q1,medium,196.89
171.2,30.3,22.1,9.9,Q3,medium,273.69
97.8,8.6,46.9,15.3,Q2,medium,213.4
116.8,34.1,8.5,2.4,Q1,small,225.65
13.7,11.2,30.8,18.5,Q4,medium,161.87
148.2,35.1,43.7,9.5,Q3,large,363.43
137.6,3.3,0.2,7.4,Q3,medium,188.54
179.0,65.2577,52.1,9.6,Q4,medium,386.01
314.6,37.3,56.3,6.7,Q1,small,442.53
185.3,37.5,32.7,15.6,Q4,medium,321.54
231.3,32.0,19.5,6.5,Q3,medium,307.17
199.0,37.4,50.0,21.8,Q1,medium,352.53
217.3,10.4,44.2,10.4,Q2,small,297.01
198.8,26.3,43.6,0.1,Q1,small,280.75
179.5,16.2,83.1,1.6,Q3,medium,300.48
287.6,2.3,28.9,3.0,Q1,small,360.71
237.0,39.0,33.2,20.0,Q2,large,447.79
206.6,7.3,32.5,13.3,Q3,small,279.1
154.6,30.4,20.4,29.2,Q3,large,343.59
48.0,33.7,13.0,6.7,Q1,small,134.35
231.0,28.6,47.7,11.0,Q4,large,393.15
112.2,25.7,49.5,0.5,Q1,small,259.72
230.2,23.7,47.4,17.5,Q3,medium,354.54
132.7,31.3,10.7,22.3,Q3,small,270.77
169.0,25.4,56.3,4.4,Q4,small,287.82
159.3,44.2,71.7,2.4,Q2,medium,326.95
33.3,18.5,72.9,5.0,Q1,large,264.47
190.9,40.1,23.6,13.7,Q2,medium,324.0
138.0,20.3,35.8,4.8,Q3,large,269.15
142.2,9.0,20.1,7.5,Q1,large,262.05
306.4,11.2,1.3,15.3,Q3,small,313.24
90.5,10.9,51.3,6.7,Q4,medium,255.03
85.7,36.2,71.8,9.8,Q3,medium,281.02
124.8,6.4,80.0,18.1,Q3,small,260.38
263.7,28.3,57.6,22.9,Q2,medium,443.05
90.0,39.0,65.8,13.2,Q4,medium,269.56
269.7,10.7,79.3,9.5,Q4,medium,397.21
393.1,33.8,53.1,12.4,Q2,small,511.54
307.4,53.8,41.7,0.2,Q3,small,428.04
39.6,26.2,21.4,2.4,Q4,medium,172.53
53.5,37.2,35.5,11.1,Q1,small,217.1
181.1,31.0,67.3,5.0,Q4,small,336.02
134.2,18.0,52.6,9.7,Q2,large,305.07
130.5,16.6,79.2,7.5,Q3,medium,255.57
111.6,31.3,32.2,9.6,Q3,medium,236.42
132.3,13.1,3.1,9.0,Q3,small,180.48
202.2,14.8,59.2,0.6,Q4,medium,299.37
116.9,32.0,75.1,10.3,Q3,large,365.83
118.6,10.9,72.7,23.4,Q2,small,276.79
292.1,32.8,82.7,8.3,Q2,medium,456.3
89.1,15.3,66.2,14.7,Q3,medium,245.63
34.3,15.0,19.2,19.6,Q2,medium,150.87
243.7,23.5,27.7,13.1,Q4,small,309.6
16.5,30.3,1.0,6.2,Q2,large,151.4
110.3,20.2,67.5,12.5,Q1,medium,250.39
41.2,44.5,16.2,10.0,Q3,small,201.17
117.0,7.8,29.7,0.6,Q1,medium,209.01
99.3,58.6,12.5,3.6,Q4,large,258.09
268.2,38.1,19.3,13.0,Q2,large,395.51
258.6,26.5,45.0,21.7,Q2,large,468.38
23.7,31.9,57.0,4.4,Q4,small,215.86
101.6,2.3,36.7,15.1,Q4,medium,243.84
18.2,2.7,46.4,2.4,Q3,medium,161.68
157.9,19.1,58.3,0.0,Q2,medium,267.91
150.4,19.7,62.0,3.0,Q2,medium,297.66
10.0,50.2,83.3,11.7,Q2,large,313.88
339.8,28.8,46.9,6.0,Q3,medium,453.6
96.0,37.0,40.2,7.1,Q3,small,240.65
40.8,22.6,14.4,7.8,Q2,medium,180.28
134.7,11.8,57.9,18.6,Q2,medium,248.22
272.3,31.1,8.7,2.6,Q2,small,348.81
56.6,25.0,89.4,20.9,Q4,small,255.63
254.8,28.8,91.1,24.7,Q1,large,509.1
162.1,19.5,10.1,9.3,Q2,medium,212.45
30.5,4.2,35.8,10.8,Q3,large,175.28
81.4,55.5,40.3,21.5,Q2,large,317.64
124.2,12.7,27.9,12.8,Q2,medium,219.12
66.1,21.2,62.3,15.7,Q3,medium,254.99
1.0,30.6,4.9,19.6,Q1,small,158.9
105.1,3.8,23.3,9.4,Q2,small,185.47
285.6,43.6,2.5,14.1,Q4,small,401.87
168.7,9.8,84.1,3.4,Q3,large,342.63
207.9,36.3,65.0,12.8,Q2,medium,382.59
131.4,2.0,36.5,3.3,Q2,large,272.1
173.4,33.0,12.9,7.5,Q2,large,321.52
75.1,5.6,75.2,17.9,Q4,large,312.61
253.2,42.3,38.1,11.4,Q3,medium,353.56
236.8,28.5,57.4,21.0,Q2,medium,378.79
41.9,26.7,44.9,2.0,Q3,medium,161.64
206.8,36.2,47.3,12.9,Q4,medium,361.36
102.0,8.8,37.5,2.8,Q4,medium,201.95
75.8,13.0,72.3,1.0,Q2,medium,214.26
294.1,5.3,56.2,16.2,Q3,medium,394.02
76.0,6.7,41.0,6.5,Q1,small,171.9
264.9,28.4,3.1,12.2,Q2,small,361.24
3.5,21.1,55.7,19.4,Q4,small,180.46
159.8,0.6,59.9,14.1,Q3,medium,285.75
19.4,23.0,73.0,19.1,Q4,small,195.78
56.8,27.9,39.0,16.0,Q4,large,294.15
27.0,32.5,115.5,21.2,Q2,small,301.75
153.1,43.2,4.3,7.4,Q3,medium,250.92
199.4,12.9,0.0,18.5,Q4,large,330.34
105.7,33.7,75.4,2.9,Q3,large,334.54
86.5,21.7,69.6,11.7,Q3,large,313.11
54.2,28.0,15.7,5.4,Q1,large,224.42
330.0,47.1,45.1,9.4,Q1,medium,451.08
140.7,7.2,14.3,16.4,Q2,medium,221.64
36.5,42.7,19.9,10.7,Q3,large,223.94
150.3,40.5,6.9,8.5,Q2,medium,287.38
325.8,15.6,9.5,7.6,Q1,small,339.3
74.2,33.6,40.4,16.8,Q2,small,216.1
106.5,20.9,88.4,1.8,Q1,medium,257.38
90.8,0.3,43.1,1.1,Q1,small,203.41
28.0,13.5,59.1,7.4,Q4,large,226.14
163.2,19.2,34.4,4.8,Q4,medium,255.34
163.4,32.1,84.8,4.4,Q2,medium,333.45
76.1,3.7,34.3,3.3,Q4,medium,167.88
285.6,15.5,23.2,12.1,Q3,medium,348.78
228.4,10.9,87.2,1.3,Q4,small,334.95
108.7,21.3,35.0,7.8,Q4,medium,224.49
203.1,50.7,53.0,16.1,Q3,large,434.39
191.6,12.0,88.2,0.7,Q4,medium,307.91
204.1,22.5,9.6,17.8,Q3,small,274.96
215.3,30.7,47.8,11.0,Q1,small,343.33
198.7,24.5,72.1,11.9,Q2,small,356.33
194.1,47.0,36.3,18.1,Q3,medium,316.5
