pclass,sex,age,sibsp,parch,fare,embarked,cabin_known,survived
2,female,60.980969092349795,3,0,25.558831205657945,C,yes,Yes
3,female,,0,0,40.80808541945688,S,no,Yes
3,male,40.46038289413495,0,0,25.721737663817073,C,yes,No
3,female,,0,0,4.379386172741906,S,no,Yes
1,male,48.57524869628257,0,2,5.058252259064651,S,no,No
1,male,52.34191235253937,0,1,34.370928328241504,S,no,No
1,female,30.164060161453616,1,3,1.8981604796974796,S,yes,Yes
3,male,18.775440879980337,3,0,82.695475568994,S,no,No
3,male,36.369596072617185,0,2,20.29177003305679,S,no,No
3,male,,0,0,1201.963277560037,S,yes,No
1,male,58.89411508913604,1,0,391.3097714789407,C,no,No
3,male,31.679762300699693,1,0,19.732383466169363,S,no,No
3,male,24.402837505974425,0,0,21.593570254253883,S,yes,No
1,male,32.37786443504117,0,0,81.020144136968,C,no,No
1,female,10.166668801819402,0,0,189.3897634243871,S,no,Yes
1,female,15.611596441595552,1,0,3.4361962938233743,S,yes,Yes
2,male,47.10600166519417,1,0,2.8758533326739193,S,yes,No
3,male,,0,0,11.62965420807327,Q,no,No
2,male,14.519790751111875,0,0,49.367143906561246,C,no,No
2,male,37.481464911645645,1,0,44.5337936400247,C,no,No
3,male,46.892710242613454,1,1,88.56402581480714,S,no,No
1,male,40.12482300464347,4,1,5.81454749425491,C,no,No
2,male,,1,0,1.5229166797477693,S,yes,No
2,male,18.72647121574282,0,0,68.69092087370836,S,no,No
3,male,9.083745332243264,0,0,9.08081977784708,S,no,No
3,male,51.469337953354554,0,1,2.176710000424856,S,no,No
1,female,25.02114233678903,0,0,29.197307471755522,S,no,Yes
3,female,26.06292126140181,0,0,63.54897229213259,S,no,Yes
3,male,48.95881505681134,1,0,21.19004384584793,S,yes,No
1,female,37.76533513630957,0,0,14.16227779533148,S,yes,Yes
3,male,36.31037269518331,1,0,20.26236696421941,S,no,No
1,female,61.092534001065715,0,1,15.725768696612215,S,no,Yes
1,female,20.368985659487926,2,0,4.8663465752383654,C,no,Yes
3,male,43.153681857177936,0,0,10.406006501081539,S,no,No
3,male,30.526690311007723,0,1,45.85736810531634,C,no,No
3,male,,0,1,36.08994337472987,S,no,No
2,male,51.86279218298171,0,0,30.014234941098735,S,yes,No
1,male,,1,0,7.43219933087812,S,yes,No
3,male,37.50529314621968,1,0,19.73110264980552,S,no,No
2,male,45.25135639099213,0,2,1.7995235659233677,C,no,No
1,female,24.40818542162816,0,0,30.3917745158154,S,no,Yes
3,female,,0,2,136.26877870120785,S,no,Yes
1,male,14.550266686695013,0,0,4.183053329780963,C,no,No
3,male,1.187829454047975,2,0,12.144626298811058,S,no,No
2,male,59.51500338413467,1,0,36.41308304768433,S,no,No
3,male,13.703478697035594,1,0,110.32286039505948,S,yes,No
2,female,26.491822458006304,1,0,14.326779244530803,S,no,Yes
3,male,25.68620715161065,0,0,10.68990250597663,S,no,No
3,male,,2,0,2.310103269858066,S,yes,No
1,male,41.5281895818198,1,2,27.77470613216766,Q,no,No
3,male,,1,0,284.4311577958659,S,no,No
3,female,21.245377140750392,1,0,34.220680502043926,S,no,Yes
3,female,,0,0,23.885348201355086,S,no,Yes
3,male,33.797409282080345,1,0,36.107434029029065,Q,no,No
3,male,26.093978670338565,0,0,24.208155856826842,C,yes,No
3,male,53.00651085228989,0,0,9.24777288446598,S,no,No
1,female,36.81913679875464,0,2,65.88665378801983,S,no,Yes
1,female,40.35572789772235,3,0,32.166123313764835,S,no,Yes
1,male,39.311778395677486,1,0,25.05656583380953,S,no,No
2,male,46.715370933537216,1,0,7.610742737180244,S,no,No
2,female,32.32481260120375,1,0,117.23840583747858,S,no,Yes
2,male,,0,0,54.46962976889423,S,no,No
3,female,35.495475300413304,2,1,12.63530645703802,Q,no,Yes
2,male,20.255325040018477,0,1,81.62942720063123,S,no,No
2,male,22.035058114628526,0,0,13.503042007342646,Q,no,No
3,male,,0,0,9.598394155248682,S,no,No
1,male,,1,0,9.858719174631393,S,no,No
3,male,30.008437862672892,1,0,2.9291659865892834,S,no,No
1,female,34.178078682684976,0,0,43.20044760839589,S,no,Yes
3,male,54.38211669721095,0,0,2.725429815113529,S,no,No
3,male,33.19092110258424,1,0,5.617391456364174,S,no,No
1,male,,0,0,2.0325565584854197,S,no,No
1,male,,1,0,22.12518093361201,S,no,No
3,male,4.168939992240642,3,0,20.483413225244938,C,yes,No
3,male,,0,0,16.576143848798008,S,no,No
3,female,35.226796580800276,0,0,7.021007781801256,S,yes,Yes
3,male,48.401414934199806,1,1,6.009367464735382,S,yes,No
1,male,39.4611295934144,1,0,42.83021606198833,Q,yes,No
2,male,27.692388232235277,0,0,12.671275776330804,S,no,No
1,female,11.947675573804197,3,0,35.86026958452996,S,no,Yes
3,female,,0,1,8.479924755997416,S,no,Yes
3,female,,0,0,30.486235642010197,S,no,Yes
2,male,,1,0,117.2060673240261,Q,no,No
1,male,38.23438686409884,1,0,49.570651772399046,S,no,No
2,male,53.91361531309539,0,0,14.955863318119796,S,no,No
2,male,35.422737182433224,1,2,33.4027677871189,S,no,No
3,male,12.359695600489825,0,0,18.378872855995592,S,yes,No
3,male,36.14673868919204,0,1,24.765615556422336,Q,yes,No
3,male,47.051156556361946,0,2,16.59774325159926,S,no,No
3,male,20.858147887368958,1,2,20.141809975458976,S,no,No
1,female,,0,0,31.642843955988187,S,yes,Yes
3,male,,0,0,7.448178907033014,S,no,No
3,male,18.31897446030752,0,0,7.249593567297131,C,no,No
3,female,39.10006629073595,1,0,4.635522562598572,S,no,Yes
3,male,27.946251845187167,0,0,3.5954698376033494,S,no,No
3,female,35.7832204366519,1,0,5.693133328014594,C,no,Yes
3,male,16.831363421869547,0,0,29.706177124264546,S,no,No
2,male,23.35685464531055,0,0,8.40355626729538,S,no,No
1,female,40.17452968850269,0,1,45.4374819060449,S,no,Yes
1,female,24.29391929466938,1,0,25.576053370659462,Q,yes,Yes
1,female,54.740975842884374,1,1,2.3112648848564934,S,no,Yes
3,male,23.905275308588266,0,0,53.837524263802166,C,yes,No
2,male,32.957928523402344,0,1,64.90718813793987,S,yes,No
3,male,43.222567062159804,0,0,7.443675831415463,S,no,No
3,male,9.133696872471038,0,0,40.61875279511716,S,no,No
2,female,,0,2,8.777592041773383,S,no,Yes
2,male,7.577983438733625,0,0,27.583132706934563,S,yes,No
3,female,48.00746949969414,0,1,5.379534851753508,S,no,Yes
1,male,21.69805688455952,0,0,2.852718093955086,S,no,No
1,male,66.79388964218965,0,0,15.496580279655188,C,no,No
2,male,21.518409819467863,1,0,21.147575481360093,Q,yes,No
1,female,32.37599389635704,0,0,15.22264874223846,S,no,Yes
3,female,52.0605943122342,0,0,5.924897161329506,S,no,Yes
3,female,58.78834687830728,1,0,15.182161079567747,S,yes,Yes
3,female,59.591801861227765,0,0,33.89114270459119,S,no,Yes
3,female,47.221310343600564,0,0,23.24589050303033,C,no,Yes
3,female,44.5489066242662,1,2,30.538898653657604,S,yes,Yes
1,male,,0,2,10.977654081284351,S,yes,No
3,male,40.98623560441625,0,0,100.08917090075892,C,yes,No
3,male,21.707807113236264,0,0,5.981025228340904,S,no,No
3,female,17.836116190376543,2,0,44.03885694120195,S,yes,Yes
3,female,,0,0,101.3185294945915,S,no,Yes
2,male,27.232322973388538,0,1,43.688709780621835,S,no,No
1,female,23.12819328475451,0,2,19.23960524320631,S,no,Yes
1,female,39.79761798812237,0,0,13.014232209983916,C,yes,Yes
2,male,43.551925524272406,0,1,85.05560178275121,C,yes,No
3,male,,1,0,4.447891170948719,S,no,No
3,female,51.1241861753013,0,5,7.658766102436948,Q,no,Yes
1,male,13.145507845064177,0,0,15.224876187971184,S,no,No
3,female,26.891937840444086,0,0,108.33025837352449,C,yes,Yes
2,male,19.30607635125933,0,0,38.69541676777324,S,no,No
1,female,2.635219052440629,4,0,7.677892456612639,C,no,Yes
1,female,28.50113005528086,0,0,16.9053603741207,C,no,Yes
2,female,27.93466112844239,0,2,11.73777445589012,S,no,Yes
3,male,51.6450212770109,0,0,10.467269617137312,Q,no,No
2,female,38.846769426044276,3,0,79.41342783529959,C,yes,Yes
3,female,14.849291047226528,0,0,4.729919791137251,C,no,Yes
3,male,,0,0,169.10790915712025,S,no,No
2,female,,1,0,66.27916724098749,C,yes,Yes
3,male,38.14041670029493,1,0,90.83403087145169,C,no,No
3,male,26.415980566677437,0,0,14.076019229382439,S,no,No
2,male,15.788131067509543,0,0,20.49274942721167,Q,no,No
3,male,24.30300174696973,0,0,4.3939026678612585,S,yes,No
2,male,45.48685498571069,0,0,13.071118629227671,S,no,No
2,female,57.02650143605183,0,2,44.36211401240222,S,no,Yes
1,male,,0,0,116.19568089371998,S,no,No
3,female,22.611683384099024,0,0,6.497463174246675,S,yes,Yes
3,male,,0,0,15.821865498042039,S,no,No
1,male,31.742850580212455,0,0,20.459369334260835,Q,no,No
2,male,4.057629199338649,3,0,4.5953869224639945,S,no,No
3,female,,0,0,49.879948588622945,S,no,Yes
1,male,,0,0,10.290401853573908,S,yes,No
1,male,22.942470722910485,0,0,19.405015791149275,S,yes,No
3,female,,2,0,14.262885642070172,Q,no,Yes
3,male,37.14720154526089,0,1,9.514279669342066,S,no,No
2,male,21.975837824902285,0,2,24.326006816805144,C,no,No
3,male,12.736205882200824,0,0,18.93985639671516,S,yes,No
3,female,-11.947802092583917,0,0,15.701724408601251,S,no,Yes
1,male,29.301033876765775,0,1,10.235336070415274,S,no,No
3,female,55.39764815171129,0,2,35.99678413704803,S,no,Yes
2,male,53.78825861094411,0,0,178.45575907675712,S,no,No
3,female,23.072104279499058,3,0,29.01650132613382,S,yes,Yes
3,female,20.96792512475418,0,0,81.07234124572155,S,no,Yes
3,female,,0,0,4.626190252818663,C,yes,Yes
1,male,15.223411131769772,1,0,29.64560031712638,S,no,No
3,female,34.07598254738225,0,0,6.574233657212259,S,no,Yes
2,male,,0,0,4.1690578997369485,S,no,No
1,male,47.49053174632246,0,0,10.102211002710893,S,no,No
1,male,28.247765891040682,0,1,102.54269016611082,C,no,No
3,female,26.746730622433994,1,0,76.70899636609269,S,no,Yes
3,female,,2,0,32.83863328941391,S,no,Yes
1,female,17.710234866422027,0,0,3.899152914493689,Q,no,Yes
3,male,26.41605606742786,0,0,19.38429531400528,S,yes,No
1,male,,2,2,35.235003661025814,S,no,No
3,female,42.94697708038211,1,0,30.284725469579016,S,no,Yes
1,male,,1,0,2.6843743923451386,S,yes,No
3,male,51.34398424991306,0,0,8.428497995179768,C,yes,No
2,male,25.768707784882753,0,0,22.716844165105254,C,yes,No
3,male,29.390174231947675,1,2,46.690890967520936,Q,no,No
1,male,18.865430652356558,1,0,1.7588261295522294,S,no,No
2,male,-5.451483773957651,0,0,20.19532676599919,S,yes,No
1,male,,0,0,29.12679450387448,C,no,No
3,male,40.384236507840285,0,0,68.0018143351518,S,no,No
3,female,25.620750421785907,0,1,56.34137125547874,S,no,Yes
2,male,30.671365399760642,0,1,49.35729529287433,S,no,No
3,male,37.181118656709444,2,0,9.394001919691112,S,no,No
3,female,7.043085075145129,0,0,2.4853100874653653,S,no,Yes
3,male,22.028736178478724,1,1,15.307404897191203,C,yes,No
3,female,41.21683785451649,0,2,81.6105212258924,C,yes,Yes
2,female,,0,0,130.60081183654378,S,no,Yes
1,male,33.95659001641612,3,0,57.55027552643246,S,yes,No
3,male,10.029563832960626,0,0,41.06716870689239,S,no,No
3,female,36.46323474528613,0,1,38.689474181353134,C,no,Yes
3,female,29.183198506686487,0,0,12.586911495798612,S,no,Yes
2,male,,0,0,20.987513124159392,S,no,No
2,male,46.58872063962899,1,0,181.79568216460243,S,no,No
3,male,19.048422136428286,2,0,7.916351203580013,S,yes,No
3,female,17.951339663291474,0,0,170.32945783695314,S,yes,Yes
3,male,32.60825335984867,0,0,16.669258498998513,C,no,No
3,female,46.35524156671637,0,0,120.36376481764466,S,no,Yes
3,male,14.970583624813244,1,0,4.534985964359319,S,yes,No
1,male,,0,0,49.5550930415279,S,no,No
1,male,35.91783925479331,0,0,10.1337945839677,S,no,No
3,male,39.75003130531559,0,0,4.489221806481179,C,no,No
3,male,,0,1,31.888353557694952,S,no,No
1,male,,0,1,82.38193243563423,C,no,No
1,male,,1,0,8.90016907445837,S,yes,No
3,female,30.949086304172432,0,0,4.0599913677844635,S,no,Yes
1,male,,0,0,21.972381598017723,S,yes,No
1,male,-12.659582010671809,1,0,22.088952694528636,S,no,No
3,female,36.03011716028618,1,0,47.36973644019891,S,no,Yes
3,female,42.80705519574983,0,0,76.67022909540722,C,no,Yes
3,female,-4.562520315356661,0,0,22.84430340849329,S,no,Yes
1,female,15.058904781705905,0,0,227.37575964177833,S,no,Yes
3,male,38.677736784575366,0,0,32.107244609525324,C,no,No
1,male,59.53368431081963,0,0,16.188290832628415,Q,no,No
2,female,30.001508761293415,0,0,3.547060275694467,S,no,Yes
3,female,,0,0,17.90014074420594,Q,no,Yes
3,male,,1,0,16.384498353965142,S,yes,No
3,female,49.63570807764868,0,1,77.66197501476476,S,no,Yes
3,male,20.333519402694236,0,2,42.73338004353162,C,no,No
3,male,18.111715903571323,0,0,5.958132267577271,S,yes,No
1,male,22.700218928360528,2,0,30.165692349007983,S,yes,No
2,male,15.87673518024867,1,0,54.91779364293645,S,no,No
2,male,31.478719581924533,1,0,153.49033966454917,C,yes,No
2,male,53.25783764780863,1,0,71.16525878304633,C,no,No
3,female,,2,1,61.13080943582773,S,no,Yes
2,male,26.040874219168828,0,0,26.3667354160651,S,no,No
3,male,,0,1,39.09421126365978,S,yes,No
3,female,7.0337332738984735,0,0,109.88187013179486,S,no,Yes
3,female,42.505091768633804,1,0,4.956337808792559,S,no,Yes
3,female,28.57136064331437,1,0,16.129869592744054,C,no,Yes
3,female,27.083041252935928,0,0,9.707681715119872,S,no,Yes
3,female,76.00005973375048,0,0,38.666892481939016,S,no,Yes
1,male,34.03191717130245,0,0,107.36847507067736,S,no,No
3,male,18.79902977361983,2,0,11.984700235508502,S,no,No
2,male,23.517814855019623,0,5,1.3932438858321563,Q,no,No
1,male,,0,0,14.959328811084688,S,no,No
3,male,31.342420952797585,0,4,73.41795163643299,S,no,No
1,female,8.844969314398181,0,2,46.765973828287805,S,no,Yes
3,male,43.02881955134045,1,1,41.01030995346866,S,yes,No
3,male,20.01191075968459,0,0,17.53165383747976,S,no,No
3,male,56.86281775515441,1,0,5.286535500794837,S,no,No
2,female,,0,1,45.52916847511283,S,no,Yes
1,male,23.21383251294811,0,0,9.014747324839169,S,no,No
3,female,48.27473724515914,0,0,337.2808884451252,S,yes,Yes
2,male,30.683904902647345,1,0,48.64790037909785,S,no,No
3,male,42.06521828927218,0,0,12.221809710594467,Q,yes,No
3,male,,0,0,11.779228728692026,S,no,No
3,female,17.427828502632334,0,0,21.943411874194016,S,no,Yes
2,male,20.3685274313968,2,0,18.404545894305524,S,no,No
2,female,44.63443185492684,0,1,93.70958987910242,S,no,Yes
3,male,24.845757684455158,1,0,30.68271306625844,C,no,No
2,male,23.847097282991047,0,2,10.196473378599611,S,no,No
1,female,15.85072259943438,0,0,237.11110344328424,S,yes,Yes
3,female,35.842186451105185,0,1,26.02792494034136,S,yes,Yes
3,female,59.6066113290256,0,0,61.7199743039768,S,no,Yes
3,female,14.220772743313043,0,1,11.823962480857404,C,no,Yes
3,female,30.05118212175499,0,0,37.92986336093423,S,no,Yes
1,female,50.177198053523725,0,1,35.63513143701783,S,no,Yes
3,female,28.54519982693713,2,0,2.5406522756119125,S,no,Yes
3,female,36.25939104562114,0,1,275.4290689735457,C,no,Yes
1,female,,1,5,115.44259034582976,S,no,Yes
3,male,35.9104529095109,0,0,15.23149952393689,C,yes,No
3,female,26.98640815743404,0,0,6.535679442520609,S,yes,Yes
3,male,43.99308493735801,0,1,37.22847541356001,C,no,No
3,female,46.91709774768889,0,0,27.222320388149022,S,no,Yes
3,female,67.2486728092699,0,1,37.592431426137395,C,no,Yes
2,male,38.104681011596846,0,0,30.873335279848018,S,yes,No
2,female,34.424046590441414,0,0,45.0372167642371,C,no,Yes
3,male,32.518572372871375,0,2,139.31907962340642,S,no,No
3,male,24.579088754245017,1,0,48.507762959437805,S,no,No
3,female,34.60801573019452,1,1,6.961628322100524,S,no,Yes
3,male,25.41667955298407,1,0,125.84807472035165,S,no,No
3,female,32.14268415590941,0,0,175.6928809546807,S,no,Yes
3,female,48.805164266315415,0,0,1077.5746296273085,Q,yes,Yes
3,male,15.105132803445203,0,0,6.371323126061595,Q,yes,No
3,male,46.22823913637116,0,0,32.83379813416794,S,no,No
3,male,48.798168476428046,0,0,2.016738406419778,Q,no,No
3,male,27.988006358629356,0,0,47.64506169340163,S,no,No
3,female,-1.066896035624623,0,0,12.70708411397868,S,no,Yes
2,male,20.88658118713073,0,1,246.69060837258752,S,no,No
2,male,,1,0,9.683874078816586,S,yes,No
1,male,29.36841309666621,1,0,3.2316096425137504,Q,no,No
3,male,15.210117631723794,0,0,13.93611275728478,S,yes,No
1,female,22.380763642190846,2,0,2.291976795191938,S,no,Yes
3,male,41.88899038431602,2,0,60.41994981820471,S,no,No
3,female,37.627636738919996,0,0,2.0583410534284914,S,no,Yes
2,male,26.23548456203943,0,0,25.384762626493536,S,yes,No
3,female,,0,0,2.0271397638385875,,no,Yes
1,male,,2,0,16.703906839643096,C,no,No
1,male,16.32505232477171,1,1,176.27650034642824,C,no,No
3,female,53.12294749730691,0,0,37.8177084229798,S,yes,Yes
2,male,25.026353196435572,0,0,8.704217462830124,S,no,No
1,female,,0,0,23.63091502033093,S,no,Yes
3,female,51.75908275287554,0,0,25.068704773937853,S,no,Yes
3,male,,0,2,43.25688515365955,S,no,No
1,male,23.441505465588296,1,0,4.757726671134258,C,no,No
3,female,35.55408630988084,0,0,49.952908349601955,S,no,Yes
1,male,29.349163707331716,1,0,0.9557394375703095,S,no,No
1,male,16.59632301941314,1,0,11.520620736161332,S,no,No
3,male,34.40320958496324,1,0,13.654530742142263,S,yes,No
3,male,12.603923028182862,0,0,52.45691632641588,S,no,No
3,male,46.92135113269268,0,0,25.207889557875195,Q,no,No
3,female,22.9630491891733,0,0,4.541804206272043,S,yes,Yes
3,female,32.61681501015617,0,0,7.5233254102010525,C,no,Yes
3,female,33.80767413741906,0,0,31.13759748757332,S,no,Yes
2,female,25.945877881290876,1,0,22.31187816425868,S,no,Yes
3,male,38.20706012139148,0,0,12.244184241187789,S,no,No
2,female,,0,2,13.77698508672469,C,no,Yes
2,male,42.33381081313004,0,0,56.56563224257065,C,no,No
1,male,10.183294636422147,0,2,13.180901325117947,S,no,No
1,male,,1,0,22.07157335788426,S,no,No
3,male,57.81447048634513,1,0,331.5981703806631,S,no,No
3,female,15.195195793219165,0,0,4.444115385344648,S,no,Yes
3,female,19.872697927389652,0,0,2.658570898217225,Q,no,Yes
2,male,37.15166382005427,0,0,62.822142427688625,S,no,No
1,male,32.30393583812417,0,0,10.86588784517943,S,no,No
1,female,34.78413643946661,0,0,16.74525553839752,S,yes,Yes
2,male,36.79321338714112,1,2,9.60815624142589,S,no,No
3,male,38.903461294145664,0,0,17.9616661942443,S,no,No
3,male,45.790647708365235,0,0,167.04207629025979,S,no,No
3,female,35.642370525463434,0,0,64.235380070509,C,yes,Yes
2,female,26.201764008031134,0,0,69.03876885443161,C,yes,Yes
3,male,39.4523186674396,0,0,4.484053933154032,S,no,No
3,male,57.24828805598062,0,0,6.163319523818858,C,no,No
3,female,27.776810677452684,0,2,0.8131055164028338,S,no,Yes
3,female,15.569325082275698,0,1,9.288183628409005,S,no,Yes
2,male,45.7526697046611,0,0,77.32704953337377,S,no,No
2,female,27.954473122672823,0,0,45.61952564761322,S,no,Yes
2,male,-1.8037084172035236,0,2,18.806152641447323,S,yes,No
3,male,41.98761431868111,2,0,23.88473756969549,,no,No
1,female,21.93774130366812,0,0,10.733152854143311,S,no,Yes
1,male,28.387267406589668,0,0,31.365565746065442,Q,no,No
1,male,34.51371479325071,0,0,61.501030783340575,S,no,No
1,male,32.46224535679646,0,0,3.5287223153776517,S,no,No
3,male,39.987051348516076,0,0,35.14833418073154,S,no,No
3,female,,1,0,75.10760699203678,S,no,Yes
3,male,,1,0,14.907726763118491,S,no,No
1,female,,0,0,56.87413876395597,C,yes,Yes
3,male,40.41275197286879,0,0,718.8015658770714,S,no,No
3,male,38.62282851818927,0,0,21.645306658181344,S,yes,No
1,male,16.136138820353366,1,0,39.329247764413644,S,no,No
2,female,45.44674068453797,0,0,10.118156665659658,S,yes,Yes
2,male,21.9285300458463,0,0,30.493129474981554,S,yes,No
3,female,41.416838075076605,0,0,42.620099019514505,S,no,Yes
3,male,,0,1,30.99453220127313,S,no,No
1,female,56.353663313529275,0,2,7.2164678543447565,S,no,Yes
2,male,,0,0,31.4259544267581,S,yes,No
3,female,24.634906456286135,0,0,141.83084660773056,Q,no,Yes
3,female,,1,0,42.0291286599013,S,yes,Yes
3,female,,0,0,77.8189229264989,C,no,Yes
3,female,41.29915757815972,0,1,18.459619855475392,C,no,Yes
1,female,,1,0,60.33306453147994,S,no,Yes
1,male,14.421604922377865,0,0,34.29917858273206,S,no,No
3,male,14.216857637101699,0,0,7.837399824977817,S,no,No
1,male,43.47946008361685,0,0,35.95345573730062,S,no,No
3,female,54.503893902437916,0,0,7.4630487016250076,S,no,Yes
3,male,28.18548633120666,1,0,11.479279988333674,C,no,No
3,female,,0,0,30.790123370063775,Q,no,Yes
2,male,30.71575636514113,0,1,35.04710900510713,S,yes,No
3,male,,0,2,5.888027440975307,S,no,No
3,male,16.253379554236673,0,0,86.90216324149519,S,no,No
3,female,33.15635024965438,1,0,48.73549106468692,C,no,Yes
3,male,43.84036563184523,0,0,10.53102726340925,S,yes,No
2,male,36.96586546412775,0,0,3.8763664940268283,S,yes,No
3,male,32.44893344068178,1,0,20.616969629405244,S,no,No
3,male,44.21516834222355,0,0,14.366046541806686,S,no,No
1,male,,1,0,28.09997111669721,Q,yes,No
1,male,39.52919213319816,1,0,15.867293952565175,S,no,No
1,female,,1,0,2.205715105279942,S,no,Yes
1,male,3.1558229955813744,0,0,15.394090069425795,Q,no,No
1,male,37.11243769311222,0,0,17.000743301500187,S,yes,No
3,male,49.61804890486289,1,0,52.47795778541913,S,no,No
1,male,,0,4,10.613856776298178,S,no,No
2,male,43.51668093444261,0,0,183.90321394481228,S,yes,No
3,male,,1,0,2.4744826384940195,S,yes,No
1,male,48.766259576968686,1,1,118.32096773857629,S,no,No
3,male,,0,6,18.742941626318657,S,no,No
2,female,40.460848620542436,0,0,68.82051246611073,S,no,Yes
1,female,30.793787764073095,0,1,26.997972777494162,C,yes,Yes
3,female,6.471495727491057,1,0,96.29983864240556,C,yes,Yes
3,male,26.132093922115743,1,0,15.412296156334522,S,no,No
3,male,17.47292436791522,0,0,6.564363107934687,S,no,No
3,male,61.1786694037183,0,0,134.90962970959768,S,no,No
3,male,27.14965571973112,1,0,21.409253282317913,S,no,No
2,female,31.486469698375043,0,0,32.00429678602715,C,no,Yes
1,male,,0,0,107.95368546435299,S,no,No
3,male,30.33223547240058,3,0,7.111077002486963,S,yes,No
3,male,,0,0,50.128468345950054,S,no,No
3,female,,0,0,12.086949202884222,S,no,Yes
2,male,32.52180810094002,0,0,20.93446352144847,S,no,No
2,male,18.9341765073783,0,0,26.755358163499057,S,yes,No
3,male,10.559673587299766,1,0,4.054120479510314,Q,no,No
2,male,20.82934818187336,0,1,9.634934932647758,C,no,No
3,male,29.162966442798027,8,0,124.1247950115089,S,no,No
3,male,,0,0,71.05323794723067,S,yes,No
2,male,19.659895791829086,0,0,22.756083294369727,Q,no,No
3,male,9.308396776758407,0,0,32.843312594390724,S,no,No
3,male,28.494969196883925,0,0,17.234427691466326,S,no,No
1,male,7.881554576550467,0,0,124.94830140533718,,no,No
3,male,40.72081147349924,0,0,19.289808638928644,C,yes,No
3,female,,0,0,32.401687687492064,S,no,Yes
3,female,8.565503257758508,0,1,97.0509572433681,S,no,Yes
2,male,25.21646838277698,1,0,9.651894508290862,C,no,No
3,male,18.793732118936543,0,0,159.26142292549287,C,no,No
2,male,34.32803040107812,1,2,3.909643949366978,Q,no,No
1,male,49.136531467335594,0,0,173.3947101649671,S,no,No
3,female,2.5099991901367034,0,0,15.686324773633928,S,yes,Yes
1,male,31.367878147637548,0,0,18.334077792611854,C,no,No
2,female,27.378074464283713,0,0,2.5395522718824197,C,no,Yes
3,male,39.434431108531754,0,0,14.214269283114461,S,no,No
3,male,32.791351109446495,1,0,7.04439427874455,S,no,No
3,female,18.796444689787123,1,0,11.832197124457988,C,no,Yes
3,female,25.073717932834036,0,0,20.805696950430015,C,yes,Yes
2,female,18.157625076349408,0,0,77.42811343862158,S,no,Yes
2,female,45.302103509679675,1,0,31.472810730233732,S,yes,Yes
2,male,30.00901890574316,0,0,35.488616535305525,S,no,No
3,female,57.26726494341861,1,1,6.588836209073862,S,no,Yes
3,male,28.820418199688,1,0,8.525784926976684,S,no,No
3,female,19.42810187979829,1,0,212.3997308158357,S,no,Yes
3,male,,0,0,10.152893698291328,S,no,No
1,female,3.554474694288796,0,0,179.01147366411962,S,yes,Yes
3,male,6.730028826420398,0,0,18.326105279506084,S,no,No
1,male,33.573336439666505,0,0,24.599977378684038,C,no,No
3,male,37.07651283683404,1,2,88.62714540888602,S,no,No
2,female,6.772734820534065,0,1,112.8738593575236,S,yes,Yes
3,male,42.67805555410367,0,0,21.47790919612793,C,no,No
2,male,,1,0,15.39600924303223,S,no,No
1,male,31.828498673790463,1,0,22.940306252698672,Q,no,No
1,male,53.077199109703656,1,0,36.80188379250861,C,no,No
3,female,42.70417008005021,1,0,71.49048931247356,S,no,Yes
3,male,,0,0,24.657369733464023,Q,no,No
1,female,,0,0,51.55574026592148,S,no,Yes
1,male,-1.5013233192749205,1,0,175.21813417747086,S,no,No
3,male,19.272276870984907,0,0,38.7670839479329,S,no,No
1,female,26.63861153699843,0,2,35.658353072756725,S,no,Yes
3,female,15.385896856307832,0,0,3.9642116571839394,Q,no,Yes
3,male,,0,0,1.0440671797452055,S,no,No
1,male,,1,0,39.0972008563181,S,no,No
1,female,26.43958826378286,0,1,21.893962687851985,S,yes,Yes
3,male,,0,0,13.227007870839795,S,no,No
2,female,,0,0,32.85934715762543,S,no,Yes
2,female,36.10813941875643,0,0,22.817220249006926,S,no,Yes
3,female,,0,0,94.9486577490387,C,no,Yes
3,male,50.158519506320914,0,0,27.20315724938519,S,no,No
3,female,28.270472081878204,1,0,10.011075778335588,C,no,Yes
3,male,29.97331953270029,0,0,80.49535547128421,S,no,No
2,male,39.96910913722008,0,2,18.90530763830605,C,no,No
1,male,33.08163390332077,0,0,46.14755685865361,S,yes,No
3,male,43.52048119174205,1,0,13.833693198348747,S,no,No
3,female,,0,0,11.24819574316465,S,no,Yes
2,female,20.81965806771365,1,2,27.139816040712745,C,no,Yes
3,female,34.941801115488474,0,0,24.913115015341624,S,yes,Yes
1,male,13.115969993850403,1,0,43.63207052407154,Q,no,No
3,male,31.274115733759587,0,0,17.77201618949336,S,no,No
1,male,29.21816513565532,1,0,2.708427638946393,S,no,No
3,female,26.682305569548173,0,0,14.594888135414452,S,no,Yes
1,male,,2,0,63.59800872957884,Q,no,No
1,female,2.4131888402842314,0,6,17.169742967004808,S,yes,Yes
1,male,21.743488837756058,0,0,18.253191053360165,C,no,No
3,male,31.046251066546162,0,0,80.13011949772937,C,no,No
3,female,,0,0,10.439869968885096,S,no,Yes
3,male,14.798710456573607,1,0,3.8521681210217396,S,no,No
3,female,48.052763692538164,0,1,20.23153764746871,C,no,Yes
2,female,17.140464700889737,0,0,13.721874776794088,S,no,Yes
2,male,43.757129407637684,0,0,7.694489446033492,C,no,No
3,male,35.89431824713943,0,0,19.876653517354935,S,no,No
1,male,20.329704007264855,1,0,44.247849734213695,S,yes,No
3,female,,1,0,24.26060220381602,C,no,Yes
1,male,12.39226593953104,1,0,35.45900665794896,S,no,No
3,male,,0,1,216.17521041879763,S,yes,No
1,male,,0,2,16.25735409560349,S,no,No
3,female,19.97600696838865,1,0,34.26136592812429,S,no,Yes
3,male,49.89074685093277,0,2,13.315702326387786,S,no,No
3,female,,0,0,8.885034425257016,C,no,Yes
1,female,33.88605762455793,0,0,12.159500712876163,S,yes,Yes
3,male,,0,0,13.81133613728823,S,no,No
3,male,27.752523248677058,0,0,37.76455472650494,S,yes,No
3,female,41.45671996081684,1,0,411.1223850607811,S,no,Yes
3,male,41.20558644800709,0,0,10.389003349212565,S,yes,No
3,female,4.3462863880463765,0,0,14.880470272815886,Q,no,Yes
3,male,48.61293352173321,0,0,22.742885796863202,C,no,No
3,male,,0,0,39.4470244444774,S,no,No
3,female,44.67191996295403,0,0,33.65834348348913,S,no,Yes
3,male,46.03722448399996,1,0,114.53895147952751,S,no,No
1,male,13.880986761879624,1,0,1.3341968700564903,S,yes,No
2,male,23.74319282465852,0,0,1.3988971214373933,S,no,No
3,male,13.667282306953933,1,0,13.530497255648703,S,no,No
3,male,26.58364506081334,8,1,91.53855274820015,S,yes,No
3,male,25.23350287930675,1,0,3.747999991368765,S,no,No
3,female,41.00507771790543,1,0,0.6642087425282541,S,no,Yes
2,male,,0,1,48.68715742777977,Q,no,No
1,female,49.93741525645436,0,0,32.864356073414775,S,no,Yes
3,male,21.54856361461462,0,0,6.630962133477287,S,no,No
2,female,26.666282830704347,0,0,7.518393457254113,S,no,Yes
3,male,,8,2,7.662264268162711,S,no,No
1,female,,0,0,28.012263066842156,S,yes,Yes
3,male,,1,0,11.570070893943708,S,no,No
3,male,53.12595094144936,1,0,44.38389608111964,S,no,No
3,male,11.801941357741129,1,0,0.7980755630428796,S,no,No
3,male,21.109268242283033,8,0,8.773868032158836,C,no,No
2,male,29.317116524095557,0,0,6.351781005629183,S,yes,No
3,male,33.7623368028843,0,0,18.036386432548998,S,no,No
3,female,17.96074896113613,0,2,12.862842001078707,S,no,Yes
1,male,,0,0,63.90595412738454,S,yes,No
3,male,,0,0,2.6347699535010807,S,no,No
3,male,29.49044207226495,0,1,25.908983752593176,S,yes,No
3,female,37.62112159605364,1,0,47.942563844519064,S,no,Yes
3,male,29.793122912258596,0,0,227.6881487066469,C,no,No
3,male,,0,0,13.761582521027963,S,no,No
2,male,28.11065784307545,0,1,36.210543206414926,S,no,No
3,female,28.418737091522637,0,1,2.8161329482705573,S,no,Yes
3,female,24.33484006670915,0,0,1.3904849272459197,Q,no,Yes
1,male,25.947457091327014,1,2,67.60819820638416,S,no,No
1,female,52.8803839723184,0,0,24.36938539598953,S,no,Yes
2,female,37.83333199514796,1,1,100.9086071773057,S,no,Yes
3,male,25.415535388577176,0,2,4.720508530167723,S,yes,No
3,female,39.80583886540567,1,0,45.78161390667086,S,no,Yes
1,male,24.859617398537857,0,0,231.03781736345312,S,no,No
3,male,46.7103072450063,0,0,40.5950740337499,Q,yes,No
2,male,35.05981178687236,0,0,34.188789799973506,Q,no,No
3,male,28.14411891193868,1,0,24.785710485014143,S,no,No
3,male,36.191895424249026,0,0,3.7245358924893375,S,yes,No
3,female,6.922295795006761,0,2,124.79688839004409,Q,no,Yes
3,male,,5,0,11.786688862543672,S,no,No
2,male,12.388087407213696,1,0,44.94232080207918,S,no,No
2,male,,0,1,3.759773935715884,S,no,No
1,female,54.82146749253383,1,2,5.957484943032953,S,no,Yes
3,male,62.05385211979316,0,0,137.291290828226,S,no,No
3,male,38.95174097089098,0,3,16.171286854330674,S,no,No
3,male,36.96224488669463,0,0,140.32070758323002,S,yes,No
3,male,3.584662854785286,2,1,22.334290971618795,S,yes,No
3,female,21.831229903856684,2,0,2.690488222370729,S,no,Yes
3,female,18.277135597330535,0,0,71.55605436462696,S,no,Yes
3,male,20.697709825358817,0,0,12.086984574773242,C,no,No
3,female,,0,0,56.7370011909362,S,yes,Yes
2,male,22.85468662339165,8,0,25.286054571252002,S,no,No
3,female,,4,0,3.8507122318217606,Q,yes,Yes
1,male,40.544698713704236,0,0,29.878935041399036,Q,no,No
3,male,14.145226126772805,1,2,342.2247792997787,S,yes,No
3,male,33.169079529611665,1,0,44.32654689223681,S,yes,No
1,female,59.77419871137461,0,0,22.896377182179545,C,no,Yes
3,male,16.36892342199686,0,0,89.15817882133706,C,no,No
3,male,-6.989169079821782,0,0,31.58878518030451,Q,no,No
2,male,25.552938782738394,0,1,31.545819502193115,C,no,No
1,female,45.66391470747928,0,1,6.619698290181758,S,no,Yes
3,male,58.09603808619861,0,0,32.47977639721294,S,no,No
3,female,11.871530880439956,2,0,84.98987227625702,S,yes,Yes
3,female,36.902138736929565,0,1,8.995508682329756,S,no,Yes
3,male,22.952998376689226,0,0,135.55737541537263,S,no,No
3,female,28.163748862590033,1,1,21.976040045426178,S,no,Yes
3,male,68.04297853174701,1,0,8.454311823163987,S,yes,No
3,female,7.906930238270277,0,1,81.21975390752046,C,no,Yes
3,male,33.379225091671316,0,0,17.389158148703434,S,no,No
2,female,36.48155099059878,0,0,61.03319307712296,S,no,Yes
1,female,45.44390171162053,0,2,17.28587408853119,S,yes,Yes
1,female,,0,0,22.833040410124646,S,yes,Yes
3,female,,0,0,44.357076005786055,C,no,Yes
3,male,24.02109577238403,1,0,34.78118115518145,S,yes,No
3,male,33.60234064805405,0,0,2.2375060240093125,Q,no,No
1,female,,0,0,6.388551190217389,S,no,Yes
1,male,38.71279240291274,1,0,74.83547084592969,S,no,No
1,male,24.340650127367308,0,0,20.935286682650606,S,no,No
2,female,35.167955711581705,0,0,13.085731481002194,S,no,Yes
3,female,,1,1,4.8052601462284645,C,no,Yes
2,female,46.027728636196436,0,0,6.714815907399249,S,yes,Yes
2,male,28.95479100796695,1,0,2.16807923852721,C,yes,No
3,female,3.9910292110002175,1,0,21.724988407688755,S,no,Yes
2,male,47.997861760352876,1,0,11.963674135407132,C,yes,No
3,female,16.566881637492024,3,0,7.691336232817592,S,no,Yes
3,male,20.220388089592113,0,0,22.606825858153353,C,yes,No
2,female,21.062911236369363,0,0,37.96879951311858,S,no,Yes
3,female,49.62935235097685,0,0,302.42627194356095,S,no,Yes
3,male,-1.2672761026910848,0,0,3.997782756365365,S,no,No
3,female,,0,0,98.6183403542224,Q,yes,Yes
1,male,45.01282373145775,0,0,78.86376524233683,S,no,No
3,female,32.93696425487281,2,0,9.631979042538955,S,no,Yes
3,female,28.904036991063847,0,0,31.30829710057437,C,no,Yes
2,male,33.840534085436026,0,0,14.165934460634574,S,yes,No
3,female,37.25627521150041,0,1,30.655935460421446,S,no,Yes
3,female,39.05562599627582,0,0,150.04829607174744,S,no,Yes
3,male,37.756264757050005,0,0,50.74065581805016,S,no,No
2,male,30.998919878201107,0,0,45.16534313237892,Q,no,No
3,female,26.83859290554377,0,0,14.638116063338144,C,yes,Yes
2,female,27.50653738702408,0,0,4.133530986403719,S,no,Yes
1,female,,1,0,19.102861629257774,Q,no,Yes
1,female,46.13966640457244,1,1,104.36869621859793,S,no,Yes
1,male,38.30657247307249,0,0,3.925126468905309,S,no,No
1,female,-12.935635202632067,0,2,6.916381707110814,S,yes,Yes
1,male,39.21056125968153,1,0,28.54612738033797,S,no,No
3,male,32.52367482342223,1,0,7.52638056942847,S,yes,No
1,male,29.42872303153449,0,0,9.477986161337252,Q,no,No
2,male,24.066482430211153,1,0,14.756471051380046,C,no,No
3,male,45.99963443979719,0,0,4.764816922046994,S,no,No
3,male,43.43913370078144,1,0,7.622114194335424,S,no,No
3,female,18.493273816557668,8,0,57.06057941069007,C,no,Yes
1,male,35.602258163305756,0,2,5.109779544573524,Q,no,No
1,male,15.610977349151353,1,1,3.6058352594164127,C,no,No
1,male,,0,0,11.51867952992368,S,yes,No
1,male,20.612600243445506,3,0,59.04775970725483,C,yes,No
2,male,,0,0,19.36938700701587,S,yes,No
1,male,43.520313157953254,1,0,14.048318462898315,S,no,No
1,male,37.13973859141075,0,0,25.873791806292196,S,yes,No
1,female,40.21388890929596,0,0,3.019680649414642,S,no,Yes
3,male,37.18458516316689,0,0,44.41808847368266,S,yes,No
1,male,20.39851686926719,3,0,38.866085709024695,S,no,No
2,male,,1,5,15.011699009600619,S,no,No
3,female,41.305938115801396,1,0,82.03199992734879,C,no,Yes
3,male,40.63722428229683,2,2,6.340798337457171,S,no,No
1,male,46.93924388638232,0,0,94.96332760891057,S,no,No
3,male,39.970405784415426,0,0,29.529577811381657,S,yes,No
3,male,,0,0,16.381241875829403,Q,no,No
1,male,45.2171784555882,0,0,23.954390765572843,S,no,No
3,male,29.315441740888627,0,0,21.56954316573637,S,no,No
3,male,16.91281755719809,0,0,106.09548342776412,S,no,No
1,male,27.33552902281542,0,0,6.7394953419193335,C,no,No
2,male,,0,0,9.825459381254706,,no,No
3,female,19.909915012871465,0,0,85.07757356618316,S,no,Yes
3,female,27.604479274624993,0,0,12.005418358803828,S,no,Yes
1,female,18.209911145500563,3,0,72.2866664803105,C,no,Yes
1,female,25.234557820233917,1,0,188.54244983726312,S,no,Yes
2,male,2.2425873291701066,3,0,15.147658532035445,S,no,No
3,male,32.79275875690761,0,0,55.569516798641516,S,no,No
3,male,,0,2,6.144573056386612,S,no,No
2,male,17.852214849511235,1,0,60.683993069616015,S,no,No
3,female,39.25906219226987,0,0,31.16540866693426,S,yes,Yes
3,male,43.29476699558509,0,0,43.278065602688706,S,no,No
1,female,6.390381966649873,0,0,11.305773376943158,Q,no,Yes
2,male,18.64049071078989,0,0,3.3424360630167738,S,yes,No
3,female,,0,0,44.875970696730455,C,no,Yes
3,male,16.07140503392146,0,0,2.0624945917153745,S,no,No
3,male,41.727385208010354,0,1,16.76308939161487,S,no,No
3,male,,0,0,75.9001180475424,S,yes,No
1,male,25.864534800996143,0,0,30.88520550637844,Q,no,No
2,male,,1,0,254.17199251410466,C,no,No
3,male,38.91356143803378,0,2,83.94241122730517,S,no,No
2,female,11.730753274624647,0,0,11.193373305111713,C,no,Yes
2,male,,1,0,25.349932208728593,S,no,No
2,male,33.72196560039378,0,0,23.176878305454093,Q,no,No
1,male,49.429549639660436,0,1,3.6743927612745204,S,no,No
2,female,10.722104212772873,0,5,7.936888328068977,Q,no,Yes
1,male,-14.082926259401969,0,0,12.516989877234343,S,no,No
2,male,32.365818398928575,0,1,2.1308807599417423,S,yes,No
1,male,55.80741213190738,1,1,25.97130207046354,S,no,No
3,male,47.66472211762184,0,0,18.194398762567683,S,no,No
3,female,32.740061521482076,0,0,3.29539921498611,S,no,Yes
3,male,22.571275308335313,0,0,39.84733145825149,S,yes,No
3,male,,0,2,57.9191048852707,S,no,No
3,female,,0,0,32.215296123163505,S,yes,Yes
1,male,36.60718765566518,0,1,16.62850164703777,S,yes,No
3,male,37.02931730791609,0,0,49.88551011348619,S,no,No
3,male,,0,0,55.49341874622722,Q,no,No
3,female,69.71507056421062,0,0,35.47698880615284,S,no,Yes
2,male,35.39003152409212,0,0,9.119958918067999,S,yes,No
1,female,22.320027427241268,1,1,34.18957997713786,S,no,Yes
2,male,29.32917247321608,0,1,102.9843238474189,S,yes,No
2,male,4.048399379107785,0,1,11.989666210558013,S,no,No
3,male,,0,0,304.1518876192162,S,no,No
3,female,23.765404647359993,1,0,13.055935777638958,S,no,Yes
2,male,22.10071822994841,0,0,25.505354640137213,Q,no,No
3,female,31.90914564448897,0,0,10.946472790615887,S,yes,Yes
3,female,17.774910980458092,1,0,32.07012794028915,S,no,Yes
1,male,45.95494467620483,1,0,3.0323380900548247,S,no,No
1,male,,0,0,12.740040656920065,S,no,No
1,male,29.56514534349009,0,6,6.615759194290406,C,no,No
2,male,24.94552661056269,1,0,28.858541571499998,S,yes,No
1,female,31.950264915955195,4,0,80.90995345984841,S,no,Yes
1,female,41.6639248376807,1,0,53.261163432225295,S,no,Yes
2,male,17.126611872191944,0,0,1.4247676773196638,S,no,No
1,male,20.15731090840878,0,0,284.4289777363768,S,yes,No
3,female,25.29597258273836,0,2,34.964593275122404,C,yes,Yes
1,male,,1,1,9.662003529299144,C,no,No
3,female,17.82076103403828,0,2,29.62307157403257,Q,no,Yes
2,male,22.794797333602443,0,5,30.3084874454866,C,no,No
3,female,42.378643120334544,1,0,11.020768516781883,S,yes,Yes
1,male,33.50713927052791,0,0,31.10908817618129,S,no,No
2,male,32.50705371482939,1,0,11.83466876534975,C,no,No
3,male,42.0380204514356,0,0,15.101070098677317,C,no,No
3,male,27.70810906820875,0,0,10.76677536245825,C,no,No
3,male,,0,0,4.396437053454144,S,yes,No
2,female,28.203284582478805,1,0,29.22439378919948,S,no,Yes
1,female,33.547754066294615,0,0,49.519143085764775,C,no,Yes
3,male,21.24999946463206,0,0,45.506734012999516,C,yes,No
3,male,,2,0,65.62195390588559,Q,no,No
3,male,27.75295214829859,0,0,36.20539902391423,S,no,No
3,male,50.329847973449134,0,0,12.945256170313964,S,no,No
2,male,43.13012333250309,0,0,67.19485199097286,S,no,No
3,male,,0,0,4.811355976520627,C,no,No
1,male,47.62389546619016,0,0,8.324428134753981,S,no,No
2,male,30.98553506894084,0,0,7.713406465295032,S,no,No
2,male,32.561077757381135,0,1,89.66381352172577,,no,No
3,male,20.744047516201924,0,0,76.04659290420756,S,yes,No
2,female,25.11694358760778,0,0,44.02537994054711,C,yes,Yes
1,male,,0,0,88.7937121397655,S,no,No
3,female,47.15632433894783,0,0,8.540851081631704,C,yes,Yes
2,male,27.678029002625507,0,1,37.27467508203914,S,no,No
3,male,23.17225565965453,0,0,21.11092514659995,C,no,No
1,female,29.70765540342066,0,0,67.77941428050792,Q,no,Yes
3,female,38.417497859472164,0,0,21.36450544531501,S,no,Yes
3,female,8.764105166063644,1,0,15.457101378741418,S,no,Yes
1,male,-3.5946238204899537,0,0,46.95032943141386,S,yes,No
2,male,21.717215682372036,2,0,70.20383931474386,S,no,No
1,female,11.999669824244698,3,0,11.000995472281296,C,no,Yes
1,male,,0,0,22.798829441951398,S,no,No
3,male,27.557185377146663,0,0,6.88862320280253,S,no,No
2,male,23.127898069166307,0,0,1.2242480013011001,S,no,No
3,male,50.7607792498258,1,0,31.20416431977327,C,yes,No
2,female,34.43779908673364,0,0,50.941933614887176,Q,yes,Yes
3,male,34.05687821435701,0,0,33.59845792760085,S,yes,No
3,male,38.72200358862933,0,0,2.364403898252581,S,no,No
3,male,13.186919792178848,1,0,16.102598941621228,S,yes,No
3,male,44.76712091759389,1,2,1.7125486301838542,S,yes,No
2,male,28.60141784523583,0,0,126.93070773635507,S,no,No
2,male,,0,0,6.664097272410707,S,yes,No
3,male,,0,0,110.66242280349454,S,no,No
3,female,7.170497892767067,0,0,76.32828462546202,S,yes,Yes
3,male,,1,0,8.325237607966852,S,yes,No
1,male,35.15793812841399,0,0,6.300683115044414,S,no,No
3,female,16.6202524618161,0,0,37.35415908251517,S,no,Yes
3,female,,0,2,8.906765490065926,C,no,Yes
1,male,,1,0,27.74294491551278,S,no,No
1,male,12.453527553423747,1,0,13.74406220259575,S,no,No
3,male,53.51875782221147,0,1,2.8939139754846277,S,no,No
3,female,16.640999347605902,1,0,1.687821049206451,C,yes,Yes
3,female,38.95668292132155,0,2,32.20175963778739,Q,no,Yes
1,female,24.93503210163972,0,0,12.505026761649846,S,no,Yes
3,male,38.446217750693975,0,1,12.632744586757997,S,no,No
1,female,21.810346969344206,0,0,56.54499013794511,S,no,Yes
1,male,27.339502861951733,0,0,100.29649327150493,S,no,No
1,male,30.293328043237956,2,2,17.689059380382634,S,no,No
3,male,15.168281891168645,0,0,16.301898146007442,S,no,No
3,female,,0,0,44.70885765132625,S,no,Yes
3,male,22.258403286162014,0,0,4.8147172287001805,S,yes,No
2,female,26.38530122756973,0,0,32.065595551867005,S,no,Yes
3,male,,1,0,47.57289499575339,S,no,No
2,male,-7.453838052532003,0,0,55.4940745451945,S,no,No
3,male,26.930097442297548,0,0,2.4010274670158887,S,no,No
2,male,64.68292361338727,1,0,9.839192810333964,S,no,No
2,female,41.07676217452135,0,0,8.551306656655068,C,no,Yes
3,male,29.420724493851278,0,0,27.656598556206582,S,no,No
2,female,25.888082976480117,0,0,43.68013821618448,S,no,Yes
3,female,,0,0,147.82845134431057,Q,no,Yes
3,female,37.63322717004054,8,0,13.545324379831994,S,no,Yes
1,male,12.57821417802175,1,0,13.503015110541122,S,no,No
3,male,45.857664572698646,0,0,97.47602230228513,S,no,No
2,male,40.07302907389804,1,0,35.01905445100596,C,yes,No
3,female,,0,0,112.30089297734581,Q,no,Yes
3,female,36.057898212741044,0,1,34.690768136344,C,no,Yes
3,male,29.98444153656285,0,0,6.119375553300918,S,no,No
1,female,39.456487921518885,0,0,4.9542508927631,S,no,Yes
3,male,38.28130493924998,0,0,3.81211937593504,S,no,No
3,male,24.566409691355155,0,1,54.29663213447351,S,yes,No
2,male,,2,2,102.13711626947799,S,no,No
1,female,,0,0,225.70629392188113,S,no,Yes
3,male,52.16079219668022,0,0,67.47292449308235,C,no,No
3,female,11.732947403018436,0,1,99.02836190967194,S,yes,Yes
3,female,8.420883646589619,0,0,12.231081804997487,S,no,Yes
3,female,,0,0,6.124523882300169,S,no,Yes
3,male,30.437871676912263,0,0,68.03996131065735,C,no,No
1,male,32.21345413337092,1,0,40.49655475382697,C,no,No
2,male,33.23732136967325,0,2,27.908554345795626,S,no,No
2,male,26.463567307795326,0,6,39.05011326366978,S,no,No
3,male,51.30301985973019,0,0,36.155264920331184,S,no,No
1,female,6.486892312090525,0,0,114.50061931270756,Q,no,Yes
3,male,17.686793140686433,0,1,116.04554017509972,S,yes,No
3,male,28.202805977838814,1,0,47.137290720520596,S,no,No
3,male,5.873762238264575,0,0,67.6916914964217,S,no,No
2,male,27.150111135734967,0,2,45.46192047486774,S,no,No
3,male,53.79131740305626,0,0,14.105944743696686,C,no,No
1,male,,0,0,60.81750203076222,S,yes,No
3,female,33.04516313292091,0,0,4.602528918720396,S,yes,Yes
1,male,11.427610904997586,1,1,86.89233840679917,S,no,No
2,female,,0,0,5.8507652946198085,S,yes,Yes
3,female,24.259652485302915,1,0,34.56922875951359,Q,no,Yes
1,male,,0,0,8.897899608923678,S,no,No
1,female,48.283835027554645,1,0,47.65877553590155,C,no,Yes
3,male,,0,1,23.55386035975125,C,yes,No
3,female,13.583859624413037,0,0,3.619344203615041,S,yes,Yes
3,male,33.27431928726407,0,0,40.64352583354497,S,no,No
3,female,36.92421535320339,2,0,12.261877606970437,S,no,Yes
3,female,46.23216105855836,0,2,70.62442621018494,C,no,Yes
2,female,52.617839955241415,0,0,24.5715882548591,S,no,Yes
2,female,14.981134218495903,0,2,39.429141798675616,S,no,Yes
1,male,17.942566087450096,1,0,7.775029513306399,S,no,No
3,male,11.465121045738062,0,1,12.095111011142937,C,no,No
3,male,,1,1,14.148854074544142,S,no,No
2,male,36.46219642947185,0,0,68.58288242696926,S,yes,No
3,female,,0,2,183.61708058475125,S,yes,Yes
3,male,28.59871015718342,0,0,9.3352158362354,S,no,No
1,female,,3,0,89.31931640246955,C,no,Yes
3,male,31.900490887606736,0,0,1.815547542861206,S,no,No
3,female,17.590427926364665,2,0,5.853107511116529,C,no,Yes
3,male,,0,0,7.76375300988608,S,no,No
1,female,6.388915106788147,0,0,4.840362296961297,S,yes,Yes
3,female,32.378738393988,0,0,3.6681737861097705,S,no,Yes
3,male,59.042290178829774,0,0,40.269674607713945,S,no,No
3,male,29.798597746119967,1,0,18.97493243858674,S,no,No
3,female,26.94443399247833,2,0,38.6786000623418,S,no,Yes
3,male,24.517041369248805,1,0,56.180359646955914,S,no,No
3,male,27.084320614445087,1,0,33.7419001111158,S,no,No
1,male,49.606302882809686,0,0,54.0179182722352,S,no,No
3,male,-2.3719977142778497,0,0,22.56863829547299,C,no,No
3,male,51.93478866879672,3,0,5.903869208571791,S,no,No
2,male,9.052621289472896,0,1,87.30231820714839,S,no,No
3,male,,1,2,12.098305974120116,S,yes,No
3,male,23.4759559056694,1,0,7.9827617973913565,C,yes,No
3,female,38.23402241167544,0,0,19.81617550807053,C,yes,Yes
3,male,,5,2,8.204041484730634,S,no,No
1,female,36.40150365818817,0,1,14.866101316737469,C,no,Yes
3,male,59.05248953765936,0,0,37.072101510175536,S,no,No
3,male,,0,2,37.26334318878678,S,no,No
1,male,,0,0,8.352859374381524,C,no,No
3,male,20.10125842194917,0,0,13.663848541073989,C,no,No
3,male,35.87536448979902,0,0,89.05014212290024,S,no,No
3,male,,1,0,44.50849818017669,C,yes,No
3,male,20.39843981885751,2,0,295.9167152156949,S,yes,No
2,male,36.77414813063057,0,0,101.10441639350925,C,no,No
1,female,,0,0,96.84886612741009,S,no,Yes
2,male,,2,1,4.639273308628168,S,yes,No
3,male,40.136490161148636,0,1,61.35228537934133,S,yes,No
1,female,10.947542110868124,0,0,23.01789226260204,S,no,Yes
2,male,15.831672536138873,0,1,12.664741032533005,S,no,No
2,male,,0,1,30.012633468635297,S,no,No
3,female,51.219682413771494,0,1,76.26802961727883,S,no,Yes
3,male,34.85639355739207,3,0,44.74581448141786,S,no,No
2,female,25.160658557414262,0,0,8.549146371635134,S,no,Yes
2,female,29.689725378638634,0,2,59.796713204532175,S,no,Yes
3,male,11.569087857439097,0,0,11.414619538992179,S,no,No
3,male,38.46547223215282,0,0,31.817604675708864,C,no,No
1,male,,0,0,17.04709689301379,C,no,No
3,male,23.144690173920335,1,0,18.865983731658776,C,yes,No
1,male,22.884388857487227,1,0,61.52795165709156,S,no,No
1,female,33.5552343299547,0,0,7.041122026402925,C,no,Yes
3,male,23.367563827411367,1,0,253.21377416658012,S,no,No
2,male,28.741077087925575,1,1,2.7585266558349817,S,no,No
3,female,60.14596594291447,1,1,11.974732203640787,S,no,Yes
2,female,,0,0,38.25423480230927,C,yes,Yes
3,male,24.50406779569228,0,2,49.46063000714776,S,no,No
3,male,,0,0,21.745984837354452,S,no,No
1,male,40.49078358674908,0,0,22.899868230068293,S,no,No
3,male,27.072249488337505,0,0,40.1515121577901,C,no,No
1,male,20.284090944339322,0,1,18.591725702744263,S,yes,No
3,male,48.85890846795867,1,2,130.55799178148806,S,no,No
1,female,50.28424356544774,1,0,67.16947727160289,S,yes,Yes
2,male,,1,1,69.92262134011148,S,no,No
1,male,2.635170705271065,0,0,7.695316768614329,S,no,No
3,male,44.308948502635374,1,0,22.30328307475844,S,yes,No
3,male,19.772867526479942,0,0,17.106198129280937,C,no,No
3,female,41.164071187860145,0,0,7.339555991479173,S,yes,Yes
1,female,1.133494643178384,0,0,37.79576354195406,S,yes,Yes
3,female,42.64266140533998,0,1,12.869048543924556,S,no,Yes
1,male,12.13800702542867,0,0,53.86519819523857,S,no,No
3,male,40.296079726464605,1,0,6.792167598184376,S,no,No
1,male,29.906959483628295,0,0,193.03060190137097,S,no,No
1,male,15.86787841874865,1,0,8.367882031838251,S,no,No
1,male,23.797973462561682,0,1,31.917766701451146,C,no,No
3,female,39.65161762587216,0,0,63.44866618748987,S,yes,Yes
3,male,31.235469570170896,0,0,12.36947177956543,S,yes,No
1,male,38.17398821685102,0,1,68.23532360044182,C,no,No
3,male,58.35838847547454,0,0,5.612406999238489,S,no,No
3,male,7.018496630189755,0,0,140.12589086528,C,no,No
3,male,53.14958233704505,0,0,24.952627267564132,S,no,No
2,female,31.213161094086587,0,0,11.992798089803482,S,no,Yes
2,female,16.667631299314642,0,0,17.132579299831278,C,yes,Yes
3,female,,1,0,64.76097104862818,S,yes,Yes
1,male,26.957754333733014,0,1,12.166103093672568,S,no,No
1,male,,1,1,9.981873245827668,C,no,No
3,male,27.850537754525753,0,0,18.80562604724733,S,no,No
3,male,51.61174648858653,2,0,5.975366678230153,S,yes,No
2,female,,1,1,218.0343653379345,S,no,Yes
2,male,29.524710256232208,0,0,12.432655145334568,C,yes,No
3,male,11.540295056009771,0,0,66.5491081411666,Q,yes,No
2,male,,1,0,31.543391326602883,S,no,No
1,male,42.55986715641085,0,1,7.527471079761021,S,no,No
1,female,23.598953991624725,0,0,24.35785412719031,C,no,Yes
3,male,-8.061100921093445,0,0,62.853293434875354,S,yes,No
3,male,,1,0,19.57173430152164,S,no,No
1,male,,1,1,102.69213533865549,S,no,No
1,male,35.562273946944615,0,0,83.58118804118106,C,no,No
1,female,,0,2,73.89889133360481,C,no,Yes
3,female,14.16972164508879,0,0,14.131578078133968,S,yes,Yes
1,female,39.56313352903152,0,0,6.713960817911089,S,no,Yes
1,female,46.99135893093064,4,0,11.748139334788021,S,no,Yes
3,male,3.9104800319055038,0,0,31.04659463581179,S,yes,No
1,female,,0,2,47.22597486871244,S,no,Yes
3,male,22.389392450388762,0,0,1.8114258802521814,C,yes,No
1,male,28.517921240026133,1,1,24.29484427460326,S,no,No
1,female,34.74130901130587,0,0,29.657263507135536,C,no,Yes
2,male,22.63518582035349,0,0,17.583252603745358,S,no,No
3,female,19.90223285215663,0,0,115.52981172369992,S,no,Yes
