temperature,humidity,wind_speed,pressure,visibility,dew_point,cloud_cover,uv_index,weather_type
28.7,79.0,14.5,998.1,1.8,0.2,7,11,Rainy
25.4,31.1,28.8,1010.7,13.0,15.2,0,8,Sunny
12.4,97.5,4.2,1024.2,0.4,16.5,2,3,Cloudy
29.2,58.2,9.3,1028.6,8.5,-4.5,4,4,Sunny
13.4,49.6,13.0,1034.9,8.2,8.7,6,4,Sunny
11.9,30.3,15.0,1019.9,5.1,8.3,7,2,Cloudy
16.7,94.7,65.1,999.8,19.3,10.1,0,2,Cloudy
9.6,66.9,28.1,1035.1,8.1,-7.6,4,11,Cloudy
25.0,99.0,0.9,1027.4,17.9,15.1,2,0,Cloudy
40.9,33.9,2.8,1006.9,10.3,24.2,6,3,Sunny
9.0,63.7,16.1,998.1,16.4,24.1,5,8,Sunny
33.7,28.8,4.1,1015.9,9.0,19.3,0,1,Sunny
14.0,61.9,2.6,1032.6,19.8,-4.1,1,9,Sunny
14.1,91.2,16.5,1006.6,12.8,7.0,4,3,Cloudy
8.6,28.7,11.5,1015.3,3.1,16.0,4,8,Sunny
23.4,41.6,24.5,1022.0,0.1,15.7,0,8,Sunny
6.8,74.6,5.8,991.3,18.6,21.3,3,7,Cloudy
15.3,26.1,6.0,1003.8,13.7,9.9,8,1,Cloudy
31.1,56.3,2.4,1037.4,2.1,2.2,8,10,Cloudy
35.6,46.6,15.8,984.1,14.9,16.2,4,2,Sunny
10.5,87.1,18.5,1031.1,4.5,8.2,6,5,Cloudy
17.0,23.9,2.2,1030.9,16.2,23.2,1,1,Sunny
18.6,89.1,4.4,1019.4,12.2,17.4,0,2,Cloudy
5.3,76.3,2.5,1015.2,2.5,9.0,1,0,Cloudy
14.3,43.8,20.7,988.4,1.4,13.3,3,3,Sunny
13.7,35.8,3.5,1020.3,9.3,20.9,5,10,Sunny
24.9,96.0,2.5,1006.5,18.7,16.2,2,5,Cloudy
22.5,64.3,1.1,1031.2,11.3,13.1,1,0,Sunny
21.2,47.6,26.7,1018.1,15.2,14.0,6,11,Sunny
17.9,23.6,2.0,989.8,9.4,9.6,7,0,Cloudy
33.1,33.3,0.5,1001.5,7.7,15.3,8,7,Cloudy
19.8,67.9,1.0,989.6,16.4,12.2,7,6,Rainy
29.9,61.0,6.9,993.0,9.3,3.7,1,6,Cloudy
25.9,80.6,13.6,1025.9,2.8,15.4,2,6,Cloudy
21.5,86.8,7.6,1009.3,5.5,16.4,0,4,Cloudy
28.9,51.8,9.1,1002.1,11.2,20.1,0,3,Sunny
16.9,28.1,37.8,1012.6,8.1,-0.7,5,6,Sunny
11.1,83.3,21.3,1007.3,7.3,14.1,2,10,Cloudy
19.7,64.3,6.3,1015.4,13.4,8.9,3,2,Cloudy
35.0,98.4,2.5,1044.9,12.7,16.6,7,8,Rainy
22.1,83.7,20.7,1012.7,6.3,2.1,4,1,Cloudy
15.0,46.3,12.8,1029.8,7.2,22.4,5,0,Sunny
11.9,54.3,49.2,984.4,15.0,3.4,8,7,Cloudy
4.8,38.8,35.9,1007.3,18.4,8.0,1,5,Cloudy
11.8,61.0,12.4,994.3,6.5,33.7,2,3,Sunny
23.0,76.9,1.1,1016.6,5.8,12.7,4,9,Cloudy
17.6,69.0,0.5,1024.6,5.3,20.7,1,8,Cloudy
22.2,47.4,27.3,1026.1,2.8,14.0,7,4,Cloudy
10.9,85.9,18.0,1011.0,7.5,22.1,1,10,Cloudy
30.3,28.4,12.3,1031.2,10.3,18.4,3,0,Sunny
27.5,31.4,17.5,1017.8,10.7,5.6,2,0,Sunny
14.4,52.3,11.6,1021.6,13.8,-2.2,3,6,Sunny
5.9,76.2,13.0,1005.9,1.1,1.8,3,0,Cloudy
22.5,75.5,3.8,1005.0,11.2,8.0,5,5,Cloudy
0.3,49.3,9.1,1008.4,5.1,16.5,8,6,Stormy
6.8,75.7,0.2,1032.3,4.8,20.0,2,10,Cloudy
16.0,24.8,16.6,1005.9,15.8,11.6,0,9,Sunny
11.2,43.2,6.1,990.0,3.1,13.3,7,4,Cloudy
32.9,75.5,16.0,1009.9,6.6,-6.5,6,2,Cloudy
16.7,34.7,39.1,1004.1,12.8,9.7,1,2,Sunny
24.9,37.0,13.4,1028.7,12.9,11.2,4,11,Sunny
-1.8,27.0,6.0,1015.4,1.0,15.6,3,1,Cloudy
2.2,49.2,3.5,1019.9,1.5,9.4,8,10,Stormy
13.2,86.0,4.3,1029.3,13.1,8.0,3,11,Cloudy
22.1,86.9,65.5,1017.7,19.1,27.1,4,11,Cloudy
7.3,89.0,14.3,998.4,20.0,1.0,7,0,Rainy
23.6,22.9,8.7,1018.8,19.7,22.9,2,10,Sunny
33.5,99.5,3.9,1031.2,7.0,17.0,5,7,Cloudy
12.1,60.2,22.2,1013.0,4.8,11.0,5,8,Sunny
19.9,89.8,7.4,1014.2,2.0,29.6,6,1,Cloudy
17.3,92.4,5.4,1005.3,6.5,11.5,8,3,Rainy
15.8,61.2,3.8,1016.1,5.5,5.1,2,2,Sunny
23.2,24.1,3.1,1019.9,11.5,13.7,4,3,Sunny
20.1,67.8,4.8,1030.5,7.4,19.0,4,3,Cloudy
18.2,46.7,14.8,1039.3,4.6,16.4,4,7,Sunny
21.4,36.5,4.1,1020.7,12.3,7.7,5,10,Sunny
28.6,34.6,0.9,1035.7,6.5,17.3,0,2,Sunny
26.0,64.7,6.7,1018.2,7.1,-1.7,8,2,Rainy
2.5,28.4,13.2,1022.3,12.0,22.9,2,11,Cloudy
11.1,85.7,0.9,1051.7,2.4,18.4,5,5,Cloudy
25.8,38.2,9.0,1011.7,15.5,-5.4,3,10,Sunny
45.8,63.9,0.8,996.3,19.3,6.1,6,2,Sunny
13.5,30.0,21.9,1046.3,9.8,22.0,7,4,Cloudy
5.0,88.8,30.8,1023.2,11.2,10.2,3,3,Cloudy
42.8,75.4,49.8,995.7,7.7,11.7,5,10,Sunny
32.7,36.5,17.6,1010.8,19.1,23.2,6,3,Sunny
32.0,77.3,15.0,1020.0,2.7,7.3,6,1,Cloudy
21.1,26.6,17.8,1002.0,16.3,-5.2,8,8,Cloudy
19.5,81.8,28.9,994.6,13.0,23.1,7,4,Rainy
18.6,59.2,24.7,1025.4,15.8,8.5,2,4,Sunny
27.6,29.6,8.7,985.4,19.0,11.8,3,6,Sunny
32.5,64.0,15.8,1005.3,9.9,10.4,8,11,Cloudy
21.6,36.1,2.6,1004.9,5.8,8.1,6,2,Sunny
27.8,73.8,17.8,998.1,15.6,5.1,6,11,Sunny
33.9,76.7,19.7,1007.8,16.9,10.6,0,5,Cloudy
29.4,80.9,24.2,1010.0,13.7,4.4,1,0,Cloudy
25.8,91.6,25.5,967.5,17.0,23.0,0,4,Cloudy
12.8,72.4,8.7,1017.2,14.6,21.7,3,4,Sunny
13.5,59.3,35.1,1025.4,19.1,16.4,3,8,Cloudy
2.8,88.3,59.4,1035.0,11.4,16.2,4,11,Rainy
23.9,92.0,57.3,1012.2,7.6,-1.6,4,4,Cloudy
21.1,82.5,13.2,980.7,13.6,21.0,0,7,Cloudy
32.7,95.4,12.3,1025.6,1.4,8.4,6,2,Cloudy
24.6,98.4,9.2,1014.1,10.0,22.8,5,11,Cloudy
16.8,40.1,5.3,1024.3,15.5,25.6,7,10,Cloudy
15.2,34.7,6.1,1014.6,3.4,10.1,3,5,Sunny
23.5,55.9,3.6,1021.3,8.0,-5.9,0,1,Cloudy
22.5,99.8,46.8,999.4,7.0,13.9,2,8,Cloudy
38.2,27.1,14.5,995.7,6.7,2.7,8,5,Cloudy
18.9,77.0,40.9,1011.1,13.0,7.2,6,4,Sunny
24.9,88.1,7.3,1012.5,9.9,10.3,1,8,Cloudy
36.3,99.7,5.3,1000.9,15.9,19.6,2,0,Cloudy
18.5,69.6,2.1,1001.2,1.2,15.6,1,2,Sunny
16.7,50.4,5.4,1000.6,9.1,24.3,3,1,Sunny
6.7,33.3,33.1,1030.5,0.3,5.6,1,8,Sunny
16.4,98.5,13.1,998.6,4.4,21.0,3,10,Cloudy
23.8,93.9,9.0,1020.7,15.5,18.2,6,5,Cloudy
33.7,84.4,12.6,1001.1,2.1,17.4,7,10,Rainy
6.3,95.5,33.5,1019.8,2.1,20.9,5,5,Cloudy
11.0,24.9,3.2,1033.5,8.0,18.6,8,4,Cloudy
1.2,70.5,50.6,1029.7,15.5,-0.9,5,3,Rainy
38.0,42.0,16.5,1008.6,12.8,7.4,2,3,Sunny
21.6,81.2,29.0,1017.1,15.6,19.8,0,1,Cloudy
15.7,27.7,11.2,1006.4,1.0,15.9,8,6,Cloudy
2.0,40.7,4.1,1027.1,11.3,20.3,2,5,Cloudy
20.0,88.0,12.6,1011.9,9.1,13.6,0,2,Cloudy
16.0,80.0,1.1,1033.4,17.9,7.8,1,11,Cloudy
2.1,99.4,28.7,998.7,14.7,5.4,2,6,Rainy
17.1,71.5,15.7,1001.0,8.5,-1.2,7,8,Rainy
32.3,44.2,5.0,1022.5,11.1,16.2,7,9,Rainy
17.4,63.8,4.8,1019.5,8.5,0.4,1,0,Sunny
31.8,95.5,35.0,1040.4,8.8,12.0,5,11,Cloudy
35.6,72.1,27.6,1009.1,12.7,11.1,1,10,Cloudy
17.3,90.5,21.6,1004.7,4.3,20.9,6,11,Cloudy
19.1,21.8,8.0,1004.4,6.7,30.3,2,9,Sunny
25.0,49.6,30.9,1008.7,5.6,8.9,7,7,Cloudy
30.2,94.8,4.3,1018.4,16.0,16.2,2,1,Cloudy
34.2,23.1,0.4,988.3,18.8,12.0,5,0,Sunny
35.2,61.5,8.5,994.5,8.3,4.8,0,8,Sunny
12.7,47.7,37.8,1016.4,1.5,21.5,7,1,Rainy
34.5,71.7,12.7,1018.6,1.9,15.2,6,6,Cloudy
25.1,33.0,3.9,1008.2,8.0,16.7,0,6,Sunny
14.8,72.3,15.8,1019.8,7.9,19.2,6,0,Cloudy
8.6,99.3,20.5,990.2,2.9,19.2,4,9,Cloudy
12.0,41.7,12.0,1001.8,16.1,10.7,1,0,Sunny
23.6,56.9,27.7,1001.5,10.0,20.4,0,6,Sunny
15.1,22.4,13.5,999.8,2.2,10.7,1,5,Sunny
23.6,54.7,1.5,1025.5,2.0,2.4,5,3,Sunny
8.7,52.5,24.9,1027.3,8.9,16.0,1,2,Cloudy
12.5,65.2,2.4,979.3,2.3,22.8,5,4,Cloudy
19.1,40.5,32.2,983.3,11.2,6.7,7,4,Cloudy
18.3,46.3,11.1,1014.9,7.7,-0.6,7,10,Cloudy
7.2,68.8,19.7,1004.0,18.4,13.0,5,2,Cloudy
13.7,92.7,53.7,1011.0,8.4,3.6,4,5,Cloudy
2.6,38.8,8.5,1017.8,12.3,7.5,3,11,Cloudy
20.7,74.2,9.2,1039.6,16.2,12.8,5,2,Cloudy
35.3,61.9,26.2,1011.9,6.1,-11.7,4,3,Sunny
12.3,28.4,1.8,1025.9,10.2,8.3,3,2,Sunny
10.5,65.2,0.4,1006.5,2.4,8.9,5,11,Cloudy
29.8,76.7,13.9,1019.9,8.7,26.8,8,11,Rainy
8.3,67.9,2.8,1023.6,7.5,10.7,8,5,Rainy
30.1,28.4,4.4,1005.3,8.6,29.1,7,8,Cloudy
8.0,88.4,56.1,1002.8,2.1,21.9,0,2,Cloudy
16.4,23.3,15.9,1005.8,8.0,15.6,8,0,Cloudy
17.6,38.9,29.0,1026.0,17.4,14.9,4,6,Sunny
27.0,69.3,34.2,1023.9,18.7,14.6,2,11,Sunny
38.7,37.4,1.9,975.6,4.8,13.1,7,4,Cloudy
16.5,28.1,39.4,1006.7,6.0,0.2,7,3,Cloudy
19.8,61.0,30.2,1019.5,0.2,14.8,8,2,Rainy
2.9,77.8,0.7,1036.4,2.3,12.8,1,6,Rainy
19.6,52.9,56.7,1011.5,6.9,13.7,3,1,Sunny
31.5,75.9,9.2,1018.6,13.7,25.9,1,10,Cloudy
43.6,88.9,55.0,1014.5,5.8,10.3,5,3,Cloudy
16.4,96.7,26.0,1005.2,1.5,3.5,0,1,Cloudy
27.2,38.7,8.7,992.8,14.6,7.5,2,9,Sunny
31.6,68.4,10.7,994.2,9.3,18.7,1,7,Cloudy
5.6,41.3,4.8,1024.8,10.4,14.3,6,2,Sunny
34.2,89.7,10.0,1014.8,6.5,12.4,7,4,Rainy
11.9,91.2,1.7,1001.9,12.3,1.0,1,10,Cloudy
22.6,45.8,35.9,991.6,17.8,21.6,8,3,Cloudy
7.4,71.6,18.7,1024.6,11.1,7.1,0,4,Cloudy
16.3,91.0,24.5,998.1,11.8,14.9,1,3,Cloudy
3.1,60.7,11.4,1023.1,7.5,11.2,2,7,Cloudy
22.7,77.6,2.0,1011.0,1.7,-0.7,1,5,Cloudy
35.3,84.1,11.6,1012.4,8.6,15.0,0,0,Cloudy
20.3,89.8,6.0,1039.3,18.5,2.4,7,4,Rainy
5.6,61.2,0.2,981.5,13.6,14.7,0,0,Sunny
16.6,95.3,14.3,999.8,9.8,7.8,4,11,Cloudy
22.1,70.3,28.8,1037.0,12.4,10.5,5,2,Cloudy
18.5,32.1,18.6,1027.0,11.2,17.7,6,11,Sunny
26.8,69.0,3.8,1009.4,18.2,1.9,2,10,Sunny
40.2,43.9,25.6,1041.0,4.5,36.8,6,5,Sunny
19.4,49.8,5.6,1028.1,17.8,5.2,7,8,Cloudy
18.7,84.7,3.7,1005.2,13.8,17.6,2,2,Cloudy
12.8,97.9,48.7,996.9,2.6,19.2,4,11,Cloudy
30.3,89.6,0.3,1034.0,7.4,24.2,0,11,Cloudy
39.1,46.1,2.8,1000.8,8.7,6.7,8,11,Cloudy
18.1,56.3,9.4,1016.7,1.7,6.0,7,3,Rainy
22.5,98.7,2.7,1035.5,11.1,20.8,2,9,Cloudy
21.6,93.9,2.7,1015.7,5.2,16.4,3,0,Cloudy
12.3,98.2,15.1,1013.2,9.2,16.5,0,9,Cloudy
27.3,54.6,25.6,987.9,8.8,23.2,0,1,Sunny
19.6,84.0,16.3,1028.0,10.4,12.8,5,6,Cloudy
22.3,89.7,1.6,985.7,16.9,13.4,5,7,Cloudy
29.7,23.5,33.9,1033.3,15.6,22.6,8,0,Cloudy
16.7,41.3,38.4,987.7,17.5,13.4,4,8,Sunny
20.9,90.7,4.9,1000.6,11.4,3.9,2,5,Cloudy
12.7,51.1,12.1,1030.5,12.3,4.8,5,0,Sunny
9.1,42.3,10.0,1034.7,8.6,9.9,7,3,Cloudy
21.2,41.8,16.5,1014.4,14.3,14.9,6,3,Sunny
22.1,50.0,57.2,1007.6,4.1,19.7,2,6,Sunny
29.2,39.5,64.4,1015.3,9.5,31.2,0,0,Sunny
12.4,20.3,10.7,983.5,14.3,10.0,3,9,Sunny
9.5,33.8,1.4,1029.4,15.6,0.8,5,8,Sunny
37.8,90.6,6.1,1003.7,5.0,-0.8,3,0,Cloudy
21.3,26.1,8.0,1009.2,3.6,10.3,4,9,Sunny
6.2,53.0,11.5,1014.3,5.8,11.9,6,2,Sunny
19.4,56.5,48.4,1017.2,18.4,16.9,4,0,Sunny
13.4,82.3,4.6,1019.7,2.6,31.6,4,0,Cloudy
23.6,40.2,11.5,1031.4,19.1,16.9,1,3,Sunny
15.8,44.8,5.2,1032.1,19.9,12.7,0,1,Sunny
32.4,21.1,37.8,1012.5,15.7,20.0,3,8,Sunny
7.0,92.2,69.0,1024.0,15.2,-0.7,7,0,Rainy
32.8,74.8,30.7,1026.1,19.1,14.0,2,2,Cloudy
27.4,41.0,6.2,986.9,5.8,-1.0,5,1,Sunny
23.2,91.0,4.9,1006.4,2.6,23.3,1,0,Cloudy
30.3,26.9,8.5,999.4,16.5,1.2,8,10,Cloudy
32.2,49.5,20.6,1013.4,3.4,20.0,8,8,Cloudy
20.0,65.1,0.1,1031.8,0.9,18.5,3,4,Cloudy
36.3,60.4,79.8,1024.7,3.9,23.8,7,10,Cloudy
26.2,72.4,32.2,1025.3,8.8,4.6,1,5,Cloudy
14.5,43.8,0.4,1007.1,9.9,11.5,1,7,Sunny
6.5,80.6,7.2,1007.1,1.3,19.9,5,6,Cloudy
30.7,52.4,17.5,1003.9,8.9,14.8,1,6,Cloudy
20.0,30.0,4.1,999.6,12.1,15.9,0,8,Sunny
2.1,79.2,2.3,1021.6,18.6,17.9,1,2,Rainy
23.3,93.0,14.9,1004.8,4.5,9.3,1,9,Cloudy
17.4,49.2,35.1,993.5,4.2,4.3,4,7,Sunny
13.3,67.2,46.7,1017.3,7.8,5.7,5,5,Sunny
30.1,75.0,0.2,1014.0,19.7,11.3,2,7,Cloudy
12.1,86.5,31.1,1017.5,6.7,6.0,7,3,Rainy
15.5,35.8,12.3,1034.7,0.9,9.7,1,0,Sunny
17.8,65.6,4.1,1013.4,5.3,11.8,2,10,Sunny
30.2,79.2,14.4,1003.4,11.2,24.1,3,2,Cloudy
8.3,35.9,82.0,1003.3,8.3,3.2,4,9,Sunny
13.7,57.8,4.8,998.6,15.5,5.9,4,2,Cloudy
24.3,57.1,4.9,1001.5,12.1,11.7,5,0,Sunny
25.0,87.1,18.0,994.2,11.2,3.8,3,4,Cloudy
8.7,82.2,0.7,1014.8,6.5,-12.3,6,11,Cloudy
16.1,38.6,25.8,1002.9,11.0,7.1,7,5,Cloudy
18.8,38.6,15.9,1014.9,12.3,9.9,3,8,Sunny
22.9,77.9,27.6,1007.6,3.6,13.5,8,7,Rainy
17.9,79.2,3.9,1011.4,14.7,4.3,5,3,Cloudy
35.4,34.3,28.2,1039.3,7.9,25.4,7,5,Cloudy
19.0,52.9,8.9,1030.2,14.8,18.2,8,2,Cloudy
35.1,86.1,2.1,989.9,3.6,3.1,0,0,Cloudy
15.4,26.4,34.8,1003.9,13.1,7.1,4,8,Sunny
4.0,49.9,18.3,984.5,0.5,6.5,6,7,Cloudy
45.1,71.6,2.8,1007.0,3.2,3.4,1,5,Cloudy
19.1,81.7,4.2,1018.0,17.8,21.2,6,2,Cloudy
23.7,72.2,4.7,1029.1,9.2,3.5,6,10,Cloudy
5.5,51.8,49.6,1028.3,10.2,12.8,2,4,Sunny
22.6,99.4,32.6,1017.8,18.2,7.8,8,8,Rainy
28.2,23.3,6.4,999.0,9.7,10.4,6,6,Sunny
8.5,59.6,9.4,1025.7,13.1,20.2,4,1,Sunny
18.6,60.8,5.0,1013.7,4.4,14.5,6,5,Sunny
19.4,39.2,20.4,1015.8,1.6,14.9,6,8,Sunny
7.2,64.7,2.6,1042.3,7.1,14.5,5,10,Cloudy
36.2,37.6,6.2,998.8,16.0,15.9,3,10,Sunny
-6.8,55.5,14.0,1044.1,8.9,3.6,7,9,Stormy
-1.4,54.5,31.5,1040.0,3.4,6.6,1,0,Rainy
21.1,81.8,15.1,1014.0,10.9,15.0,7,11,Rainy
10.1,95.4,42.1,1015.9,5.3,6.2,4,4,Cloudy
26.8,36.2,40.1,1002.4,18.9,9.2,6,8,Sunny
16.5,99.3,19.0,1015.9,11.5,14.2,2,11,Cloudy
24.0,95.2,4.9,1014.4,19.7,20.8,6,2,Cloudy
6.3,29.0,17.2,1002.7,0.9,18.8,8,2,Cloudy
16.0,93.0,3.2,1002.3,0.2,24.8,6,11,Cloudy
15.6,65.2,6.1,1009.4,9.5,13.2,0,11,Cloudy
43.4,90.3,21.3,1012.9,17.2,12.9,8,9,Rainy
15.5,95.7,28.5,987.3,10.5,6.7,6,8,Cloudy
-2.9,88.7,8.1,1029.9,17.5,16.4,1,2,Rainy
31.0,52.2,11.1,1005.5,2.6,22.0,4,10,Sunny
17.6,70.9,7.3,1008.5,14.0,7.5,1,8,Cloudy
22.7,57.2,9.8,1015.7,13.2,15.6,6,11,Cloudy
16.5,49.3,10.8,1009.0,10.9,21.0,8,9,Cloudy
7.2,40.1,17.7,1030.1,8.1,5.3,3,2,Sunny
33.1,55.3,20.8,1008.7,12.9,16.4,2,7,Sunny
10.2,84.5,55.3,1004.3,11.0,16.8,5,9,Cloudy
5.2,87.5,8.6,1022.3,5.5,-5.8,7,11,Rainy
24.7,96.6,1.3,1024.4,2.1,7.7,7,8,Rainy
21.6,43.2,17.5,1050.5,7.7,3.1,7,2,Cloudy
30.7,72.0,10.3,984.6,10.2,7.9,4,0,Cloudy
22.8,75.5,27.6,1014.1,10.2,8.7,5,8,Cloudy
19.2,35.3,2.4,1023.2,8.5,11.7,1,6,Sunny
29.1,49.4,15.5,999.4,6.5,19.3,5,5,Sunny
3.5,47.4,9.2,1034.1,7.0,21.8,4,11,Rainy
18.2,98.9,8.2,1002.7,5.3,13.4,2,3,Cloudy
10.5,96.7,12.5,1014.8,11.6,22.4,7,4,Rainy
22.5,85.7,17.3,1029.3,17.0,18.6,3,6,Cloudy
28.2,57.8,28.5,996.6,17.6,11.3,1,8,Cloudy
22.8,41.1,4.0,1011.0,19.9,23.7,2,5,Sunny
27.1,93.3,5.2,1024.5,1.8,12.5,1,11,Cloudy
32.4,41.4,11.9,1015.3,4.3,14.0,1,3,Sunny
25.0,61.8,6.4,1023.0,14.6,4.3,2,11,Sunny
27.4,39.6,12.6,1025.0,12.9,14.9,6,3,Sunny
38.7,97.7,3.3,1005.1,2.7,15.4,0,9,Cloudy
46.4,23.3,5.5,1037.3,12.6,18.9,5,2,Sunny
18.4,33.9,5.9,1000.4,8.1,10.2,0,1,Sunny
10.6,81.2,73.0,1033.4,19.1,6.2,2,3,Cloudy
-5.8,32.1,28.9,1018.3,17.1,15.3,3,5,Cloudy
39.2,98.3,27.3,1003.8,1.5,17.9,7,0,Rainy
14.3,45.7,10.8,1000.1,1.8,9.3,1,1,Sunny
24.6,93.5,9.4,1017.2,8.3,5.3,6,7,Cloudy
26.6,73.0,1.1,1009.7,0.2,8.7,2,2,Cloudy
28.1,70.7,3.3,1020.3,1.9,24.7,0,0,Cloudy
17.5,93.2,33.9,1009.6,18.7,4.2,5,1,Cloudy
27.9,61.1,11.2,1014.1,15.8,4.0,1,2,Cloudy
25.4,52.1,65.7,1020.7,13.5,26.9,2,1,Cloudy
13.2,37.4,13.4,1012.1,16.6,10.7,5,3,Sunny
36.3,31.6,7.1,1009.1,5.0,2.2,2,3,Sunny
26.8,83.3,4.8,1018.3,14.5,0.7,4,10,Cloudy
7.2,30.2,37.6,1007.5,12.3,16.6,2,9,Sunny
16.3,51.5,6.9,1023.1,17.0,14.7,6,1,Sunny
16.1,52.7,2.4,1019.8,5.7,16.7,6,0,Cloudy
14.3,73.2,4.9,1023.5,15.3,5.1,0,2,Sunny
26.1,42.3,15.6,1023.4,17.1,2.5,5,3,Sunny
32.9,87.1,2.1,1009.3,11.0,16.3,2,10,Cloudy
9.1,36.6,1.4,983.0,8.3,3.6,6,5,Sunny
16.4,83.1,9.2,1010.6,19.0,10.7,0,4,Cloudy
31.5,88.0,1.3,1016.6,3.4,4.9,2,1,Cloudy
11.6,35.5,7.5,1011.2,0.7,25.2,1,3,Sunny
12.9,84.8,5.8,1002.2,3.6,19.4,7,11,Rainy
-2.5,77.1,7.5,1031.6,13.7,33.1,7,5,Stormy
27.7,90.0,10.0,1001.0,15.8,17.1,8,11,Rainy
22.0,60.8,3.1,1002.8,14.3,14.5,8,3,Cloudy
16.7,38.7,8.8,1006.3,8.4,17.4,1,10,Sunny
3.9,93.0,6.7,1008.6,19.4,-0.6,6,10,Rainy
16.6,83.2,23.8,1004.3,8.9,-2.3,6,6,Cloudy
0.8,21.7,17.8,1012.7,19.6,17.7,3,5,Cloudy
18.2,95.2,30.9,1014.6,18.4,7.4,5,5,Cloudy
39.2,95.9,16.6,998.6,8.1,12.0,0,9,Cloudy
22.0,48.4,1.9,996.3,3.2,-1.0,5,1,Cloudy
32.3,20.8,10.6,1023.8,1.8,7.9,0,10,Sunny
33.1,64.2,20.3,1012.3,10.6,9.1,4,6,Sunny
14.7,93.1,27.6,1028.0,15.3,19.4,3,8,Cloudy
26.2,30.0,3.0,1022.6,3.5,13.1,5,5,Sunny
-7.3,67.2,3.8,1008.6,6.4,1.0,4,7,Rainy
22.8,78.5,29.7,1019.5,12.6,7.8,4,5,Cloudy
30.8,30.8,10.0,1024.2,9.2,20.9,2,5,Sunny
25.2,61.1,9.0,1001.0,12.1,8.4,1,3,Cloudy
16.4,27.1,10.2,990.0,13.5,19.2,6,5,Sunny
32.6,64.7,2.9,998.7,7.6,7.6,7,9,Rainy
31.4,55.4,14.8,1021.6,15.7,14.7,4,3,Sunny
19.5,41.2,24.8,1038.9,14.1,12.5,8,9,Cloudy
34.9,88.2,27.2,1012.5,13.8,11.1,0,5,Cloudy
25.2,50.5,0.5,1032.1,3.0,1.5,2,0,Sunny
3.9,76.0,18.8,1026.7,9.5,-0.9,7,6,Stormy
23.2,83.3,1.4,1002.5,11.5,13.9,4,1,Cloudy
12.8,34.3,51.1,1012.0,4.5,12.3,1,5,Sunny
25.0,29.5,9.9,1022.6,15.2,7.7,8,8,Cloudy
-16.4,20.6,22.4,995.4,2.4,5.0,0,9,Cloudy
35.9,44.5,14.6,1025.7,3.0,22.7,2,2,Sunny
31.2,85.3,45.5,1029.1,8.3,19.9,3,3,Cloudy
35.9,81.8,54.5,1025.2,2.7,18.0,6,4,Cloudy
19.9,89.7,4.9,1011.2,0.2,24.9,3,7,Cloudy
31.6,80.8,9.9,1020.3,8.2,3.2,1,9,Cloudy
22.1,21.9,10.5,1027.7,13.0,14.2,1,5,Sunny
10.2,50.8,2.9,990.9,9.9,0.9,0,11,Sunny
11.9,20.5,35.1,977.0,1.0,8.8,6,7,Sunny
16.5,22.9,6.5,1020.7,4.6,9.5,8,2,Cloudy
32.5,58.3,1.4,1004.0,10.5,6.6,1,2,Sunny
32.2,48.8,2.5,1015.7,14.8,11.7,6,8,Sunny
13.5,64.7,10.8,1016.0,15.9,29.2,7,5,Rainy
27.2,25.3,32.0,1031.4,10.4,14.1,2,7,Sunny
20.2,67.1,14.8,1015.6,12.9,19.8,3,3,Cloudy
10.6,25.2,3.6,1021.0,18.1,12.8,8,4,Cloudy
8.2,53.9,5.3,1020.0,1.3,-1.4,3,11,Sunny
17.7,48.2,56.0,1024.9,2.0,7.0,5,8,Sunny
29.3,37.9,0.8,1004.5,9.2,7.7,7,6,Cloudy
14.9,45.0,77.6,1017.6,12.2,11.7,1,4,Sunny
27.9,20.0,35.4,978.0,0.1,16.8,0,6,Sunny
23.1,45.9,17.0,1003.5,9.1,18.9,6,10,Sunny
3.6,26.3,43.0,1028.3,3.5,14.8,0,8,Cloudy
40.1,93.7,2.5,993.1,12.9,20.5,3,2,Cloudy
31.9,25.9,42.9,994.7,5.4,6.8,4,2,Sunny
5.9,96.2,3.6,1022.8,18.0,16.5,1,3,Cloudy
24.0,59.3,11.9,1003.8,1.3,16.0,3,10,Cloudy
34.8,61.1,10.1,1031.8,16.2,19.2,6,9,Sunny
24.1,83.1,10.8,1014.1,7.8,6.1,3,6,Cloudy
15.9,75.6,4.7,1035.8,17.1,26.7,0,4,Cloudy
18.8,39.0,22.8,1038.5,16.3,5.7,3,4,Sunny
17.5,22.0,20.4,1032.1,4.8,8.3,5,3,Sunny
18.6,82.3,46.2,1005.3,1.0,18.0,4,7,Cloudy
31.2,30.4,10.6,996.2,13.9,-0.6,3,2,Sunny
24.7,67.9,11.9,1032.1,4.1,4.5,1,11,Cloudy
11.4,95.4,35.1,1012.8,18.6,12.7,5,1,Cloudy
17.3,64.0,37.8,1016.0,1.3,-2.6,5,3,Sunny
16.0,42.8,15.7,1030.2,6.5,5.6,5,7,Sunny
22.9,34.3,25.8,996.2,0.3,12.7,3,3,Sunny
8.8,22.2,10.6,1021.8,6.3,5.4,7,7,Cloudy
4.9,69.9,7.4,1005.6,10.8,26.3,0,4,Rainy
10.7,64.6,29.9,1024.9,13.1,17.8,7,8,Rainy
4.4,56.9,22.5,1018.8,14.5,15.6,7,1,Stormy
4.7,35.5,4.2,1026.2,16.7,13.1,4,7,Cloudy
32.2,38.9,0.7,1006.6,2.2,18.1,8,6,Cloudy
18.7,96.7,12.5,1002.4,15.2,12.5,8,1,Rainy
23.7,21.6,27.6,1013.0,5.6,4.1,3,4,Sunny
20.6,49.1,4.3,1004.3,2.8,14.7,1,5,Sunny
21.2,23.1,21.9,1003.6,5.3,6.3,0,8,Sunny
23.0,35.3,8.0,1002.5,17.2,15.4,7,10,Cloudy
25.9,94.7,6.1,1022.5,12.5,14.4,7,11,Rainy
23.7,32.0,2.8,1042.3,11.9,6.9,6,7,Sunny
47.9,68.1,40.8,1024.9,11.7,28.5,2,6,Sunny
9.7,47.8,3.8,1023.5,8.2,22.2,2,10,Sunny
9.4,70.6,4.9,1023.1,8.3,11.6,7,0,Rainy
14.5,88.2,6.0,999.3,3.0,16.1,7,9,Rainy
6.8,42.9,5.0,1023.4,6.7,14.7,1,2,Sunny
17.1,26.3,2.7,986.0,10.2,7.7,0,0,Sunny
10.4,36.3,6.6,1018.6,12.1,16.6,0,9,Sunny
20.8,55.1,9.6,1024.0,1.4,10.4,0,5,Cloudy
20.7,61.2,12.0,1025.2,6.7,0.8,2,2,Cloudy
7.0,95.4,2.6,1022.8,6.8,7.9,0,1,Cloudy
27.7,21.3,22.7,994.3,10.3,8.0,7,9,Cloudy
12.0,80.6,5.6,1003.4,14.2,-3.5,7,1,Rainy
10.6,25.8,37.5,1030.6,12.7,22.7,8,7,Cloudy
24.4,26.2,6.0,1018.5,11.4,7.8,3,0,Sunny
20.0,72.3,29.8,1017.7,5.8,9.0,7,8,Rainy
20.0,92.7,6.5,1005.0,16.8,30.0,6,11,Cloudy
10.1,43.0,10.6,996.5,15.7,4.2,3,6,Sunny
8.9,41.5,7.0,1002.0,3.7,11.2,0,0,Sunny
28.0,69.4,7.3,992.2,13.1,-0.7,2,4,Cloudy
19.3,82.1,14.5,1021.3,18.1,6.9,7,4,Rainy
22.3,89.5,17.7,969.0,8.7,7.8,7,1,Rainy
21.5,40.0,30.7,1002.1,18.5,21.0,1,0,Sunny
26.8,79.2,12.6,1042.6,0.4,5.3,6,6,Cloudy
19.4,44.6,3.7,1009.8,10.3,18.8,0,11,Sunny
17.7,63.6,68.5,1001.4,5.1,33.6,3,8,Cloudy
27.2,35.3,17.3,1046.5,5.2,26.0,6,7,Sunny
42.3,31.7,7.0,1006.9,17.6,-10.8,3,6,Sunny
7.6,94.8,51.7,1042.8,6.2,16.0,3,3,Cloudy
14.5,63.8,47.7,1008.8,0.5,24.6,6,9,Sunny
22.9,20.4,1.2,1026.7,10.8,5.4,0,6,Sunny
-1.8,83.5,0.3,1047.4,19.4,11.3,4,7,Rainy
31.1,75.3,0.7,1015.2,1.6,9.5,5,8,Cloudy
27.9,46.1,17.3,1007.9,5.7,19.6,6,8,Sunny
20.3,57.1,18.6,1023.7,9.4,8.2,6,4,Cloudy
24.7,56.0,19.3,998.2,16.6,27.3,6,4,Sunny
35.1,42.0,14.9,1031.9,5.4,21.8,1,5,Sunny
22.9,98.4,5.0,1003.4,6.9,-0.5,5,7,Cloudy
7.3,63.5,2.7,989.9,7.7,-0.4,8,2,Rainy
29.6,91.8,39.4,1011.5,7.6,13.7,6,2,Cloudy
29.3,66.8,36.7,1006.5,4.0,10.3,6,10,Cloudy
22.1,75.2,4.2,976.2,18.3,11.4,1,4,Cloudy
46.2,22.4,2.8,1013.2,15.9,7.4,6,10,Sunny
19.0,60.9,7.1,996.7,19.5,3.5,8,0,Rainy
2.1,77.7,0.7,1006.3,7.4,12.2,2,4,Rainy
22.6,29.7,2.7,996.6,0.9,15.8,1,8,Sunny
21.5,74.3,7.2,1023.0,2.3,20.3,5,4,Cloudy
42.3,26.7,4.1,1012.8,7.1,21.6,1,6,Sunny
23.6,84.6,20.0,991.2,18.2,12.3,0,9,Cloudy
17.6,98.2,35.3,1034.2,19.6,14.9,3,8,Cloudy
7.4,70.1,36.0,1017.7,16.4,-1.4,8,7,Rainy
38.1,26.2,13.9,1005.6,4.8,17.7,2,4,Sunny
-2.8,66.9,18.2,1001.7,13.2,22.7,2,11,Rainy
24.7,79.3,10.2,1012.1,11.9,17.2,5,1,Cloudy
-0.1,94.6,2.4,994.1,16.5,11.6,5,4,Rainy
17.1,23.6,15.1,1032.8,10.2,4.3,7,9,Cloudy
16.4,82.0,6.5,1030.1,6.4,4.4,5,7,Cloudy
13.1,30.6,0.1,1008.2,0.4,10.5,7,10,Cloudy
16.3,83.2,12.8,1007.2,15.9,15.7,7,0,Rainy
21.4,91.1,3.3,999.8,10.6,-4.6,6,9,Cloudy
15.4,88.9,32.6,1017.1,10.7,1.4,4,3,Cloudy
18.8,72.2,40.8,1017.2,19.1,19.5,3,0,Cloudy
13.1,60.1,2.7,1023.8,9.7,25.8,0,4,Cloudy
17.6,90.0,0.4,1017.4,6.3,10.6,5,1,Cloudy
29.7,61.5,0.1,999.7,6.8,17.2,7,11,Rainy
15.4,35.2,36.6,1002.2,0.2,11.1,3,1,Sunny
35.6,95.4,2.5,1015.2,2.4,13.0,6,6,Cloudy
29.7,49.9,8.6,1002.6,0.9,3.2,2,3,Sunny
28.2,69.9,0.9,1033.7,4.9,16.5,4,1,Cloudy
20.1,35.9,7.0,1012.8,1.3,6.1,6,10,Sunny
10.5,28.8,23.1,991.4,6.6,14.0,8,2,Cloudy
21.0,64.1,7.8,1011.6,2.5,18.0,8,2,Rainy
37.6,64.4,22.4,1010.1,18.4,17.0,6,1,Cloudy
11.7,49.6,17.5,1033.3,18.8,5.5,3,6,Sunny
22.9,44.9,10.9,1013.7,12.1,14.2,5,0,Sunny
10.9,49.9,20.1,1022.0,16.1,7.4,3,8,Sunny
16.0,83.6,31.7,1010.8,13.5,17.9,2,4,Cloudy
23.0,48.6,23.6,1028.4,16.2,18.7,8,3,Cloudy
23.6,93.7,17.7,1032.8,12.8,18.2,4,2,Cloudy
21.2,29.0,18.2,999.3,8.6,24.0,7,2,Cloudy
26.1,94.5,2.6,1004.2,17.5,16.3,2,2,Cloudy
24.5,75.2,45.1,1009.8,8.8,24.4,8,0,Rainy
16.7,47.5,3.5,1026.8,7.9,18.0,0,1,Sunny
27.2,20.5,6.4,1003.4,12.5,6.6,1,10,Sunny
10.3,84.2,10.9,979.7,18.8,14.2,3,6,Cloudy
17.4,97.5,2.0,1025.1,8.8,20.8,1,2,Cloudy
15.4,98.6,13.5,1001.4,11.5,21.4,8,5,Rainy
23.7,53.9,3.0,1008.0,9.8,8.9,6,3,Sunny
-3.8,25.6,38.5,1007.2,18.2,8.8,1,9,Cloudy
16.0,45.1,32.9,981.8,13.5,17.4,3,4,Sunny
24.6,44.8,11.8,995.3,8.4,6.3,5,7,Sunny
44.7,28.2,9.0,1025.9,12.1,10.9,1,1,Sunny
20.5,62.0,1.6,1012.5,3.1,13.4,8,9,Rainy
9.2,68.4,26.0,1027.3,6.8,11.4,2,4,Cloudy
26.7,78.3,7.2,1037.3,14.7,19.1,1,1,Cloudy
13.2,24.1,4.2,988.5,11.2,18.5,3,11,Sunny
6.4,42.0,80.4,1008.0,6.3,13.8,4,8,Sunny
21.8,48.4,16.6,1011.3,7.2,3.6,3,1,Sunny
33.2,91.4,1.2,1035.7,16.2,23.7,2,0,Cloudy
12.0,92.1,24.2,996.8,10.8,6.4,2,3,Cloudy
17.9,40.8,20.8,1017.9,4.8,8.1,2,11,Sunny
26.9,59.0,7.7,1032.3,5.9,5.9,2,6,Cloudy
30.2,54.0,2.0,1026.4,9.4,0.5,5,1,Cloudy
34.3,62.1,10.3,1020.7,15.3,20.3,3,10,Sunny
13.0,42.9,21.6,1002.2,19.9,26.8,6,9,Sunny
18.7,57.0,1.2,1029.3,3.7,2.2,6,8,Sunny
-1.7,31.6,2.7,988.9,15.1,-2.4,3,11,Cloudy
16.1,76.8,14.5,1020.5,12.3,13.3,0,0,Cloudy
9.5,49.6,12.3,987.0,10.6,14.9,8,0,Cloudy
21.4,63.4,35.3,1039.8,19.3,-4.9,6,7,Cloudy
28.9,68.4,25.3,995.8,6.5,3.8,5,4,Cloudy
26.9,86.9,37.7,1006.1,3.5,22.7,4,11,Cloudy
8.4,26.5,9.4,1038.0,17.6,17.0,8,11,Cloudy
16.0,58.6,23.3,1019.7,1.4,22.6,8,8,Rainy
24.6,91.5,0.7,1002.1,16.3,3.7,5,7,Cloudy
21.3,46.4,5.2,1014.8,11.8,12.0,7,5,Cloudy
13.0,55.6,15.5,1017.4,3.3,11.6,6,3,Sunny
23.7,26.8,21.6,1019.3,4.5,20.7,0,5,Sunny
27.7,80.1,12.7,1009.8,3.1,7.0,1,1,Cloudy
18.1,26.8,9.8,1008.2,14.4,8.0,8,4,Cloudy
10.1,70.5,4.0,1023.3,2.9,16.1,3,9,Cloudy
23.8,49.9,2.9,1009.2,13.6,18.3,2,2,Sunny
11.4,47.1,31.2,996.9,2.6,8.4,1,2,Sunny
33.2,66.8,2.3,1008.3,16.0,13.9,7,0,Rainy
-6.4,65.4,8.6,1012.7,18.4,19.6,6,10,Rainy
16.8,52.4,32.9,1018.2,11.2,14.5,8,7,Cloudy
11.1,42.3,2.4,1015.9,19.3,8.5,2,9,Sunny
27.1,60.7,2.0,993.2,7.8,14.5,0,2,Cloudy
34.3,41.4,17.7,1020.5,4.9,17.2,8,0,Cloudy
13.5,28.2,6.0,1009.9,3.5,12.7,4,3,Sunny
10.6,83.9,8.6,1004.6,9.6,16.3,4,0,Cloudy
26.4,76.2,14.7,1027.0,2.6,19.7,2,0,Cloudy
2.1,26.7,7.1,1002.2,17.5,15.4,7,0,Rainy
22.5,33.0,24.1,1039.8,15.7,18.9,7,1,Cloudy
19.7,28.0,52.1,1038.3,11.2,10.7,0,11,Sunny
17.8,83.3,40.6,1028.1,14.4,8.2,3,0,Cloudy
11.6,81.8,11.8,1002.9,1.0,23.4,5,11,Cloudy
-1.1,52.6,6.6,1021.6,4.1,-5.9,8,5,Rainy
29.7,85.7,8.5,1017.0,12.4,15.4,1,6,Cloudy
26.3,97.9,6.0,1002.2,9.5,9.6,6,0,Cloudy
19.4,97.6,8.7,1029.0,12.1,17.5,0,9,Cloudy
22.3,98.5,0.2,1013.0,1.8,2.6,3,0,Cloudy
18.5,87.7,0.9,976.2,13.0,14.9,6,10,Cloudy
29.8,37.4,22.1,1035.2,16.1,16.7,2,9,Sunny
18.0,24.6,6.1,1035.6,10.9,15.2,2,8,Sunny
19.7,84.9,23.7,1012.0,7.1,5.0,3,8,Cloudy
21.5,44.7,9.8,1022.3,3.5,7.2,7,0,Cloudy
16.2,47.0,24.6,1018.2,5.3,17.6,2,10,Sunny
19.1,25.8,16.3,1005.9,10.5,11.2,7,7,Cloudy
18.7,77.2,3.4,1053.0,5.1,-4.0,8,2,Rainy
13.1,54.5,8.9,1003.7,15.6,8.2,7,6,Rainy
10.5,36.3,18.3,1013.8,2.6,21.5,7,0,Cloudy
18.0,72.2,6.0,996.2,10.3,10.8,8,6,Rainy
17.0,98.4,3.2,1025.8,9.9,1.4,3,10,Cloudy
30.6,59.9,11.6,1023.4,2.8,9.2,2,0,Sunny
10.4,68.5,4.8,1025.9,19.9,11.9,7,2,Rainy
14.4,33.0,13.5,994.7,16.5,6.0,0,11,Sunny
21.8,32.9,4.8,1017.1,7.7,22.8,0,6,Sunny
24.0,56.7,35.6,1018.9,13.7,9.6,3,0,Sunny
18.6,87.6,6.3,993.3,14.3,10.2,2,8,Cloudy
28.2,92.7,35.7,1018.9,13.0,10.8,1,4,Cloudy
19.0,71.3,4.9,1003.3,8.6,-2.4,8,1,Rainy
11.3,48.8,13.9,1008.5,17.7,15.0,4,3,Sunny
19.6,80.0,2.1,1021.7,15.4,7.3,2,7,Cloudy
27.5,43.4,22.6,1016.0,10.8,-7.5,8,3,Cloudy
29.7,37.6,3.4,1001.9,0.1,0.0,7,9,Cloudy
29.4,83.6,29.9,996.0,4.5,11.6,3,4,Cloudy
21.9,80.1,9.0,1010.5,10.2,21.8,4,1,Cloudy
22.6,90.6,1.5,1016.4,18.0,17.7,4,4,Cloudy
25.9,66.1,6.8,1013.2,12.6,16.4,7,6,Rainy
3.7,91.7,22.7,1011.1,8.4,12.8,6,8,Rainy
12.8,22.1,1.2,1009.5,1.0,15.1,2,7,Sunny
23.0,40.3,14.7,1034.5,11.9,12.8,5,9,Sunny
10.1,84.4,10.6,1015.8,7.0,6.1,5,10,Cloudy
31.5,53.9,5.6,1016.0,10.7,6.4,1,5,Sunny
30.7,39.2,21.1,1009.7,15.3,12.1,0,8,Sunny
14.6,83.7,0.8,1006.6,16.1,5.9,6,6,Cloudy
10.9,85.8,10.3,1041.2,17.3,-1.5,2,2,Cloudy
24.3,56.5,10.6,1021.4,12.7,16.8,4,10,Sunny
7.2,57.3,1.4,1024.7,18.1,15.5,7,11,Rainy
21.4,82.5,2.2,1001.0,13.8,-1.6,4,0,Cloudy
48.3,81.7,7.9,1027.8,15.7,2.1,4,4,Cloudy
9.9,89.3,11.5,998.0,13.7,14.7,4,8,Cloudy
12.2,71.6,0.8,1018.0,17.4,2.8,6,7,Cloudy
13.8,34.9,0.2,1014.7,4.5,12.2,1,5,Sunny
11.0,64.0,3.2,1032.8,15.2,18.7,0,7,Cloudy
11.5,50.6,10.0,1005.5,2.3,8.3,3,7,Cloudy
37.2,22.2,0.6,1021.4,1.8,17.3,4,2,Sunny
20.6,35.7,19.8,1018.9,9.8,8.0,6,11,Sunny
29.1,36.4,2.5,1001.5,6.0,9.4,0,5,Sunny
32.0,26.6,22.2,1021.1,11.3,15.3,8,6,Cloudy
2.0,56.3,3.4,1010.8,13.6,17.4,3,1,Rainy
12.3,60.6,6.4,1012.4,4.5,2.0,5,10,Sunny
10.9,47.2,9.8,1007.5,14.0,1.5,0,6,Sunny
-6.3,53.0,6.4,1013.9,19.9,-0.2,8,9,Rainy
24.3,64.0,0.4,1013.6,15.2,25.4,3,5,Cloudy
23.0,29.6,35.9,1020.9,3.5,8.5,4,1,Sunny
33.2,65.0,5.1,1017.8,12.7,6.4,7,1,Rainy
24.7,76.8,2.2,1026.2,0.2,14.3,5,5,Cloudy
-6.1,90.0,2.1,1025.4,9.4,-1.2,2,2,Rainy
13.0,44.1,55.1,1035.5,10.7,9.0,7,5,Cloudy
13.7,79.8,2.0,1023.3,19.4,12.1,5,8,Cloudy
25.1,68.5,6.4,1015.2,14.7,4.2,1,9,Sunny
-6.5,60.2,1.1,1030.0,14.1,2.8,4,11,Rainy
25.4,93.6,19.9,1014.9,10.6,9.0,2,0,Cloudy
27.9,69.6,13.6,1017.3,10.3,8.1,3,2,Sunny
17.5,49.3,11.4,975.2,19.8,7.8,8,1,Cloudy
12.0,77.0,29.1,999.5,0.4,0.1,2,10,Cloudy
31.8,96.8,12.8,1023.5,6.1,-0.0,4,2,Cloudy
6.2,93.5,46.7,1033.1,2.7,22.1,7,1,Rainy
31.5,98.4,14.6,1021.1,6.3,1.5,8,2,Rainy
29.1,27.6,6.6,1022.1,9.3,10.3,6,11,Sunny
25.6,55.5,0.6,1023.1,6.8,10.7,3,3,Sunny
38.2,54.6,19.4,1013.5,19.3,8.2,8,6,Rainy
20.2,50.7,7.0,998.9,13.6,10.7,1,1,Sunny
26.2,34.3,13.7,1022.6,14.6,9.1,1,1,Sunny
19.5,86.6,31.4,994.4,14.8,8.7,3,1,Cloudy
16.8,73.8,0.1,1020.4,18.0,20.4,1,5,Sunny
25.3,68.5,21.4,1034.3,15.4,4.4,2,7,Sunny
17.0,55.7,8.6,1017.3,0.3,6.9,4,3,Sunny
20.6,51.1,2.0,1020.9,5.2,19.3,2,11,Cloudy
20.7,82.9,13.1,1029.3,19.8,7.3,0,9,Cloudy
16.0,62.1,11.4,1010.8,13.0,8.4,2,2,Cloudy
27.3,68.6,27.7,1035.4,1.4,7.2,5,8,Cloudy
2.3,28.0,11.1,1028.4,9.3,20.4,2,0,Cloudy
13.0,57.7,26.3,1015.0,19.6,19.1,8,9,Rainy
10.3,30.4,11.8,980.0,19.9,2.5,2,1,Sunny
23.1,24.3,8.9,1011.5,8.6,23.3,2,11,Sunny
17.6,75.1,7.0,1011.3,17.9,-5.3,2,6,Cloudy
5.8,42.0,2.9,1017.9,11.8,-1.4,4,11,Sunny
24.7,97.2,13.2,1034.9,10.2,-0.7,6,2,Cloudy
22.3,68.4,11.8,1028.3,8.2,3.2,4,11,Sunny
20.4,71.6,55.8,1016.4,17.8,8.5,8,8,Rainy
27.8,35.7,8.0,1009.2,12.4,3.4,5,0,Sunny
25.2,30.3,8.2,985.5,6.7,2.3,0,11,Sunny
17.7,62.0,2.7,1024.5,9.8,15.7,8,8,Rainy
24.2,94.0,13.7,1018.5,8.9,9.1,2,5,Cloudy
33.7,24.5,28.2,1028.3,9.0,17.9,7,0,Cloudy
18.5,60.7,4.3,1018.7,6.2,18.9,2,8,Sunny
32.5,35.9,0.1,1004.6,12.7,12.8,7,8,Cloudy
39.0,82.6,17.6,1020.6,1.0,17.1,3,9,Cloudy
23.3,74.6,0.5,1018.2,17.7,10.0,0,10,Cloudy
9.9,27.8,7.9,1028.2,8.3,1.5,5,4,Sunny
17.0,69.3,14.2,1009.2,16.0,0.2,6,6,Cloudy
21.6,98.7,7.3,1004.1,14.6,-4.1,7,2,Rainy
20.2,62.3,4.5,1015.9,9.4,17.6,5,7,Sunny
21.3,42.8,24.1,1012.7,4.0,12.6,0,2,Sunny
32.1,32.2,5.4,1005.4,11.2,-12.3,4,9,Sunny
11.5,99.2,3.0,1005.2,19.0,16.5,8,6,Rainy
23.7,65.1,7.4,1032.3,3.7,11.9,2,3,Cloudy
29.2,50.0,2.1,1012.6,5.1,4.1,4,4,Sunny
17.5,37.1,17.6,1030.8,19.9,4.0,5,6,Sunny
9.7,96.0,18.6,1045.8,17.9,9.1,4,1,Cloudy
17.9,70.2,0.2,1010.7,11.0,20.9,3,3,Sunny
9.6,24.6,17.8,1003.5,13.9,11.7,1,6,Sunny
12.9,24.8,5.3,998.9,8.9,5.7,4,2,Sunny
25.8,95.2,16.0,1030.4,8.1,29.2,0,3,Cloudy
22.6,76.8,18.4,1012.2,8.9,19.3,0,9,Cloudy
27.1,28.3,4.9,1015.8,8.3,19.2,7,11,Cloudy
24.8,69.9,3.1,1009.0,13.5,19.7,3,7,Sunny
17.9,53.6,26.3,1012.8,6.6,21.5,0,2,Cloudy
9.9,83.1,20.2,1053.7,3.4,15.4,1,11,Cloudy
23.2,41.9,27.2,1004.9,14.1,12.2,4,8,Sunny
14.7,50.6,8.6,983.9,0.6,12.9,6,4,Sunny
18.6,33.4,9.1,1013.4,14.4,1.0,4,1,Sunny
12.9,40.2,6.3,1006.3,5.3,-5.9,5,7,Sunny
29.0,35.1,10.4,1024.6,3.8,17.7,6,9,Sunny
-2.4,21.9,15.6,1014.3,7.6,26.6,2,7,Cloudy
25.2,23.7,25.3,1031.4,2.3,9.0,4,0,Sunny
21.5,86.8,3.0,983.7,7.7,23.1,7,8,Rainy
28.9,84.3,7.8,1022.9,2.0,24.3,5,1,Cloudy
7.8,31.3,9.3,1034.9,9.7,7.9,1,3,Sunny
19.5,73.4,10.0,1008.3,3.5,21.7,8,5,Rainy
15.7,79.7,11.7,1008.1,2.6,17.1,1,8,Cloudy
18.4,24.1,24.3,1007.6,11.6,9.4,5,0,Sunny
20.2,27.1,32.6,1006.1,12.5,16.3,1,8,Sunny
15.2,65.0,2.6,1030.7,0.1,14.3,6,7,Sunny
18.9,49.9,18.7,1000.3,7.8,-3.7,0,11,Sunny
32.4,76.0,9.8,1023.4,1.6,31.9,3,6,Cloudy
34.5,64.6,8.1,991.3,14.8,3.4,7,1,Rainy
22.4,22.5,1.8,995.3,13.6,13.6,8,6,Cloudy
34.7,74.7,1.0,1015.7,1.0,26.7,2,1,Cloudy
5.6,36.3,57.1,997.9,18.8,9.8,8,8,Cloudy
28.0,45.0,15.4,997.3,19.2,6.1,7,11,Rainy
22.1,78.9,9.0,1031.8,6.7,13.0,3,3,Cloudy
16.3,81.7,21.5,1021.1,2.6,9.2,0,1,Cloudy
26.1,47.7,1.4,1014.5,2.3,21.8,4,4,Sunny
21.6,27.1,14.0,1023.3,16.8,5.3,6,8,Sunny
14.0,81.6,16.2,992.7,9.2,7.4,4,3,Cloudy
27.0,89.6,9.0,999.5,0.2,11.3,4,4,Cloudy
19.5,97.1,4.4,1017.2,18.5,1.7,4,7,Cloudy
12.9,45.4,46.4,991.7,11.9,7.6,2,2,Sunny
28.1,29.9,5.4,992.2,13.8,7.7,5,5,Sunny
3.0,95.0,2.0,1008.5,16.5,1.9,3,0,Rainy
36.4,52.0,14.9,1016.3,16.4,7.0,1,2,Sunny
29.1,27.5,12.8,1010.1,1.5,17.9,3,7,Sunny
1.1,59.9,21.1,999.8,11.5,-4.0,5,9,Cloudy
32.1,35.2,21.0,1000.5,13.9,20.1,5,9,Sunny
20.8,48.4,14.5,1009.8,1.7,7.8,8,5,Cloudy
-0.6,45.6,3.5,1024.6,4.4,14.6,7,9,Stormy
1.4,99.0,32.7,1036.2,7.9,20.0,4,3,Rainy
25.7,71.2,4.3,1014.4,17.7,4.5,2,11,Cloudy
9.1,59.3,1.5,984.4,17.0,15.6,3,7,Sunny
11.3,61.1,5.4,1026.5,15.6,1.5,4,2,Cloudy
21.1,68.3,9.9,1023.3,19.8,0.8,0,1,Cloudy
25.1,89.8,3.5,1005.0,4.9,10.0,8,9,Rainy
22.1,31.7,6.1,1010.2,9.4,10.7,3,7,Sunny
10.9,68.0,10.8,1034.9,8.9,19.7,7,11,Rainy
12.5,45.8,5.8,1037.1,13.6,0.2,4,3,Sunny
9.4,65.7,1.4,1001.4,17.0,16.7,4,11,Sunny
22.3,61.4,3.3,1046.6,9.8,8.7,1,8,Sunny
21.8,22.4,23.7,1020.3,9.8,10.9,7,10,Cloudy
24.0,66.6,46.3,1051.1,12.2,-5.2,6,2,Cloudy
21.8,76.7,2.4,993.2,14.8,10.1,1,8,Cloudy
21.1,39.7,17.1,1005.4,4.0,17.9,5,9,Sunny
28.9,28.5,35.4,980.8,19.2,9.4,8,5,Cloudy
21.0,36.9,5.3,1010.3,1.8,8.9,7,4,Cloudy
28.8,70.9,26.5,1025.7,0.5,26.7,2,1,Sunny
16.1,57.5,35.3,1040.8,7.2,11.4,6,11,Cloudy
12.1,89.2,5.3,1002.5,14.0,-2.4,3,10,Cloudy
32.0,42.8,0.9,1018.5,19.6,-0.8,3,5,Sunny
15.3,49.2,37.3,1008.7,18.7,23.6,6,3,Sunny
18.9,62.2,6.0,1023.9,13.8,7.8,6,4,Cloudy
11.7,56.8,0.2,1011.2,8.7,18.3,0,10,Cloudy
39.9,63.8,9.7,1009.1,11.9,8.8,0,5,Sunny
4.7,45.0,1.8,987.0,19.4,15.0,5,6,Cloudy
29.8,33.3,34.8,1017.5,5.3,8.2,1,3,Sunny
1.4,84.3,2.5,1035.1,9.6,10.7,2,10,Rainy
16.2,23.1,5.4,994.2,13.9,15.5,1,7,Sunny
27.4,49.6,23.4,1026.9,0.2,1.8,1,4,Cloudy
36.8,27.0,24.6,1014.4,7.6,14.2,7,6,Cloudy
17.6,78.9,34.7,982.0,11.4,13.4,7,5,Rainy
14.6,49.2,10.3,1008.0,18.0,-0.5,5,10,Sunny
22.0,22.4,64.8,1009.0,19.8,33.3,2,10,Sunny
36.5,26.1,10.9,1019.7,11.1,9.0,4,4,Sunny
21.7,35.9,23.5,1021.4,18.9,3.5,6,6,Sunny
25.1,83.0,6.7,1015.1,2.0,23.8,4,10,Cloudy
13.6,83.9,42.5,1023.5,14.0,1.9,6,3,Cloudy
29.1,99.7,17.3,999.5,8.0,7.0,6,6,Cloudy
4.3,39.3,1.2,1010.3,15.0,13.1,3,2,Cloudy
32.5,24.8,1.7,1010.8,17.4,7.2,5,7,Sunny
33.3,42.7,33.2,1030.6,1.1,16.2,8,9,Rainy
40.2,34.3,24.9,985.4,18.7,16.3,3,3,Sunny
33.3,76.8,6.0,1022.0,1.4,5.7,0,3,Cloudy
14.6,97.5,11.1,1035.6,15.1,23.7,7,11,Rainy
34.7,41.8,28.7,1014.9,1.4,9.5,3,0,Sunny
31.3,46.3,1.6,1062.8,17.2,13.6,7,7,Cloudy
12.8,48.1,2.2,1005.7,4.1,8.9,8,4,Cloudy
22.1,88.6,18.9,1010.9,8.7,8.4,7,8,Rainy
-9.1,66.2,1.3,1004.7,18.7,11.4,0,2,Rainy
6.2,97.9,6.5,1009.7,15.8,26.8,8,4,Rainy
28.2,70.2,4.4,1022.4,15.7,15.4,4,11,Sunny
36.3,76.5,21.4,1007.5,15.3,3.6,7,11,Rainy
28.2,27.1,0.0,1000.7,11.4,12.6,5,3,Sunny
20.6,96.1,1.8,989.1,19.0,7.5,6,11,Cloudy
9.7,70.2,1.6,1010.7,16.6,19.8,2,10,Sunny
26.4,61.6,5.7,1012.7,8.8,11.1,8,6,Rainy
0.8,51.0,4.0,1008.4,14.9,0.6,8,9,Stormy
25.1,26.2,3.9,1046.4,20.0,15.3,1,4,Sunny
11.0,30.7,6.9,1022.7,17.4,5.4,3,1,Sunny
27.6,20.9,3.6,1004.9,0.0,15.2,3,5,Sunny
28.0,99.9,1.7,1023.7,14.8,19.7,0,3,Cloudy
14.3,82.9,13.1,1025.3,18.0,9.7,3,5,Cloudy
29.3,83.8,45.5,1012.9,6.6,10.7,2,0,Cloudy
2.5,78.4,14.0,1006.8,19.5,13.4,1,10,Rainy
18.6,58.7,21.2,998.4,8.0,6.7,5,11,Sunny
27.9,27.1,53.7,1033.6,8.4,12.7,2,0,Sunny
26.2,25.8,2.5,1010.6,3.2,13.7,8,3,Cloudy
14.4,93.3,9.2,1010.1,1.9,4.9,8,6,Rainy
28.8,20.0,13.1,1029.7,10.7,21.6,7,10,Cloudy
29.2,75.9,5.8,1013.5,12.1,-1.8,7,6,Rainy
8.3,70.3,14.2,1049.9,7.3,18.5,1,0,Sunny
18.9,60.1,14.7,1005.1,12.1,23.0,5,4,Sunny
22.0,98.0,27.7,1007.4,7.9,18.3,3,5,Cloudy
21.8,35.9,26.8,1002.5,17.4,3.5,1,4,Sunny
28.1,82.8,2.3,1000.5,19.1,18.9,1,6,Cloudy
15.9,74.0,2.8,1019.1,11.9,28.8,6,5,Cloudy
36.4,98.0,3.8,1023.6,16.8,10.6,0,4,Cloudy
16.1,94.7,4.5,1007.3,17.1,12.0,7,4,Rainy
8.7,30.3,12.5,1013.6,14.3,18.2,4,8,Sunny
17.7,44.6,6.0,1016.2,3.8,5.0,7,2,Cloudy
22.5,88.1,45.9,1032.4,3.1,-0.3,1,8,Cloudy
8.2,38.3,1.9,1003.9,18.4,15.4,0,10,Sunny
16.9,50.3,4.2,1015.7,5.3,12.3,1,1,Sunny
7.6,70.1,30.4,1019.5,4.9,3.7,5,9,Cloudy
27.0,65.0,13.2,1019.1,3.3,15.1,3,6,Sunny
18.2,71.2,11.9,1014.1,10.5,9.2,7,5,Rainy
-3.9,77.1,13.5,1028.3,13.5,15.0,8,7,Stormy
30.4,78.3,4.4,1002.6,13.5,13.5,8,8,Rainy
8.3,79.0,21.5,1010.4,5.2,13.1,4,5,Cloudy
46.7,99.3,10.3,1004.1,1.9,11.9,5,1,Cloudy
13.2,48.5,0.7,1003.1,6.2,-2.0,6,9,Sunny
14.2,23.5,2.9,1014.7,10.1,-0.0,3,11,Sunny
21.6,47.9,25.4,1027.9,12.2,26.4,2,3,Sunny
-4.1,92.9,6.3,1001.3,5.4,23.1,1,2,Rainy
24.4,26.7,22.3,1026.8,3.7,9.8,3,2,Sunny
27.0,71.8,16.3,1008.0,16.8,15.4,8,4,Rainy
29.1,53.9,5.4,998.6,17.2,-1.4,4,9,Sunny
22.8,93.7,2.0,1003.1,5.6,0.1,0,0,Cloudy
20.9,94.3,24.7,1027.4,11.2,-11.6,4,8,Cloudy
4.8,82.8,15.5,997.4,8.8,3.4,5,3,Rainy
24.9,27.9,5.4,1043.1,2.8,6.8,5,6,Sunny
19.6,22.0,11.1,1015.1,18.8,17.7,4,6,Sunny
15.7,30.9,14.2,987.5,0.2,10.1,7,6,Cloudy
9.7,45.7,0.0,997.4,3.8,14.1,4,10,Sunny
24.8,39.3,16.7,1025.4,6.9,9.0,2,4,Sunny
16.8,49.6,16.0,991.1,17.1,10.9,2,3,Sunny
1.2,31.4,1.3,1022.9,15.8,9.1,3,3,Cloudy
17.8,80.2,23.3,995.5,11.6,14.1,7,4,Rainy
12.3,87.6,26.2,1018.5,13.9,-9.9,8,5,Rainy
28.8,59.0,5.1,1032.8,6.8,12.0,6,9,Cloudy
18.3,96.5,2.7,1018.7,18.8,10.8,1,6,Cloudy
17.4,29.6,17.4,1025.8,0.5,25.3,8,4,Cloudy
23.1,28.5,2.0,1023.9,2.0,13.8,5,11,Sunny
36.7,36.0,29.3,995.9,18.5,24.7,5,11,Sunny
24.1,98.6,9.8,994.8,18.9,5.7,5,8,Cloudy
12.1,53.3,36.1,986.6,9.8,6.0,0,8,Sunny
4.4,93.9,15.4,1017.6,11.5,25.4,8,0,Stormy
33.3,36.2,5.0,1011.5,18.1,10.1,5,4,Sunny
-4.5,87.7,9.5,998.0,17.1,5.5,6,1,Rainy
19.8,44.8,11.3,1018.0,17.2,12.2,0,3,Sunny
43.5,78.8,25.3,1037.1,7.4,13.5,4,10,Cloudy
2.2,98.0,29.7,1023.4,16.6,21.9,2,6,Rainy
8.8,94.6,17.2,1033.6,1.4,5.6,8,9,Rainy
22.0,86.5,5.2,1007.2,9.7,17.9,1,5,Cloudy
11.9,24.0,11.3,1015.6,4.7,26.0,3,6,Sunny
18.8,68.6,2.1,1017.8,0.7,20.9,2,2,Sunny
24.3,86.8,3.9,1025.7,12.3,26.5,8,4,Rainy
25.7,51.9,5.4,990.0,1.5,12.1,2,5,Cloudy
31.1,78.5,1.1,1035.6,2.4,16.8,0,10,Cloudy
4.2,31.0,32.4,1016.5,1.6,5.8,7,5,Rainy
32.7,34.1,2.0,1032.6,19.5,31.7,0,5,Sunny
33.5,71.5,17.9,1028.8,0.8,19.2,0,8,Cloudy
28.5,55.0,10.6,980.9,5.4,13.8,6,5,Sunny
8.7,37.5,26.7,1018.0,13.0,11.6,8,11,Cloudy
8.2,42.6,20.3,1020.4,16.5,-5.1,3,1,Sunny
23.0,69.5,21.4,1009.7,12.2,-5.4,3,8,Cloudy
26.4,78.0,8.1,1013.1,19.5,3.3,4,3,Cloudy
31.8,36.6,26.9,999.8,6.8,7.7,4,6,Sunny
15.2,96.4,1.5,1010.7,9.4,17.2,1,5,Cloudy
26.3,20.7,8.8,1008.0,16.4,18.5,8,8,Cloudy
25.7,76.0,78.4,1005.3,13.6,12.0,8,9,Rainy
13.5,43.3,44.4,1007.5,4.3,14.6,8,2,Cloudy
15.6,58.3,1.3,977.6,10.0,10.6,8,7,Rainy
4.0,65.6,12.8,1005.2,19.5,20.8,0,4,Rainy
9.4,64.9,5.7,999.4,17.3,6.2,7,5,Cloudy
13.7,82.1,19.6,1000.5,3.8,9.5,7,2,Rainy
25.2,85.9,20.0,992.3,3.6,13.5,3,2,Cloudy
42.6,25.9,0.0,1009.5,16.6,5.8,0,6,Sunny
24.8,76.2,28.0,999.7,4.0,0.1,0,5,Cloudy
7.6,51.9,3.8,999.5,9.1,14.9,0,1,Sunny
15.2,85.5,50.7,1014.8,3.6,30.0,2,9,Cloudy
30.5,68.7,35.4,1037.4,0.3,12.9,2,11,Cloudy
12.0,20.8,3.2,1015.0,17.5,18.0,3,7,Sunny
35.0,73.3,15.2,1029.1,15.6,9.3,1,11,Cloudy
26.8,94.1,5.3,1011.6,9.4,15.2,8,4,Rainy
17.5,26.6,1.6,1050.1,3.2,0.7,8,6,Cloudy
0.9,59.5,31.1,996.2,16.1,3.4,6,2,Rainy
30.1,70.1,3.0,983.1,7.2,16.9,1,9,Cloudy
26.4,35.7,8.2,1026.4,13.2,10.1,2,4,Sunny
24.7,72.1,38.7,1024.0,6.3,-1.3,7,11,Rainy
46.8,24.0,1.2,985.9,8.6,8.6,8,2,Cloudy
10.6,92.5,12.0,1010.8,10.7,19.4,3,11,Cloudy
35.2,81.0,12.7,1039.9,15.2,7.0,8,2,Rainy
18.1,95.3,21.6,1026.4,16.6,-6.1,3,11,Cloudy
22.6,53.5,26.3,989.9,8.9,26.1,1,0,Cloudy
23.1,22.7,8.3,982.6,4.7,12.9,6,10,Sunny
28.3,47.3,20.4,1037.3,3.1,25.0,8,2,Cloudy
12.9,61.3,36.2,1000.3,6.8,14.8,1,6,Sunny
43.9,94.9,32.6,1027.5,16.0,6.8,7,10,Rainy
8.9,90.6,10.5,1023.7,5.5,14.8,5,8,Cloudy
16.4,67.5,14.0,1012.6,1.0,14.5,8,0,Rainy
38.4,78.4,16.8,1001.8,11.3,26.7,4,3,Cloudy
31.8,96.3,25.6,1035.4,0.7,22.3,0,9,Cloudy
16.4,88.0,10.6,979.3,17.7,17.5,4,6,Cloudy
26.8,72.7,1.8,1029.4,13.6,15.1,6,5,Cloudy
9.2,63.2,7.3,1008.1,5.1,12.6,6,3,Sunny
11.9,58.1,19.1,1001.6,9.4,7.4,3,10,Cloudy
16.4,80.5,14.7,1011.2,14.8,20.6,5,2,Cloudy
34.3,84.7,21.0,1029.9,18.3,8.6,5,5,Cloudy
-1.1,37.4,10.4,994.3,17.5,10.1,0,3,Cloudy
28.8,57.9,2.9,1018.0,1.4,12.5,4,4,Sunny
16.0,81.7,1.8,1022.0,1.6,7.0,6,1,Cloudy
26.2,74.1,9.8,1010.0,12.0,8.4,4,8,Cloudy
25.8,67.3,3.5,996.4,9.9,12.0,7,1,Rainy
19.7,45.9,60.5,1000.7,5.9,11.4,0,3,Sunny
12.4,68.7,3.3,1039.7,19.5,23.6,8,7,Rainy
13.3,69.0,12.5,1027.2,14.9,-0.2,1,6,Sunny
16.9,54.6,0.0,1022.0,13.7,16.5,7,3,Rainy
3.7,96.8,4.4,1044.9,3.6,8.1,4,7,Rainy
20.9,72.2,4.5,1001.2,5.7,9.2,6,10,Cloudy
12.9,88.1,20.1,1012.8,12.1,-7.0,6,5,Cloudy
15.4,30.3,10.3,1013.7,15.9,6.0,0,7,Sunny
17.9,80.5,0.2,1031.5,18.6,16.2,7,3,Rainy
27.5,68.1,7.2,988.5,14.0,6.5,2,4,Sunny
32.4,44.7,15.5,1014.2,8.4,8.2,3,3,Sunny
33.7,30.9,15.2,1013.0,13.8,9.6,2,6,Sunny
24.1,50.4,0.8,1025.4,1.4,13.6,1,3,Cloudy
16.1,55.3,39.7,1006.5,12.0,25.3,6,4,Cloudy
6.9,31.3,4.3,1031.2,17.9,11.4,4,8,Sunny
44.4,73.6,33.3,1019.1,12.7,35.1,6,7,Cloudy
37.8,44.6,3.6,1001.3,0.2,32.7,0,1,Sunny
28.9,84.5,12.6,1021.7,13.9,25.1,1,6,Cloudy
26.6,71.9,7.8,1011.2,14.5,20.1,5,11,Cloudy
16.5,44.8,13.1,1020.3,10.8,14.8,5,1,Sunny
21.3,48.8,10.3,995.2,16.3,24.1,2,9,Sunny
29.2,95.4,0.0,1008.9,4.0,28.9,0,2,Cloudy
1.1,95.8,6.5,1028.3,8.2,12.9,2,0,Rainy
13.9,53.5,0.2,1034.1,16.2,14.1,3,1,Sunny
20.1,74.3,17.3,1019.6,12.1,18.2,0,2,Sunny
0.8,98.4,28.8,1009.5,19.9,11.2,6,4,Rainy
5.1,99.5,7.3,1004.8,1.4,23.8,2,5,Cloudy
13.4,25.8,11.2,1002.5,4.9,2.1,7,6,Cloudy
20.9,64.3,1.0,1002.5,4.0,14.8,6,4,Cloudy
35.1,78.1,7.3,1000.3,19.5,2.5,5,4,Cloudy
15.5,34.9,2.2,1011.7,17.4,11.7,7,10,Cloudy
38.8,85.8,1.0,1004.2,2.7,6.1,8,7,Rainy
12.7,57.5,2.8,1021.3,7.1,11.6,1,0,Sunny
18.7,59.8,30.7,1018.4,1.1,-1.4,8,8,Rainy
5.2,41.9,60.4,1029.5,12.7,16.8,4,2,Sunny
15.6,44.0,31.7,1021.5,6.6,8.9,0,10,Sunny
1.0,26.7,52.4,1025.6,5.2,20.5,0,5,Cloudy
53.9,94.5,19.7,1000.7,10.5,11.6,6,3,Cloudy
9.5,50.5,2.6,1020.3,15.9,18.7,5,1,Sunny
23.6,33.0,12.4,1016.7,8.1,8.3,8,5,Cloudy
15.2,31.4,19.7,983.4,15.1,18.4,0,9,Sunny
17.6,52.6,10.8,1012.2,8.9,28.9,6,7,Cloudy
19.2,70.6,12.1,997.9,4.3,5.9,7,3,Rainy
29.5,82.2,13.2,990.2,8.9,18.5,3,7,Cloudy
25.1,94.0,9.4,1008.3,10.8,2.0,0,6,Cloudy
22.4,70.9,5.1,1003.5,9.2,10.9,2,0,Sunny
25.8,53.7,15.2,1001.7,5.5,-2.8,1,4,Sunny
23.7,53.8,0.8,991.4,3.7,17.3,2,7,Sunny
7.2,66.0,2.8,1039.7,18.9,7.3,5,5,Sunny
17.5,63.0,38.9,994.3,5.9,18.0,2,8,Sunny
26.8,71.3,10.1,1007.9,14.1,14.4,3,10,Cloudy
14.0,60.3,25.9,1023.2,6.8,10.1,0,6,Sunny
23.6,24.7,19.4,1027.7,19.4,18.2,5,1,Sunny
31.0,60.1,5.8,996.5,19.8,20.5,1,0,Sunny
13.1,21.8,24.4,1009.7,16.5,8.6,3,11,Sunny
30.2,34.4,1.4,1021.3,11.6,20.8,4,8,Sunny
18.9,51.0,31.2,1017.5,10.8,10.2,4,4,Sunny
20.7,64.1,17.1,1018.7,6.6,-9.9,3,1,Cloudy
28.5,34.8,39.3,995.1,2.4,13.7,2,10,Sunny
25.9,42.1,33.9,1000.6,1.6,6.8,3,3,Sunny
-7.2,49.9,7.2,1010.7,9.3,8.9,2,9,Rainy
1.7,35.8,29.2,1008.3,19.6,-4.1,2,11,Cloudy
25.3,99.9,12.4,1015.5,4.9,14.4,3,5,Cloudy
18.6,84.4,2.6,997.1,8.2,6.5,8,8,Rainy
4.0,84.9,26.5,1027.6,12.8,7.8,8,7,Stormy
13.4,65.5,35.8,995.1,7.0,20.5,7,5,Rainy
3.0,96.9,1.3,1016.5,0.1,-4.9,3,3,Rainy
18.9,78.6,40.0,1000.8,7.9,15.0,1,9,Cloudy
32.6,46.5,13.8,1009.0,16.1,15.1,8,4,Rainy
12.9,68.8,0.4,990.9,18.9,13.9,5,10,Cloudy
22.5,63.5,11.7,1010.5,5.5,20.8,7,10,Rainy
19.0,66.4,23.9,1023.0,18.4,19.1,3,3,Sunny
36.0,85.4,11.4,1032.0,17.3,13.0,7,3,Rainy
32.7,60.8,18.4,1011.5,8.1,6.0,5,7,Cloudy
4.1,78.3,31.8,994.7,0.1,8.4,5,3,Rainy
18.1,40.0,30.6,1025.2,16.9,11.8,5,10,Sunny
11.1,94.6,3.0,1018.2,5.7,-6.7,8,2,Rainy
14.0,26.9,8.4,1010.5,15.1,8.0,0,1,Sunny
27.9,99.5,1.8,1004.9,11.4,21.6,0,9,Cloudy
21.9,70.6,13.6,1011.2,4.4,8.9,4,0,Cloudy
27.7,57.6,46.4,1013.4,13.0,18.5,0,4,Cloudy
-2.9,44.9,3.0,1025.1,15.3,19.0,8,3,Stormy
29.3,52.4,7.8,1000.3,9.5,21.7,3,9,Sunny
24.3,82.6,46.2,1002.9,15.0,9.5,1,8,Cloudy
36.1,31.2,20.8,1009.5,8.1,10.0,2,8,Sunny
13.9,40.2,1.1,992.6,19.6,14.5,8,10,Cloudy
30.8,29.9,8.4,1023.3,4.8,5.6,7,4,Cloudy
22.9,54.1,66.2,1021.9,15.6,6.4,2,4,Sunny
21.3,51.0,9.1,1017.5,15.0,20.0,7,5,Cloudy
15.1,71.9,14.9,1049.3,10.6,6.4,3,3,Cloudy
19.1,99.7,18.1,1023.2,7.0,16.1,5,5,Cloudy
10.2,91.4,16.4,1033.2,8.9,15.2,3,7,Cloudy
16.0,90.4,11.0,1013.9,12.6,11.9,4,11,Cloudy
14.1,71.7,2.1,1004.8,10.6,14.1,8,4,Rainy
17.1,41.6,18.5,991.4,15.2,17.5,1,7,Sunny
18.2,50.7,40.6,1017.6,7.2,23.5,8,7,Cloudy
18.4,40.0,42.6,1021.1,2.1,4.5,2,2,Sunny
19.9,30.8,13.5,1026.9,10.1,4.2,4,5,Sunny
19.8,54.9,10.2,1005.5,5.2,11.2,6,0,Sunny
21.1,91.8,6.1,1023.0,12.3,14.8,1,4,Cloudy
19.7,79.5,1.6,993.5,10.4,14.3,3,6,Cloudy
17.3,98.8,32.2,1014.4,15.6,25.8,0,4,Cloudy
24.3,35.6,2.2,1021.3,11.5,4.3,2,2,Sunny
32.1,60.0,5.1,1022.7,8.6,-1.2,5,1,Cloudy
16.6,83.4,20.2,1025.3,2.4,16.1,1,11,Cloudy
14.7,56.8,18.3,1021.0,2.4,13.8,7,1,Rainy
23.8,48.4,17.1,1014.7,12.8,10.9,6,8,Sunny
21.1,85.3,20.3,1031.6,17.6,18.5,2,1,Cloudy
10.3,54.4,11.7,1012.2,8.3,-1.1,0,6,Cloudy
12.5,93.0,2.5,1012.8,10.6,-1.9,3,8,Cloudy
14.1,41.5,96.2,1036.7,11.8,-4.0,3,11,Sunny
9.6,91.7,33.4,971.1,9.5,6.3,4,2,Cloudy
24.4,42.3,8.5,1021.6,1.2,21.8,2,6,Sunny
27.6,43.2,11.3,1022.1,11.8,0.1,1,0,Sunny
11.9,53.6,7.5,1006.7,2.7,12.3,1,11,Sunny
6.4,61.3,15.2,1013.3,11.1,14.4,7,5,Rainy
21.7,53.5,19.7,1012.8,15.5,24.4,6,10,Cloudy
20.3,89.0,4.0,1009.8,0.1,5.1,0,1,Cloudy
43.0,83.6,8.5,1012.1,8.6,4.8,8,9,Rainy
26.7,44.8,15.3,1018.7,14.9,20.3,2,0,Sunny
8.7,60.9,66.4,1004.1,10.6,3.4,2,4,Sunny
10.5,54.5,5.9,1012.9,4.7,21.7,0,5,Sunny
23.2,24.5,20.5,992.8,14.0,14.9,3,10,Sunny
19.5,79.9,6.4,1003.8,15.7,-2.1,1,1,Cloudy
18.9,34.5,1.5,996.7,7.3,17.2,2,3,Sunny
20.7,94.7,22.1,1015.3,5.9,15.6,0,2,Cloudy
27.8,51.8,15.7,997.4,10.9,10.1,2,0,Sunny
38.5,69.8,10.8,992.1,7.3,7.0,3,0,Cloudy
33.3,85.5,16.9,992.2,16.7,24.9,5,2,Cloudy
9.9,34.4,31.7,997.5,15.6,-7.6,2,11,Sunny
14.7,63.3,21.2,1028.5,6.2,-0.1,5,1,Cloudy
-3.5,39.0,29.3,1036.0,9.1,7.8,1,1,Cloudy
22.1,60.8,5.1,1007.9,17.8,15.9,7,11,Rainy
14.7,66.4,24.2,990.6,2.9,12.0,4,9,Cloudy
19.8,33.5,6.7,1008.5,15.1,6.3,0,4,Sunny
11.8,66.5,0.3,1033.8,6.3,16.2,5,4,Cloudy
11.7,56.4,0.7,1016.4,2.4,-1.9,2,11,Sunny
4.6,61.8,19.7,991.1,2.3,14.9,3,6,Rainy
16.8,92.4,4.8,1040.4,5.5,9.6,7,4,Rainy
25.7,58.7,5.5,1007.6,11.0,17.4,7,2,Cloudy
13.3,58.1,14.6,1005.0,18.2,15.9,7,9,Rainy
26.5,57.6,20.3,1030.6,6.1,18.1,4,5,Sunny
13.1,69.8,12.3,1017.2,4.0,7.1,0,2,Cloudy
20.0,49.4,18.4,1032.3,9.6,6.1,8,11,Cloudy
33.6,84.1,42.5,1010.9,3.1,13.6,8,7,Rainy
15.1,42.9,28.9,1011.9,5.4,0.3,7,5,Cloudy
22.3,44.0,4.1,1005.9,19.7,29.7,2,6,Sunny
22.6,67.1,35.6,1015.3,11.2,24.9,5,2,Cloudy
22.7,40.8,5.3,1012.4,15.7,-0.5,6,10,Sunny
25.3,27.2,16.2,1002.4,4.2,13.8,3,6,Sunny
22.5,36.4,31.2,987.6,10.4,21.5,6,8,Sunny
9.7,93.1,14.7,1020.1,10.2,8.9,8,7,Rainy
15.9,20.9,24.6,1017.8,16.3,6.0,5,10,Sunny
25.8,30.7,39.3,1009.0,0.4,21.4,1,1,Sunny
27.0,80.6,51.1,1027.2,17.2,22.8,5,9,Cloudy
12.6,98.4,7.9,1015.2,1.6,-0.9,2,9,Cloudy
29.7,75.1,73.9,1019.5,18.3,12.9,6,1,Cloudy
15.2,93.8,4.8,1012.9,2.9,11.0,2,6,Cloudy
23.3,88.4,9.3,989.2,10.6,-2.1,7,9,Rainy
22.0,58.4,21.5,1032.6,2.0,-0.9,4,11,Sunny
10.9,46.7,52.7,1018.7,8.9,4.6,2,3,Sunny
17.3,70.6,0.8,993.1,6.0,12.1,0,8,Cloudy
-0.4,62.7,43.7,1006.2,8.4,22.3,4,5,Rainy
16.1,22.1,99.4,1021.6,10.9,-10.3,2,8,Sunny
32.3,96.6,36.0,1035.7,9.2,12.9,3,10,Cloudy
1.0,65.6,1.7,1017.3,0.5,4.4,3,2,Rainy
11.3,90.0,27.6,1024.1,17.3,16.2,2,5,Cloudy
15.4,78.8,15.3,1037.7,1.9,20.1,5,5,Cloudy
-1.3,47.3,0.1,1037.0,19.6,20.4,5,7,Cloudy
-0.1,92.1,62.4,1017.0,17.0,11.2,0,6,Rainy
40.6,83.2,2.4,1022.9,11.2,9.3,3,2,Cloudy
25.9,54.4,7.6,998.3,4.9,22.7,0,0,Sunny
30.0,87.2,0.5,1012.2,1.7,9.4,6,1,Cloudy
23.5,41.7,5.6,1019.1,13.4,12.4,6,10,Sunny
25.8,73.7,12.6,1006.7,4.0,8.3,5,9,Cloudy
16.8,29.2,40.1,993.1,14.7,14.7,1,1,Sunny
30.4,89.3,69.6,1012.4,16.7,1.1,3,0,Cloudy
34.3,78.4,8.3,986.5,19.8,9.7,2,3,Cloudy
13.2,32.2,8.4,1035.7,10.1,12.7,7,5,Cloudy
17.5,21.7,2.6,1012.1,19.5,20.3,1,3,Sunny
14.2,51.2,10.3,1028.9,3.0,10.6,1,3,Sunny
19.1,74.0,42.2,999.8,16.7,-7.6,0,10,Sunny
27.4,42.7,2.7,1005.5,7.2,7.3,8,8,Cloudy
18.2,97.9,4.6,1021.8,7.3,23.7,2,1,Cloudy
2.5,94.8,33.3,1035.4,5.4,13.3,7,0,Stormy
29.7,67.8,14.8,1015.8,3.5,6.2,6,6,Cloudy
12.4,45.2,6.0,1000.6,8.8,3.9,0,4,Sunny
24.1,91.7,25.1,1026.1,19.7,15.0,5,4,Cloudy
25.0,84.3,1.7,996.9,6.6,6.5,7,1,Rainy
15.7,26.9,29.3,1032.5,9.2,12.2,5,5,Sunny
10.8,58.1,10.9,1028.9,4.6,5.9,8,4,Cloudy
15.2,98.5,21.2,1001.6,6.7,4.9,2,4,Cloudy
36.0,56.3,11.0,1011.1,1.1,8.9,5,5,Sunny
10.5,94.6,4.2,1005.3,19.1,11.0,3,1,Cloudy
9.0,98.2,15.4,1018.7,10.2,11.6,2,4,Cloudy
21.9,51.0,2.5,1020.0,14.7,9.8,7,10,Cloudy
17.9,97.2,3.9,987.3,10.3,20.8,6,0,Cloudy
15.9,31.0,12.0,1020.8,15.4,8.7,6,7,Sunny
11.0,32.8,7.4,1011.5,10.7,23.5,4,0,Sunny
19.8,42.1,20.5,994.7,14.0,10.7,0,6,Sunny
18.4,57.4,13.1,1022.1,13.7,6.7,5,5,Sunny
33.4,34.5,7.2,1036.8,10.7,14.4,5,7,Sunny
11.1,47.2,5.9,1014.7,4.6,18.0,2,4,Sunny
15.1,28.3,36.7,1034.0,4.2,5.5,4,10,Sunny
32.8,54.4,0.6,1025.3,17.5,0.5,8,5,Cloudy
14.8,86.2,17.6,1025.5,2.4,20.0,6,3,Cloudy
12.8,67.6,7.5,1020.0,11.2,22.7,7,9,Cloudy
24.5,84.8,7.1,1009.7,10.1,16.3,8,9,Rainy
21.6,30.9,15.8,1001.9,16.0,6.0,5,0,Sunny
16.9,52.0,28.5,1059.1,2.7,10.8,4,10,Sunny
20.8,23.1,19.3,1015.6,13.7,2.4,4,6,Sunny
24.7,49.6,16.6,1015.3,12.1,20.2,4,1,Sunny
21.6,69.2,10.3,1029.3,14.0,13.8,3,0,Sunny
25.8,65.5,9.5,984.6,12.4,15.6,1,0,Sunny
18.1,24.8,9.3,1021.6,11.3,13.0,6,0,Sunny
9.7,25.0,2.4,1033.2,18.5,12.0,6,1,Sunny
25.7,44.4,12.3,1032.8,7.0,13.7,7,11,Cloudy
17.3,81.7,5.7,1021.6,3.7,12.0,7,0,Rainy
17.0,21.6,14.4,997.9,15.9,21.3,7,3,Cloudy
27.5,69.3,11.5,1026.5,2.6,0.8,8,11,Rainy
36.6,34.7,42.2,996.3,13.6,5.1,5,9,Sunny
3.2,95.5,8.6,1035.6,11.0,9.1,3,9,Rainy
16.8,54.4,16.4,1024.7,0.0,10.5,1,10,Cloudy
19.2,23.8,13.5,1007.3,4.8,20.0,4,6,Sunny
21.1,77.1,17.3,1029.2,9.9,1.1,5,9,Cloudy
18.2,58.8,4.7,1010.7,6.6,16.3,6,2,Cloudy
19.1,90.5,4.5,1014.5,8.5,10.9,5,8,Cloudy
23.7,72.1,12.3,1023.8,12.0,18.8,3,1,Sunny
18.1,75.4,28.4,1012.2,14.6,15.2,3,1,Sunny
14.7,81.4,19.1,1009.7,3.0,11.0,6,6,Cloudy
14.4,53.6,10.1,1003.6,5.7,4.0,0,8,Sunny
33.3,83.4,4.4,1027.2,12.7,14.7,2,5,Cloudy
39.8,24.0,21.4,1013.7,11.8,8.8,1,10,Sunny
16.6,81.2,39.1,1028.7,14.7,11.1,1,0,Cloudy
16.8,70.9,3.6,1004.4,12.8,18.3,6,5,Sunny
23.9,65.3,24.1,998.4,6.6,23.8,4,3,Cloudy
21.3,45.5,2.8,1029.5,10.0,-1.0,2,4,Sunny
18.5,29.1,34.7,996.9,17.7,18.3,8,3,Cloudy
7.5,71.8,15.4,1004.7,3.7,22.4,8,2,Rainy
11.8,57.7,3.0,1021.9,7.5,10.7,2,1,Cloudy
26.9,37.4,0.6,1040.1,16.8,2.8,1,1,Sunny
17.2,23.5,17.8,1018.5,7.3,14.9,2,9,Sunny
39.7,63.1,14.0,997.1,8.2,10.5,8,10,Rainy
39.2,30.1,14.2,999.4,6.4,40.1,7,3,Cloudy
10.8,94.4,9.9,1013.0,18.0,14.7,2,2,Cloudy
33.2,32.1,14.3,1022.6,13.3,8.1,3,10,Sunny
18.7,22.6,31.0,998.8,4.2,0.2,4,11,Sunny
21.5,41.0,45.5,999.6,15.0,4.2,3,5,Sunny
27.0,34.0,6.3,1012.1,0.8,19.1,1,9,Sunny
30.0,83.3,10.0,1023.6,7.9,-1.9,8,2,Rainy
12.8,43.1,4.8,993.6,18.2,-1.6,1,2,Sunny
41.9,39.6,8.0,977.5,13.8,20.0,4,3,Sunny
22.8,99.6,23.8,1011.6,15.9,9.0,8,4,Rainy
0.2,32.0,8.3,1053.8,18.6,9.9,7,10,Rainy
17.4,26.8,7.5,1006.0,15.5,16.6,0,8,Sunny
41.2,44.4,28.5,1030.7,1.8,10.1,2,10,Sunny
14.1,52.4,0.0,997.7,4.6,-0.8,8,4,Cloudy
42.9,80.8,28.7,1014.9,10.0,6.7,2,0,Cloudy
21.2,96.4,3.0,1029.4,0.3,15.8,3,8,Cloudy
20.0,81.1,4.8,1011.0,12.5,12.5,2,1,Cloudy
9.5,78.1,6.7,995.1,13.1,24.0,6,3,Cloudy
26.2,99.3,31.9,1013.9,13.9,15.3,8,9,Rainy
16.7,81.2,35.9,1025.3,11.1,5.1,3,5,Cloudy
19.8,31.2,16.2,1042.6,9.0,23.3,8,8,Cloudy
17.9,56.9,8.7,993.0,17.1,23.8,1,1,Sunny
28.4,60.3,10.9,1018.2,15.3,6.4,1,8,Cloudy
18.0,44.4,13.0,1000.3,12.2,16.5,8,8,Cloudy
-5.1,33.1,46.2,1015.4,0.9,17.3,6,0,Cloudy
11.5,76.9,52.2,1000.1,13.9,14.7,4,11,Sunny
6.8,42.2,28.2,1003.0,11.2,1.0,4,11,Sunny
34.8,70.0,13.1,1037.3,13.9,35.9,8,10,Rainy
26.0,45.8,7.4,1014.0,6.2,8.6,3,5,Sunny
20.5,60.5,3.9,993.7,15.5,14.9,0,11,Sunny
18.0,47.0,11.5,1010.5,8.4,19.4,5,5,Sunny
5.8,52.9,6.4,1022.9,17.9,8.7,2,8,Sunny
17.7,78.6,1.1,1016.2,2.1,21.9,1,5,Cloudy
29.5,90.7,9.7,1020.0,9.7,12.0,3,1,Cloudy
28.2,60.7,12.7,1041.6,4.1,6.9,8,7,Cloudy
24.3,68.8,14.2,1027.6,9.1,0.6,7,0,Rainy
6.1,89.2,1.2,1034.0,7.1,9.0,6,4,Cloudy
12.7,31.5,9.9,1018.8,16.1,14.9,1,9,Sunny
23.7,33.0,16.0,1026.1,3.3,9.5,0,2,Sunny
8.5,48.7,48.7,1002.7,12.0,17.2,6,10,Sunny
27.2,44.7,0.4,1024.2,8.1,25.2,4,5,Sunny
6.7,98.9,16.9,1036.4,10.4,9.6,7,11,Rainy
9.0,65.1,1.0,1016.3,14.3,21.2,4,4,Cloudy
6.8,61.9,2.6,1006.7,7.1,13.4,4,11,Cloudy
15.1,66.3,2.9,1033.0,7.3,14.5,7,11,Rainy
4.8,90.0,6.0,1001.1,1.5,12.1,8,9,Stormy
15.1,39.5,26.7,1047.4,11.0,15.2,1,3,Sunny
10.9,60.9,29.1,1018.0,8.3,5.5,7,2,Rainy
13.2,41.7,7.0,989.0,16.2,6.2,6,0,Sunny
26.7,82.4,8.5,1019.8,8.8,7.2,7,7,Rainy
19.9,82.2,3.7,1034.2,19.4,-2.0,2,10,Cloudy
26.7,96.6,8.5,1029.9,3.4,2.3,3,4,Cloudy
42.2,55.7,4.8,1013.6,5.3,11.3,6,7,Sunny
3.1,32.7,2.9,1015.3,7.8,7.4,4,8,Cloudy
14.6,91.7,2.6,1029.8,3.4,11.6,6,7,Cloudy
9.7,91.2,22.4,983.8,19.4,17.0,5,5,Cloudy
13.0,38.8,1.9,1004.7,12.8,14.0,3,9,Sunny
23.8,42.1,14.4,1002.4,0.2,11.1,1,7,Sunny
37.7,45.1,2.7,1025.7,11.6,-2.8,5,4,Sunny
26.4,56.1,27.3,999.9,15.6,12.4,5,8,Sunny
24.9,86.3,4.8,1002.4,1.0,6.6,5,5,Cloudy
30.4,31.5,0.7,1006.3,11.6,17.5,0,1,Sunny
34.9,76.0,9.0,1000.6,7.5,5.6,5,6,Cloudy
38.0,48.2,127.5,1029.0,11.6,2.8,1,0,Sunny
24.9,35.7,25.2,1006.0,5.1,23.4,4,9,Sunny
10.4,47.1,12.7,1021.2,13.3,-2.4,6,11,Sunny
16.6,62.7,3.2,1005.2,13.4,25.5,0,0,Cloudy
-0.5,93.7,1.9,1012.9,10.8,12.8,4,11,Rainy
27.7,70.3,27.4,1010.2,18.5,9.3,8,7,Rainy
11.5,68.6,23.2,984.9,18.2,8.5,2,11,Cloudy
12.8,28.7,9.3,995.3,1.0,19.0,1,4,Sunny
23.5,26.4,8.2,994.4,5.8,13.7,1,10,Sunny
0.5,30.4,20.7,1029.4,7.3,13.4,2,9,Cloudy
30.3,27.6,11.5,1032.3,1.1,11.5,0,8,Sunny
25.6,66.1,7.8,1005.6,10.5,8.3,1,11,Cloudy
15.7,56.2,4.3,1019.7,0.5,22.0,5,5,Sunny
19.5,20.4,2.0,1002.5,13.6,8.2,7,0,Cloudy
13.3,48.1,13.6,1017.3,0.1,1.7,3,5,Sunny
46.0,30.2,26.2,1007.7,0.6,14.4,1,0,Sunny
10.8,99.0,20.6,1005.3,16.7,0.6,4,4,Cloudy
23.2,56.8,17.9,1022.0,5.1,23.8,2,2,Sunny
17.4,54.1,39.6,1017.8,1.6,15.3,4,11,Sunny
20.5,71.5,7.5,1001.8,8.0,-4.9,2,9,Cloudy
25.1,48.6,2.2,1038.7,1.0,15.0,3,9,Sunny
25.5,77.2,1.6,1040.7,15.0,9.0,4,8,Cloudy
16.4,92.4,46.5,1014.8,9.9,22.2,6,0,Cloudy
8.4,59.9,13.3,1022.1,11.0,10.9,1,5,Cloudy
12.7,50.6,25.0,1048.0,15.1,11.1,5,2,Sunny
15.4,61.8,11.5,1022.0,15.7,8.8,5,8,Cloudy
14.0,68.3,7.6,992.6,2.7,9.6,5,1,Cloudy
9.6,87.8,3.4,1013.6,5.6,-4.7,6,11,Cloudy
24.5,51.6,29.1,1007.8,3.5,7.4,2,10,Sunny
6.4,24.1,1.0,1006.4,1.1,4.0,4,6,Sunny
19.5,70.5,34.6,1019.7,10.8,8.6,8,8,Rainy
3.7,99.0,3.4,1005.8,5.0,20.7,8,2,Stormy
30.9,88.3,0.1,1025.5,3.1,25.0,6,2,Cloudy
13.9,80.7,1.6,1003.6,10.2,13.7,8,2,Rainy
12.7,34.1,32.2,996.5,12.7,7.2,2,0,Sunny
11.0,79.9,1.1,1032.0,15.4,0.7,6,8,Cloudy
37.1,26.5,6.6,1008.9,0.3,8.1,0,8,Sunny
33.3,59.5,4.3,1025.0,10.5,2.0,6,5,Sunny
20.5,49.7,0.6,998.9,5.3,10.2,2,8,Sunny
15.0,92.4,11.4,1010.3,19.8,11.5,2,8,Cloudy
40.8,32.8,96.0,1022.8,3.1,13.5,6,0,Sunny
25.0,83.1,28.8,1001.4,8.8,12.8,7,2,Rainy
17.4,23.9,2.8,1019.9,19.4,-3.4,3,2,Sunny
14.4,76.1,32.4,1030.9,4.3,4.3,0,0,Sunny
28.2,43.5,9.0,1018.3,16.1,4.5,4,5,Sunny
17.8,98.1,4.8,1004.9,4.9,8.4,3,3,Cloudy
6.6,73.7,15.3,1003.7,1.5,12.8,8,7,Rainy
21.7,44.7,3.7,1001.6,0.9,5.8,2,5,Sunny
22.4,38.8,31.8,999.8,19.0,37.3,3,3,Sunny
20.4,71.1,14.7,1025.4,4.3,21.8,2,4,Cloudy
25.1,41.8,2.2,999.0,5.8,3.7,2,11,Sunny
16.8,34.9,12.7,1008.6,19.3,22.6,6,1,Sunny
20.1,71.8,10.7,1015.7,13.1,25.3,4,9,Cloudy
19.9,77.9,9.6,1007.4,9.8,2.0,4,11,Cloudy
6.6,39.0,6.8,1002.7,8.7,2.5,3,0,Sunny
27.0,62.9,9.6,1030.9,1.0,13.0,7,11,Rainy
25.5,73.1,13.2,1003.8,16.8,20.5,0,6,Cloudy
29.9,95.4,19.8,1015.7,15.2,14.6,8,9,Rainy
9.9,84.3,37.5,1005.2,1.8,-1.8,8,11,Rainy
15.8,53.7,0.7,1004.4,7.1,5.6,4,2,Sunny
31.1,87.6,12.6,993.1,17.7,7.3,0,2,Cloudy
14.2,55.3,20.9,1013.2,4.7,18.7,1,5,Sunny
38.0,30.4,1.8,993.6,12.2,0.6,1,2,Sunny
4.4,47.3,36.4,1017.3,9.8,1.9,5,6,Rainy
14.3,84.4,4.2,1008.6,16.4,12.5,8,6,Rainy
15.4,96.5,26.9,998.6,0.7,12.0,2,4,Cloudy
27.6,98.7,16.3,996.0,16.3,19.2,7,0,Rainy
36.7,71.1,12.3,978.5,2.7,7.0,1,8,Cloudy
23.0,58.3,30.5,1022.8,0.3,20.6,4,1,Sunny
-6.2,33.0,52.2,1012.2,11.9,19.3,3,3,Cloudy
19.2,28.2,87.8,1015.4,5.2,11.2,4,9,Sunny
21.2,61.5,17.2,1020.4,14.2,7.7,3,9,Sunny
23.9,78.2,6.2,1036.7,9.4,25.5,0,1,Cloudy
19.2,45.9,31.2,998.6,12.1,15.7,0,11,Sunny
33.1,74.0,15.9,1003.7,13.8,9.7,5,0,Cloudy
11.1,65.7,5.9,1020.9,18.5,4.2,7,0,Cloudy
9.7,95.3,40.4,1024.0,16.5,22.4,6,0,Cloudy
13.9,36.8,20.7,1013.9,9.9,6.8,3,6,Sunny
46.0,67.3,9.0,982.6,8.8,7.7,4,10,Cloudy
18.2,53.1,9.1,979.6,13.1,6.0,7,11,Cloudy
31.5,40.9,82.6,1011.8,14.7,9.0,5,8,Sunny
31.3,48.6,7.0,1029.3,3.5,15.2,7,0,Rainy
2.8,43.6,1.5,1034.5,0.7,7.9,5,9,Cloudy
19.4,62.2,11.6,987.4,9.1,11.2,7,5,Rainy
31.2,64.6,32.4,1020.0,2.0,6.4,3,10,Sunny
48.6,89.2,13.2,1019.7,5.5,15.9,1,4,Cloudy
30.8,82.5,23.6,1005.0,11.7,11.2,2,2,Cloudy
16.6,44.2,0.8,1015.1,3.0,2.1,4,1,Sunny
34.6,94.5,16.8,1009.4,0.6,11.0,3,1,Cloudy
15.7,89.5,1.2,995.8,11.1,13.9,4,1,Cloudy
8.7,70.1,12.2,1003.6,9.3,8.7,0,6,Cloudy
27.0,21.5,10.3,1043.3,6.1,-4.6,0,3,Sunny
5.5,36.7,43.7,1017.3,9.4,22.0,1,6,Sunny
14.0,83.1,2.1,994.8,13.7,3.9,1,9,Cloudy
34.9,56.3,0.1,996.1,2.2,16.9,7,0,Rainy
27.1,30.1,2.2,1036.4,5.1,9.0,3,11,Sunny
11.4,52.7,2.8,1005.7,15.9,11.2,5,9,Cloudy
21.4,37.0,4.3,1007.4,13.4,10.4,1,3,Sunny
19.0,91.4,25.3,1024.9,5.3,20.0,0,8,Cloudy
29.1,91.1,7.1,1007.9,8.0,13.9,6,6,Cloudy
23.8,51.0,27.6,1005.0,2.4,13.2,3,9,Sunny
21.5,31.0,4.8,1016.3,5.1,2.3,3,5,Sunny
19.6,48.7,29.5,1002.4,16.8,24.0,1,6,Sunny
9.0,30.3,0.1,1006.0,8.8,-0.2,8,1,Cloudy
33.8,44.3,40.9,1036.9,12.8,22.4,1,0,Sunny
24.2,81.7,20.6,1000.7,3.2,-2.6,4,9,Cloudy
16.7,43.4,8.0,1009.3,3.7,26.5,5,8,Sunny
17.4,63.5,12.9,1045.1,18.8,15.3,2,1,Cloudy
19.0,29.5,40.5,960.4,16.8,7.9,2,1,Sunny
11.8,47.8,13.1,1041.5,15.8,0.9,5,2,Sunny
14.3,23.2,3.9,1020.9,6.6,11.9,4,11,Sunny
29.8,63.9,12.8,1020.0,11.3,15.7,4,2,Cloudy
4.4,47.8,30.8,1019.8,9.8,12.5,4,2,Cloudy
38.6,89.8,65.7,1006.5,19.1,8.7,8,3,Rainy
20.0,51.4,13.2,997.9,4.8,6.2,7,10,Cloudy
12.1,64.6,2.5,1012.6,18.9,21.5,3,0,Sunny
16.5,98.1,22.2,1011.3,14.1,9.4,5,10,Cloudy
24.2,71.4,86.7,1016.4,8.3,15.0,4,0,Cloudy
15.2,60.0,9.6,1008.4,5.3,16.4,5,11,Sunny
26.6,27.8,7.3,1025.6,15.1,2.1,7,11,Cloudy
9.4,85.7,12.1,1025.3,16.5,11.2,5,3,Cloudy
12.0,71.4,2.7,991.3,7.2,22.5,5,0,Cloudy
22.4,28.7,53.3,987.6,3.4,14.3,1,11,Sunny
13.8,39.7,27.3,1001.3,9.8,15.6,6,3,Sunny
39.6,63.0,1.8,993.0,9.4,8.6,2,1,Sunny
28.3,23.6,43.5,1029.0,14.5,20.7,6,6,Sunny
25.1,77.5,42.9,1003.3,19.5,27.6,4,5,Cloudy
21.1,38.2,5.7,1020.8,10.6,5.8,3,1,Sunny
16.5,59.2,14.5,1011.0,14.6,18.3,0,1,Sunny
17.4,39.3,1.8,1026.6,7.0,1.0,7,11,Cloudy
11.7,59.1,1.3,1006.5,12.0,16.9,1,0,Cloudy
22.1,35.2,10.5,989.5,2.3,15.5,7,3,Cloudy
7.5,67.5,0.8,1002.6,16.3,2.8,6,1,Sunny
34.6,92.8,31.2,971.7,6.9,19.4,2,4,Cloudy
20.6,84.6,39.5,990.4,1.6,4.0,6,11,Cloudy
33.7,39.3,1.0,1018.1,19.8,27.5,0,11,Sunny
28.9,59.8,0.7,1015.9,18.0,13.1,4,3,Cloudy
19.3,53.8,3.8,1004.4,3.9,10.8,1,0,Sunny
24.5,97.2,39.9,1010.4,7.3,6.7,1,4,Cloudy
15.7,83.9,22.0,989.1,18.7,16.9,2,4,Cloudy
19.0,28.6,16.9,1023.1,15.9,14.7,6,4,Sunny
12.2,33.5,22.5,1009.9,18.1,13.1,1,1,Sunny
36.7,76.2,3.3,1020.9,11.3,6.0,3,3,Cloudy
21.9,32.8,4.4,1020.0,4.9,9.9,3,4,Sunny
28.5,96.0,5.7,1017.3,4.5,6.1,0,10,Cloudy
15.6,99.4,13.9,998.8,10.5,-1.7,6,10,Cloudy
35.8,82.3,14.1,1017.2,18.5,10.9,3,5,Cloudy
12.8,22.1,3.5,1019.6,12.6,3.1,0,6,Sunny
18.9,58.6,8.6,1002.9,0.7,28.1,2,9,Sunny
15.3,52.5,17.6,1017.8,11.2,27.0,7,10,Cloudy
22.7,84.0,5.6,991.2,12.2,14.8,3,2,Cloudy
13.1,43.0,1.2,1021.2,11.6,-2.6,0,2,Sunny
25.9,50.9,3.3,1017.6,13.8,15.7,6,9,Sunny
22.6,27.5,2.7,1035.4,5.9,10.3,7,11,Cloudy
18.4,47.4,15.0,1041.8,2.9,20.9,4,1,Sunny
9.3,97.9,1.1,1009.2,15.0,20.2,8,8,Rainy
19.2,95.4,32.4,1020.7,3.9,5.9,6,0,Cloudy
18.9,80.0,1.3,1018.2,2.3,9.1,3,2,Cloudy
29.0,92.6,13.7,1008.9,7.2,8.5,8,2,Rainy
17.1,36.9,39.8,986.4,16.7,8.7,5,7,Sunny
10.2,69.7,1.0,996.0,1.6,-0.7,7,11,Rainy
2.3,60.0,7.2,1005.0,3.9,15.1,1,5,Rainy
31.5,53.8,6.0,1017.0,9.5,12.7,4,2,Sunny
18.2,46.0,6.3,1033.7,5.8,9.4,2,0,Sunny
23.3,89.3,13.8,1011.5,14.4,14.2,4,2,Cloudy
14.8,58.8,4.6,1028.6,13.5,14.6,7,3,Rainy
14.0,77.9,0.4,1034.7,16.9,21.3,5,0,Sunny
19.0,76.5,49.2,1004.4,4.1,19.2,0,2,Cloudy
11.6,30.9,20.7,991.9,13.0,20.3,6,3,Sunny
16.3,23.9,2.2,1013.6,15.5,4.8,0,6,Sunny
27.1,87.2,9.1,992.9,1.3,3.0,0,3,Cloudy
27.0,59.2,1.0,1040.3,0.7,19.6,3,0,Sunny
15.0,84.8,0.4,1030.5,11.2,25.7,8,8,Rainy
17.7,43.8,0.7,1034.1,11.8,18.8,7,5,Cloudy
0.7,88.9,21.1,987.1,7.9,14.6,2,8,Rainy
3.3,86.5,8.8,1007.5,0.7,12.1,5,6,Rainy
14.9,50.5,27.9,1013.8,8.0,34.9,0,3,Sunny
20.4,52.9,5.5,1019.0,12.8,18.7,0,0,Sunny
7.3,48.1,22.4,1007.6,14.0,10.4,5,6,Sunny
27.0,22.8,1.2,974.0,9.9,27.9,4,8,Sunny
28.5,75.0,15.1,1019.9,10.5,25.8,5,11,Cloudy
11.6,41.8,6.7,1039.5,13.5,0.5,8,5,Cloudy
11.1,90.7,4.9,1043.1,9.0,2.2,4,11,Cloudy
24.1,91.8,25.3,1009.0,5.3,10.4,1,0,Cloudy
36.7,77.8,0.8,1014.2,4.5,22.2,0,8,Cloudy
15.8,34.5,44.8,997.9,15.1,7.4,1,6,Sunny
29.4,27.1,23.1,1014.2,9.8,3.8,7,0,Cloudy
19.7,85.3,6.6,1006.6,12.5,18.5,0,3,Cloudy
20.6,91.4,71.2,1005.2,9.4,-3.4,5,4,Cloudy
18.1,48.2,3.4,990.6,16.4,9.2,4,1,Cloudy
29.4,48.2,7.7,1036.1,9.9,3.4,8,2,Cloudy
39.8,51.2,32.4,1009.3,19.8,11.9,3,1,Sunny
28.5,86.2,86.2,1005.8,4.9,4.4,4,3,Cloudy
8.2,76.6,4.1,1016.4,2.8,10.8,4,6,Cloudy
17.5,29.8,20.4,1004.3,7.5,15.4,1,4,Sunny
0.5,70.8,5.5,981.5,18.4,13.0,1,6,Rainy
40.6,20.8,21.8,1032.6,17.0,7.7,8,11,Cloudy
23.5,76.8,2.0,1013.5,4.9,9.3,2,0,Cloudy
12.0,81.2,6.1,1024.8,12.0,30.0,5,2,Cloudy
22.6,85.2,1.2,1015.9,11.8,19.1,3,1,Cloudy
38.9,70.1,10.2,1027.2,5.9,10.1,3,11,Cloudy
11.6,34.4,18.1,1023.5,4.7,13.4,4,0,Sunny
14.3,83.5,7.1,979.7,7.8,15.6,4,4,Cloudy
8.3,92.0,14.3,1019.7,15.8,5.9,6,2,Cloudy
25.7,70.7,12.6,999.6,3.8,12.0,6,7,Sunny
18.6,42.0,5.2,999.5,8.9,3.4,0,4,Sunny
-1.6,34.3,10.0,987.7,9.6,4.1,5,4,Cloudy
23.4,38.5,1.1,1040.1,18.8,19.0,3,6,Sunny
29.5,21.4,9.2,1011.0,6.1,20.0,1,7,Sunny
14.7,20.8,9.2,1006.8,0.4,21.2,5,0,Sunny
19.5,43.8,0.4,1001.5,13.9,11.4,6,4,Sunny
18.0,93.8,10.8,1048.2,15.1,8.1,1,8,Cloudy
26.9,69.7,20.1,1028.2,14.1,12.1,1,10,Cloudy
3.4,50.9,9.0,977.0,14.0,-2.3,6,11,Cloudy
13.4,20.9,15.6,1033.5,9.7,23.1,8,8,Cloudy
16.9,99.2,11.4,999.2,0.4,-9.7,2,6,Cloudy
27.7,56.5,23.1,1022.9,14.6,19.8,2,3,Cloudy
20.0,99.3,10.8,1006.3,18.7,4.1,7,1,Rainy
6.9,77.6,6.0,987.0,3.1,11.9,1,4,Cloudy
14.2,24.1,26.4,1005.3,1.4,5.2,8,3,Cloudy
32.6,88.7,1.1,1016.6,5.3,5.3,6,0,Cloudy
6.8,62.4,5.1,1016.9,17.0,-7.5,7,6,Rainy
30.3,56.2,13.4,1007.7,2.1,1.8,8,2,Rainy
29.4,80.6,29.1,1013.8,14.3,19.3,2,5,Cloudy
32.2,82.0,1.1,1015.0,1.3,2.2,5,11,Cloudy
31.0,83.7,1.5,1026.7,0.7,1.9,7,4,Rainy
33.6,80.8,5.0,1032.7,17.8,11.1,0,11,Cloudy
2.0,71.3,6.3,1013.0,15.4,-6.6,5,3,Rainy
33.1,74.0,27.8,993.1,12.0,9.2,2,2,Cloudy
25.0,88.7,47.9,1022.6,3.4,14.1,7,8,Rainy
14.3,75.2,0.3,1023.2,5.6,15.0,8,4,Rainy
8.2,28.1,0.2,1026.4,1.0,3.7,4,9,Sunny
20.3,71.6,30.0,998.6,12.9,21.7,1,6,Cloudy
43.8,33.6,2.2,1025.1,13.7,20.2,6,3,Sunny
25.2,21.1,6.2,1017.7,6.5,-1.8,5,0,Sunny
15.1,37.1,4.8,1021.7,6.8,17.7,5,1,Sunny
43.7,32.4,5.0,1001.5,12.6,13.2,0,11,Sunny
26.5,28.2,6.0,984.9,18.9,16.1,0,9,Sunny
26.8,37.2,6.1,992.6,7.9,7.1,5,4,Sunny
22.9,65.1,14.5,1026.2,9.9,1.7,5,11,Sunny
25.1,32.1,14.9,1038.7,14.0,10.8,3,7,Sunny
-4.7,42.4,11.1,1024.7,6.8,15.0,7,7,Stormy
21.5,88.0,29.3,994.6,17.4,15.2,8,11,Rainy
28.0,91.0,28.0,1012.3,16.9,14.7,5,7,Cloudy
35.8,46.6,3.7,1017.4,13.5,3.4,7,8,Cloudy
42.9,91.9,11.8,1013.7,10.7,23.0,7,1,Rainy
31.0,66.9,23.0,1015.4,19.7,21.5,1,3,Cloudy
22.1,38.1,30.2,997.0,14.0,14.0,3,11,Sunny
20.7,80.3,4.4,990.6,12.9,4.4,0,10,Cloudy
13.0,93.8,10.2,998.3,17.5,14.1,0,9,Cloudy
25.5,72.7,11.2,994.3,11.1,8.6,5,5,Sunny
39.8,36.1,18.0,1014.7,4.9,9.2,6,5,Sunny
16.3,26.9,6.0,1016.5,2.8,17.4,4,11,Sunny
21.9,38.4,5.2,992.4,9.4,8.6,7,11,Cloudy
12.9,47.1,18.3,1011.7,10.3,23.3,8,4,Rainy
30.4,46.7,7.6,1040.7,16.6,17.0,3,1,Sunny
32.5,59.9,0.1,1015.1,2.8,20.1,0,7,Sunny
13.1,60.4,41.7,1006.5,13.6,4.8,5,0,Cloudy
25.8,57.7,2.4,1026.0,6.1,7.1,0,0,Sunny
-6.3,47.5,2.4,1048.7,18.8,2.1,1,11,Rainy
17.3,28.5,25.6,1016.1,9.4,22.6,3,0,Sunny
32.8,53.5,6.1,1004.1,12.4,35.0,3,8,Sunny
15.3,98.9,6.0,1014.8,13.0,16.2,5,4,Cloudy
7.0,72.3,14.6,1033.7,1.8,14.1,7,11,Rainy
26.9,55.2,0.9,1011.9,17.0,8.2,2,1,Sunny
18.9,26.7,4.1,1013.5,3.3,24.9,5,10,Sunny
22.0,37.1,0.8,1034.3,7.9,11.6,2,0,Sunny
23.4,66.0,5.2,1014.7,13.5,6.8,1,3,Cloudy
29.1,59.8,30.6,1038.8,1.1,0.2,3,10,Sunny
30.8,21.5,36.0,992.0,11.6,3.6,3,1,Sunny
23.9,26.9,5.6,1019.9,8.2,12.6,1,2,Sunny
31.8,48.5,3.1,1042.6,1.3,-2.7,2,1,Sunny
19.8,31.3,2.2,1049.9,14.5,2.2,8,7,Cloudy
23.2,96.6,7.5,1006.8,10.0,25.3,8,2,Rainy
20.3,22.7,26.3,1009.0,6.1,18.6,6,1,Sunny
8.3,97.9,28.7,1042.1,1.7,9.4,1,5,Cloudy
34.9,72.5,0.7,1007.8,10.9,19.5,4,6,Sunny
20.6,52.6,3.5,1005.3,6.1,5.9,7,8,Cloudy
36.0,63.2,3.4,1005.6,18.9,18.2,0,10,Sunny
24.7,52.8,26.4,999.8,11.8,9.1,0,9,Sunny
24.3,65.9,9.1,997.0,5.7,27.8,5,3,Sunny
29.5,32.2,6.9,1010.2,10.6,2.9,6,4,Sunny
23.0,29.6,47.1,988.6,10.8,24.2,6,10,Sunny
13.9,62.3,38.9,1004.0,14.5,11.0,2,5,Sunny
18.7,25.7,8.7,1036.6,18.0,-3.0,3,2,Sunny
31.8,43.4,2.1,1026.4,19.3,14.5,8,2,Cloudy
27.2,94.2,2.8,1004.6,14.4,17.6,3,2,Cloudy
11.5,90.1,1.8,1016.9,10.9,24.0,4,4,Cloudy
23.1,86.5,17.1,1011.6,4.5,18.1,5,10,Cloudy
10.3,60.6,12.1,1001.8,8.1,4.6,6,5,Sunny
21.0,22.2,12.2,978.5,9.8,20.3,4,8,Sunny
30.2,29.7,1.6,999.7,2.6,12.4,6,8,Sunny
14.0,93.6,23.6,1008.5,5.1,-0.6,1,11,Cloudy
19.1,86.9,11.5,1050.5,19.7,11.3,6,4,Cloudy
10.7,50.1,1.4,1022.4,15.1,2.6,4,7,Sunny
26.1,78.3,20.6,1011.6,9.6,10.9,4,6,Cloudy
21.5,88.4,59.7,1020.7,4.5,17.8,5,3,Cloudy
