sensor_1,sensor_2,sensor_3,sensor_4,sensor_5,time_hour,day_type,anomaly
52.49,135.46,31.03,99.3,200.24,3,weekday,normal
46.45,88.33,38.81,69.91,239.7,9,weekday,normal
60.7,119.29,25.34,106.94,175.06,18,weekday,normal
52.4,115.83,32.29,90.83,222.3,22,weekday,normal
40.16,89.87,23.85,44.93,284.18,13,weekday,normal
59.82,112.5,37.71,69.87,229.45,9,weekday,normal
47.58,96.54,36.12,69.21,158.75,16,weekday,normal
50.37,87.46,24.01,60.8,198.99,21,weekday,normal
41.37,134.38,38.71,93.3,228.96,10,weekday,normal
49.48,112.99,35.39,87.93,219.99,17,weekday,normal
40.54,66.36,36.33,107.36,157.09,1,weekday,normal
48.28,97.45,37.85,68.12,217.54,10,weekend,normal
50.31,89.61,35.63,81.57,191.51,7,weekend,normal
56.06,95.79,28.32,69.71,181.79,18,weekend,normal
35.93,110.32,37.51,69.03,222.13,15,weekday,normal
60.03,105.87,25.53,87.17,270.55,3,weekday,normal
60.34,128.68,26.12,108.02,170.17,13,weekday,normal
48.11,124.44,27.72,89.77,218.11,21,weekday,normal
51.29,75.72,31.67,88.16,196.78,16,weekday,normal
53.07,98.03,25.41,74.12,224.4,10,weekend,normal
50.83,61.06,24.01,87.71,204.28,2,weekday,normal
56.03,80.07,25.42,92.67,176.9,3,weekday,normal
46.13,58.09,28.18,62.12,175.35,20,weekend,normal
42.4,68.64,30.35,75.62,218.46,12,weekday,normal
54.28,128.0,26.19,70.14,205.21,16,weekday,normal
34.74,115.05,23.94,65.51,224.84,19,weekend,normal
56.19,112.34,31.95,89.75,136.16,20,weekday,normal
57.23,123.51,39.02,71.47,243.71,19,weekend,normal
42.18,112.25,27.93,82.11,256.62,9,weekday,normal
64.22,98.3,34.46,82.24,206.08,22,weekend,normal
46.49,88.21,30.01,70.95,226.42,23,weekday,normal
45.63,133.91,33.19,53.17,239.05,11,weekday,normal
43.46,126.13,34.08,69.74,192.77,7,weekday,normal
54.48,95.61,30.02,82.92,209.28,2,weekday,normal
46.09,115.28,25.08,79.54,219.41,20,weekend,normal
35.63,44.18,23.85,45.74,179.07,9,weekday,normal
53.42,116.28,35.75,87.17,205.49,23,weekend,normal
47.09,89.98,33.15,66.7,119.22,6,weekday,normal
60.86,154.25,34.9,83.59,175.0,9,weekend,normal
53.09,123.01,33.38,87.22,258.59,6,weekday,normal
52.66,60.55,35.36,82.05,215.45,17,weekday,normal
60.15,85.77,31.11,103.23,168.15,19,weekend,normal
51.6,101.21,22.4,89.99,150.65,13,weekend,normal
57.82,99.15,31.41,68.2,300.9,11,weekend,normal
43.5,98.25,38.97,69.73,171.94,7,weekday,normal
66.46,119.69,31.76,73.87,180.1,6,weekday,normal
52.75,89.18,23.85,69.73,223.97,4,weekday,normal
37.98,98.55,33.67,80.54,166.76,0,weekend,normal
51.38,130.52,40.84,57.99,215.05,14,weekday,normal
51.87,130.84,27.21,95.73,201.13,8,weekday,normal
51.25,119.55,31.63,75.62,153.09,11,weekend,normal
27.0,93.01,32.38,95.3,202.0,21,weekend,normal
44.52,85.85,31.02,57.25,213.05,17,weekend,normal
36.17,99.17,33.99,57.3,157.71,10,weekday,normal
36.32,100.57,27.97,91.19,220.84,9,weekday,normal
51.66,99.29,33.13,65.29,227.88,9,weekday,normal
44.39,111.13,35.84,60.05,159.09,17,weekend,normal
46.36,107.21,28.82,92.46,219.41,0,weekday,normal
41.05,106.38,34.03,62.82,209.2,19,weekday,normal
63.79,90.67,28.11,74.72,186.25,10,weekend,normal
50.4,76.02,23.12,66.88,189.63,1,weekend,normal
34.77,113.89,23.1,86.37,215.78,10,weekend,normal
56.44,101.21,32.31,78.4,176.38,1,weekday,normal
46.57,108.18,20.62,88.67,223.13,8,weekday,normal
61.94,108.73,30.46,57.02,167.92,0,weekend,normal
49.92,59.46,26.05,78.62,170.84,22,weekday,normal
43.04,134.43,19.03,76.37,148.57,5,weekend,normal
44.58,88.7,33.41,63.77,131.2,21,weekend,normal
45.98,127.48,22.98,59.46,206.05,1,weekday,normal
54.9,108.49,41.54,73.69,121.78,14,weekend,normal
42.15,78.43,38.19,70.64,213.08,0,weekday,normal
62.44,85.85,29.67,92.7,196.61,23,weekday,normal
53.69,86.22,19.95,87.39,275.45,23,weekday,normal
52.24,87.37,31.48,64.71,224.29,17,weekend,normal
50.73,64.61,39.17,71.15,220.41,3,weekday,normal
49.8,84.03,35.31,83.2,173.08,12,weekday,normal
37.3,119.35,35.63,84.85,177.43,3,weekday,normal
52.93,121.4,37.72,92.83,183.17,14,weekend,normal
69.26,86.47,23.73,74.04,198.58,1,weekday,normal
56.92,62.54,35.43,77.39,176.64,8,weekday,normal
54.38,112.62,39.71,48.3,222.82,11,weekday,normal
34.65,78.43,26.9,58.35,184.42,13,weekend,normal
60.86,79.99,27.99,88.67,244.61,19,weekday,normal
58.03,94.34,37.77,58.62,167.13,3,weekend,normal
61.67,92.47,36.97,49.87,229.85,14,weekday,normal
40.96,84.2,25.65,86.53,277.22,3,weekday,normal
46.0,86.01,23.53,69.08,270.73,4,weekday,normal
35.14,89.96,29.43,63.08,165.62,9,weekday,normal
34.3,85.72,22.63,52.82,246.1,11,weekday,normal
44.23,86.98,25.71,52.92,111.14,11,weekend,normal
54.68,93.89,26.58,68.3,137.75,7,weekday,normal
45.84,107.07,35.62,72.88,224.03,3,weekday,normal
43.31,104.98,36.97,93.66,217.5,2,weekday,normal
53.39,89.16,35.64,73.0,224.08,0,weekend,normal
17.58,93.67,25.88,70.19,180.54,17,weekend,anomaly
44.58,126.89,29.57,70.66,155.37,19,weekday,normal
53.38,119.73,27.74,41.21,127.69,13,weekday,normal
45.97,110.96,31.07,67.65,165.54,16,weekday,normal
62.99,64.57,33.76,84.52,226.01,5,weekend,normal
43.39,102.14,27.62,76.3,234.41,5,weekday,normal
44.08,86.49,24.93,86.64,211.86,9,weekday,normal
40.14,80.87,37.87,91.23,207.84,18,weekday,normal
42.42,92.81,35.37,50.32,267.73,9,weekend,normal
52.77,120.94,31.7,65.24,256.26,2,weekday,normal
58.08,117.77,24.68,90.06,237.76,0,weekday,normal
71.55,87.61,34.33,76.57,246.24,17,weekday,normal
55.77,101.69,29.15,72.76,213.98,14,weekday,normal
38.22,91.57,18.9,90.5,219.13,19,weekend,normal
62.42,95.2,27.37,63.12,169.08,3,weekday,normal
54.87,119.95,32.29,64.03,215.18,17,weekday,normal
50.29,98.74,28.92,63.04,174.17,9,weekday,normal
60.67,64.86,32.55,55.06,249.62,21,weekday,normal
73.68,102.77,32.33,71.68,225.0,21,weekday,normal
48.11,136.33,24.53,77.71,182.88,18,weekday,normal
41.67,86.0,33.42,59.34,228.08,16,weekday,normal
63.27,130.97,33.88,73.39,244.87,9,weekday,normal
76.56,112.35,29.85,66.03,165.14,3,weekday,anomaly
51.45,123.53,30.07,73.85,189.72,4,weekday,normal
50.31,117.51,30.05,96.67,161.12,6,weekday,normal
51.72,103.56,37.56,76.29,198.41,18,weekday,normal
54.49,87.74,31.91,76.59,253.39,18,weekday,normal
35.92,103.51,30.62,105.57,200.02,7,weekday,normal
53.06,104.66,32.35,67.39,223.23,0,weekday,normal
52.73,119.43,32.24,84.19,178.17,23,weekday,normal
52.16,54.98,29.51,67.03,234.0,7,weekday,normal
51.67,71.4,23.32,86.79,197.47,18,weekend,normal
50.96,104.73,30.54,61.43,230.51,16,weekday,normal
28.99,106.65,32.95,69.98,234.71,8,weekday,normal
42.79,82.66,31.45,66.58,157.82,19,weekend,normal
58.56,107.15,27.51,59.35,172.66,22,weekend,normal
60.9,113.57,29.02,43.11,183.52,15,weekday,normal
45.77,96.11,34.96,81.11,271.01,8,weekday,normal
40.43,128.59,21.57,65.45,254.31,18,weekend,normal
57.17,132.33,26.28,70.93,204.01,15,weekend,normal
52.73,102.44,30.66,73.06,309.6,20,weekend,normal
48.78,116.82,35.2,53.01,147.56,12,weekday,normal
58.62,66.07,39.07,69.1,190.57,18,weekday,normal
38.21,121.47,34.45,48.2,247.01,4,weekday,normal
61.61,129.32,27.04,68.11,201.77,1,weekday,normal
34.98,79.69,21.19,97.47,166.06,3,weekday,normal
41.75,112.33,39.34,66.93,215.91,11,weekend,normal
39.59,62.53,25.79,57.79,307.04,17,weekend,normal
44.18,84.26,30.73,67.65,166.57,2,weekday,normal
53.06,89.59,29.42,98.53,170.73,20,weekday,normal
56.78,70.5,29.65,68.26,156.98,18,weekday,normal
49.18,95.24,24.17,51.75,183.21,21,weekday,normal
37.22,93.92,38.98,47.62,243.31,3,weekend,normal
30.0,112.34,25.63,68.92,262.7,3,weekday,normal
58.46,69.72,30.79,87.2,149.38,15,weekday,normal
57.23,112.47,27.77,81.62,224.35,10,weekday,normal
60.71,84.22,33.07,91.47,230.95,12,weekend,normal
48.68,74.43,28.95,84.42,172.71,20,weekday,normal
56.68,96.07,28.43,75.17,229.68,10,weekday,normal
43.6,115.05,35.44,35.39,215.04,6,weekday,normal
54.81,90.32,28.38,95.77,243.68,13,weekend,normal
45.2,110.28,37.05,53.15,110.94,3,weekday,normal
41.86,105.58,23.83,109.66,211.65,7,weekend,normal
52.32,162.69,28.75,63.5,232.57,11,weekday,normal
51.8,93.75,25.7,64.12,241.87,12,weekday,normal
59.12,96.67,30.15,67.01,232.25,8,weekday,normal
37.15,122.16,23.13,75.21,151.73,8,weekday,normal
59.27,98.97,33.1,54.44,257.08,1,weekend,normal
51.3,105.02,33.6,61.73,229.82,2,weekend,normal
60.68,64.87,37.53,89.02,200.75,20,weekday,normal
60.58,97.56,34.24,95.12,201.44,11,weekday,normal
25.66,85.9,34.18,58.42,270.55,16,weekend,normal
60.49,90.41,33.4,80.0,228.49,3,weekday,normal
60.93,105.13,28.91,67.15,206.23,13,weekday,normal
37.42,98.9,38.09,82.53,166.01,20,weekday,normal
34.38,115.44,32.77,61.54,190.93,8,weekend,normal
57.75,119.08,42.37,85.97,165.9,7,weekday,anomaly
51.14,96.46,38.77,73.0,129.96,0,weekday,normal
43.58,105.99,31.73,67.62,208.95,12,weekday,normal
64.39,59.33,31.98,74.44,129.85,2,weekday,normal
53.03,106.29,34.16,96.67,174.84,13,weekday,normal
29.14,121.06,37.92,73.58,187.63,18,weekend,normal
39.82,81.8,22.33,79.27,141.61,5,weekend,normal
60.42,115.11,36.56,76.35,240.75,3,weekday,normal
50.36,90.96,31.87,76.41,195.43,19,weekday,normal
42.8,88.47,35.4,93.27,108.12,0,weekday,normal
54.52,128.48,26.4,87.49,233.59,9,weekday,normal
43.92,99.34,26.18,54.6,270.77,12,weekday,normal
37.53,117.34,31.7,83.23,207.2,11,weekend,normal
60.17,60.95,34.88,99.18,224.78,10,weekday,normal
61.68,87.8,23.84,71.51,212.95,3,weekday,normal
54.81,114.23,28.01,87.82,222.83,16,weekday,normal
34.65,102.49,24.01,33.52,178.42,14,weekday,normal
68.5,96.32,32.09,60.51,170.15,20,weekday,normal
68.16,112.08,39.97,110.92,157.86,2,weekday,normal
62.73,83.37,28.32,86.45,204.81,9,weekday,normal
53.04,124.34,33.92,78.27,225.81,20,weekday,normal
50.91,95.75,30.61,102.61,225.3,13,weekend,normal
54.37,83.69,31.84,58.34,183.22,18,weekday,normal
38.58,85.0,27.02,94.04,192.24,20,weekday,normal
44.55,98.37,33.27,62.14,192.08,3,weekend,normal
44.14,91.47,28.99,76.42,179.85,13,weekday,normal
56.07,110.52,38.96,50.63,122.9,5,weekday,normal
52.47,99.07,27.45,69.25,192.21,11,weekday,normal
40.42,92.88,34.89,94.85,188.05,1,weekday,normal
34.07,107.07,39.87,67.34,198.1,16,weekday,normal
53.56,89.41,35.94,82.4,178.69,0,weekend,normal
39.37,109.83,25.49,67.7,211.62,16,weekday,normal
37.45,106.53,25.01,81.46,308.34,4,weekday,normal
70.96,105.7,32.27,86.17,231.32,15,weekday,normal
73.1,92.84,30.31,64.83,181.0,13,weekday,normal
45.51,87.41,32.58,62.02,191.11,19,weekday,normal
31.77,116.17,35.98,68.97,195.45,9,weekday,normal
62.11,112.28,30.44,68.64,204.63,20,weekday,normal
53.36,79.84,26.86,44.64,199.8,2,weekday,normal
57.7,91.34,31.04,80.02,181.91,2,weekday,normal
43.65,126.79,37.6,80.72,179.84,17,weekday,normal
39.62,119.68,30.18,48.05,225.81,23,weekday,normal
47.61,76.6,40.76,87.58,189.5,22,weekday,normal
51.74,100.24,34.43,69.0,222.88,17,weekday,normal
42.69,108.38,33.95,79.92,191.28,3,weekday,normal
62.97,119.87,27.27,71.28,127.84,6,weekend,normal
32.63,102.54,29.37,79.89,157.72,0,weekday,normal
54.09,109.68,32.61,76.76,135.98,15,weekend,normal
51.26,118.63,29.85,88.17,208.27,16,weekend,normal
62.19,121.31,36.31,75.03,132.03,7,weekday,normal
40.41,96.38,31.07,86.31,180.03,5,weekday,normal
57.06,100.91,27.05,96.37,185.24,1,weekend,normal
54.77,84.84,31.76,73.77,190.13,9,weekday,normal
52.44,94.54,28.39,71.05,235.22,16,weekday,normal
41.13,91.85,33.63,83.44,242.17,18,weekend,normal
42.27,96.23,27.64,44.09,170.28,3,weekday,normal
47.04,98.12,39.49,61.89,199.23,12,weekday,normal
44.97,116.27,22.81,61.36,183.14,20,weekend,normal
62.6,106.99,28.63,83.28,216.88,18,weekday,normal
51.36,74.4,31.22,77.25,196.67,15,weekend,normal
57.95,111.01,27.89,94.02,218.12,12,weekday,normal
35.49,89.02,19.05,93.12,154.67,4,weekday,normal
31.58,78.21,40.01,45.58,209.13,11,weekend,normal
48.22,77.15,34.16,49.7,143.88,6,weekday,normal
37.22,103.4,24.24,75.58,168.77,8,weekday,normal
50.4,121.22,24.96,51.8,204.05,4,weekday,normal
41.57,95.78,23.16,45.42,121.95,3,weekday,normal
53.06,118.75,29.79,63.93,112.5,9,weekend,normal
42.17,101.71,37.87,43.72,153.72,15,weekday,normal
55.61,56.89,29.05,59.59,162.44,10,weekday,normal
41.19,112.24,28.22,85.67,166.61,8,weekday,normal
31.36,89.16,35.35,67.71,179.03,23,weekday,normal
58.53,83.79,32.11,97.47,212.26,4,weekday,normal
42.31,112.36,30.22,66.48,278.39,10,weekday,normal
63.73,102.68,34.19,83.3,174.88,8,weekday,normal
43.58,98.65,21.69,67.06,215.25,16,weekday,normal
41.77,101.94,32.88,71.76,249.81,21,weekday,normal
47.16,83.06,36.95,69.12,242.66,10,weekend,normal
44.4,135.4,24.35,83.34,168.59,20,weekday,normal
51.26,103.45,28.67,85.87,234.92,5,weekend,normal
54.03,103.17,20.79,105.92,251.63,15,weekend,normal
55.54,98.26,28.37,75.22,261.24,18,weekday,normal
49.14,67.67,27.31,83.22,262.74,13,weekend,normal
34.99,86.51,39.07,59.6,155.99,2,weekday,normal
67.23,75.52,28.23,85.32,209.59,9,weekend,normal
46.31,73.61,32.02,75.38,172.39,20,weekday,normal
45.79,69.17,37.26,35.07,147.75,22,weekday,normal
49.11,87.3,19.61,61.97,219.14,3,weekend,normal
47.39,100.41,31.17,43.89,208.04,21,weekend,normal
32.51,71.56,25.0,63.92,206.84,20,weekday,normal
55.75,114.0,25.12,79.6,181.01,1,weekday,normal
41.8,105.95,26.23,70.52,297.96,12,weekend,normal
46.76,95.37,28.06,84.24,260.36,10,weekday,normal
67.59,143.24,25.36,39.79,183.26,11,weekday,normal
59.44,95.19,28.44,89.37,199.06,0,weekday,normal
66.12,115.96,35.34,78.68,219.81,21,weekend,normal
43.23,104.19,32.93,56.03,241.09,20,weekend,normal
57.3,128.77,44.1,74.63,219.29,8,weekend,anomaly
54.03,121.69,31.43,107.87,204.59,11,weekday,normal
49.45,94.0,33.5,96.98,143.3,6,weekday,normal
42.49,94.73,36.79,100.16,278.52,16,weekday,normal
60.85,73.17,24.59,71.81,174.76,9,weekend,normal
44.86,102.32,36.67,92.05,242.45,5,weekday,normal
51.36,113.09,25.6,94.65,201.26,6,weekday,normal
59.13,98.76,32.63,59.34,250.01,18,weekday,normal
40.23,128.01,35.07,94.36,147.96,13,weekday,normal
39.11,102.9,20.75,90.96,174.59,10,weekday,normal
75.16,124.95,28.42,64.91,194.39,1,weekday,anomaly
41.4,96.74,29.91,76.4,163.33,0,weekend,normal
66.17,76.81,24.65,95.37,178.53,9,weekday,normal
49.47,87.5,31.92,74.13,251.65,11,weekday,normal
45.74,99.36,38.73,88.25,222.1,8,weekday,normal
46.73,85.01,25.4,67.93,257.91,22,weekday,normal
49.38,66.9,36.18,58.58,202.62,10,weekday,normal
63.38,59.95,32.71,57.01,193.65,0,weekend,normal
57.56,120.28,23.47,70.78,147.69,19,weekend,normal
47.88,107.71,28.17,81.57,241.91,9,weekday,normal
31.34,105.51,31.55,48.64,193.55,18,weekday,normal
50.21,103.37,38.19,103.89,207.78,22,weekday,normal
51.33,89.05,34.26,91.02,177.63,20,weekday,normal
62.59,115.89,26.82,82.71,313.83,10,weekday,normal
35.3,65.21,32.23,87.24,204.92,2,weekday,normal
45.06,58.32,16.23,65.28,171.4,15,weekend,anomaly
44.75,95.97,34.76,52.86,153.63,21,weekend,normal
49.44,102.59,26.42,81.15,221.13,9,weekend,normal
50.91,82.32,24.97,90.66,169.87,1,weekend,normal
54.38,68.13,28.68,67.59,181.95,18,weekday,normal
31.05,111.81,24.02,60.84,138.89,3,weekday,normal
51.73,91.77,29.27,66.87,202.68,15,weekday,normal
52.46,113.88,35.52,82.22,202.25,5,weekday,normal
50.75,126.11,20.38,84.03,274.32,10,weekday,normal
48.22,67.93,29.89,102.15,178.56,16,weekend,normal
15.8,104.27,29.46,81.7,112.11,14,weekend,anomaly
55.68,104.99,32.85,62.5,191.11,21,weekday,normal
40.27,114.89,29.32,70.54,252.12,3,weekday,normal
56.14,89.33,35.03,59.29,224.42,23,weekday,normal
62.5,101.12,37.09,91.6,243.45,7,weekday,normal
33.24,114.67,35.43,58.27,218.08,23,weekend,normal
55.83,108.76,26.62,66.52,182.45,17,weekday,normal
37.64,131.18,39.97,82.22,155.03,13,weekday,normal
49.58,82.63,24.52,98.93,160.69,1,weekend,normal
48.74,104.14,33.87,117.84,175.92,15,weekday,normal
57.56,98.27,36.06,54.89,225.36,21,weekday,normal
56.08,95.87,40.71,84.56,196.78,14,weekday,normal
52.62,111.76,35.35,74.65,128.03,20,weekday,normal
33.57,102.31,26.52,71.26,212.81,5,weekend,normal
24.85,78.68,34.9,70.76,248.91,8,weekday,anomaly
59.12,119.05,29.64,56.48,136.88,11,weekday,normal
57.46,111.81,35.83,100.0,221.99,9,weekday,normal
40.03,129.49,31.28,43.79,115.56,6,weekday,normal
53.47,114.54,37.46,72.79,164.97,4,weekday,normal
47.91,95.73,30.46,97.46,148.65,22,weekend,normal
60.86,95.88,35.01,78.41,227.39,7,weekday,normal
50.84,120.72,27.23,64.95,266.58,11,weekday,normal
59.0,84.66,36.23,65.55,242.48,0,weekday,normal
43.86,81.9,19.58,88.19,241.13,9,weekday,normal
52.85,104.41,33.85,70.41,162.74,10,weekend,normal
45.87,70.12,32.16,74.52,223.32,22,weekday,normal
43.82,106.97,31.08,84.33,209.58,19,weekday,normal
26.7,109.39,19.49,88.95,152.98,4,weekday,normal
59.23,95.07,27.85,66.63,243.04,12,weekday,normal
67.5,128.16,36.35,54.52,217.35,17,weekday,normal
36.12,122.56,26.12,59.96,191.25,9,weekday,normal
56.94,84.44,22.99,95.71,232.85,20,weekday,normal
56.52,113.12,24.95,76.03,205.92,16,weekday,normal
44.85,119.69,36.28,56.26,248.05,18,weekday,normal
42.63,101.66,32.62,61.0,275.52,3,weekend,normal
61.81,91.36,37.44,92.47,188.83,8,weekend,normal
60.75,77.82,33.81,76.3,188.39,17,weekday,normal
54.51,88.84,25.99,49.88,180.37,15,weekday,normal
44.8,78.27,39.46,58.47,200.7,6,weekday,normal
60.89,118.25,27.28,92.29,254.04,11,weekday,normal
41.63,94.9,26.19,66.48,157.56,3,weekend,normal
64.21,110.43,31.59,106.42,145.18,20,weekday,normal
66.32,125.21,32.4,103.73,209.44,11,weekday,normal
61.81,104.24,34.5,97.34,198.5,11,weekday,normal
53.43,123.54,28.63,82.47,207.72,3,weekday,normal
24.53,92.99,37.36,90.5,121.74,11,weekday,anomaly
48.15,107.73,27.05,74.16,261.65,22,weekday,normal
67.65,104.11,24.83,74.55,208.21,7,weekday,normal
59.37,85.97,20.52,57.0,297.88,23,weekday,normal
54.35,93.81,29.15,74.33,216.54,2,weekday,normal
43.19,128.3,34.48,55.97,183.94,15,weekend,normal
60.24,93.1,33.88,75.09,210.2,1,weekday,normal
34.27,66.75,31.85,56.83,259.18,5,weekday,normal
48.29,93.08,27.9,61.97,171.18,16,weekday,normal
67.4,84.94,36.48,36.68,223.38,11,weekday,normal
41.96,109.12,30.65,63.26,217.51,8,weekday,normal
56.09,112.3,32.21,64.2,223.76,15,weekday,normal
32.43,107.16,24.38,70.37,163.64,6,weekday,normal
43.48,91.81,20.93,92.86,225.5,7,weekday,normal
51.79,101.18,34.55,74.21,222.49,6,weekday,normal
53.54,93.69,42.83,88.92,262.67,20,weekend,anomaly
70.67,71.06,32.46,89.53,270.92,4,weekday,normal
44.96,97.76,34.58,96.15,214.92,22,weekday,normal
55.94,152.73,34.47,61.41,209.17,6,weekday,normal
55.66,79.41,30.62,57.27,161.58,17,weekday,normal
44.11,62.9,22.48,73.25,192.13,17,weekend,normal
59.56,128.48,33.92,59.36,181.77,15,weekend,normal
56.68,108.97,37.89,71.55,239.03,6,weekday,normal
47.27,105.96,32.98,60.76,212.29,20,weekend,normal
51.95,92.83,29.22,56.71,160.72,1,weekday,normal
40.4,104.53,32.48,80.33,166.33,16,weekday,normal
41.14,101.04,30.07,102.98,302.08,7,weekday,normal
49.78,126.22,36.98,71.25,182.85,1,weekday,normal
57.47,118.34,31.52,79.16,227.08,17,weekday,normal
46.66,112.04,34.08,75.97,200.89,18,weekday,normal
43.84,86.35,36.14,74.48,190.03,19,weekday,normal
47.69,104.58,34.1,96.43,246.9,8,weekend,normal
58.29,87.69,30.81,70.85,181.81,11,weekday,normal
36.48,124.57,22.95,26.42,187.92,21,weekday,normal
58.61,85.7,32.7,61.84,254.99,18,weekend,normal
55.12,97.31,35.15,76.6,184.61,7,weekday,normal
36.43,78.26,22.48,73.4,143.76,21,weekday,normal
47.65,90.04,32.6,71.56,154.89,7,weekend,normal
56.36,89.81,30.55,67.35,220.58,9,weekday,normal
30.9,96.95,19.18,76.29,171.95,17,weekday,normal
39.65,82.01,32.17,105.83,245.2,14,weekend,normal
34.77,124.31,37.41,70.11,200.84,23,weekday,normal
44.22,96.26,30.65,107.45,230.49,10,weekend,normal
60.38,89.33,20.12,82.08,214.15,20,weekday,normal
57.98,115.39,32.29,64.95,242.39,13,weekday,normal
44.95,143.25,35.99,88.0,275.35,14,weekday,normal
60.29,91.92,26.24,38.48,222.59,13,weekend,normal
56.63,95.1,29.3,74.77,220.64,11,weekday,normal
62.75,85.23,28.65,82.78,244.49,3,weekend,normal
49.11,113.24,30.95,82.97,177.44,2,weekday,normal
55.39,119.11,28.5,84.56,221.66,11,weekday,normal
83.72,99.07,37.09,85.87,163.12,6,weekday,anomaly
46.9,91.23,36.97,79.46,169.64,6,weekday,normal
49.35,110.68,27.32,85.84,180.97,21,weekend,normal
48.41,114.79,37.09,66.6,250.74,18,weekday,normal
49.09,131.08,22.1,92.65,194.39,13,weekday,normal
55.58,88.35,26.29,68.1,168.77,0,weekend,normal
50.58,117.05,33.46,92.35,230.37,6,weekend,normal
36.35,102.12,30.79,74.7,134.11,21,weekday,normal
50.18,65.31,31.07,78.27,125.16,9,weekday,normal
44.74,130.44,32.24,88.23,189.88,17,weekday,normal
32.71,105.95,27.93,97.6,189.26,12,weekend,normal
61.45,112.14,36.62,75.61,241.74,7,weekend,normal
44.68,118.93,33.83,78.24,248.01,8,weekday,normal
53.83,111.92,29.85,36.26,195.94,14,weekday,normal
18.46,80.66,35.0,61.96,191.68,7,weekday,anomaly
54.99,113.49,32.65,52.33,168.95,0,weekday,normal
46.87,109.93,29.16,68.92,195.61,2,weekend,normal
34.45,66.6,28.95,64.98,97.72,18,weekend,normal
44.48,133.32,24.63,63.13,181.94,8,weekday,normal
43.14,92.45,27.31,59.5,196.77,18,weekend,normal
57.51,119.91,29.45,82.88,168.6,14,weekday,normal
50.9,93.28,30.79,48.15,174.25,13,weekday,normal
34.78,89.34,25.82,58.63,188.05,0,weekday,normal
54.39,98.42,30.58,75.5,199.74,2,weekday,normal
29.29,142.43,27.66,89.55,234.51,1,weekday,normal
38.75,140.26,26.81,61.05,217.06,0,weekday,normal
50.15,89.31,32.96,90.76,235.25,17,weekday,normal
43.76,124.95,31.24,34.02,222.91,0,weekday,normal
61.92,100.47,29.7,75.03,204.59,8,weekend,normal
51.69,140.37,32.93,79.59,289.26,6,weekend,normal
56.26,123.06,23.96,60.18,171.36,12,weekday,normal
56.67,105.58,24.36,55.35,163.48,16,weekday,normal
45.57,101.63,28.35,76.9,193.9,12,weekday,normal
39.35,112.17,29.48,74.46,197.59,12,weekday,normal
49.5,109.67,33.82,62.83,205.52,9,weekday,normal
58.67,77.95,26.86,70.67,161.83,5,weekday,normal
47.67,104.16,26.97,65.97,278.29,4,weekday,normal
55.91,86.97,35.44,93.76,186.19,9,weekday,normal
49.73,89.41,24.58,85.2,161.45,13,weekday,normal
34.47,122.29,35.08,77.91,210.57,10,weekday,normal
35.32,104.07,30.04,103.31,243.82,4,weekday,normal
65.62,90.91,26.11,90.52,264.44,3,weekday,normal
38.32,75.76,24.52,93.66,104.07,2,weekday,normal
43.62,84.48,29.07,98.72,230.69,13,weekday,normal
59.18,98.81,33.26,72.66,270.28,12,weekday,normal
38.07,133.72,29.93,56.73,176.19,23,weekday,normal
43.16,79.02,34.59,48.24,190.73,22,weekday,normal
47.88,105.9,34.44,86.09,162.06,4,weekday,normal
46.58,108.14,34.03,60.5,177.63,11,weekday,normal
40.29,124.45,34.24,124.9,157.39,22,weekend,normal
48.06,102.5,27.33,62.37,237.39,9,weekday,normal
56.79,108.16,33.91,59.78,195.75,1,weekday,normal
48.77,123.64,40.66,86.67,79.85,6,weekday,normal
43.42,84.46,34.89,86.98,175.88,6,weekend,normal
59.46,115.82,28.06,101.95,172.37,3,weekday,normal
67.06,72.12,27.1,71.26,234.22,11,weekday,normal
59.55,101.28,30.57,92.4,197.29,23,weekday,normal
38.77,95.25,33.85,72.56,196.22,3,weekday,normal
39.03,85.56,30.89,83.19,225.72,6,weekday,normal
54.37,119.45,24.46,71.8,242.31,19,weekday,normal
51.71,120.57,33.79,103.71,210.7,12,weekday,normal
37.75,121.38,34.69,109.01,173.84,7,weekend,normal
52.86,107.59,25.61,57.15,139.8,13,weekend,normal
50.99,75.35,34.8,94.16,258.0,2,weekday,normal
64.78,93.42,30.61,61.05,335.56,1,weekend,normal
45.65,120.12,32.44,92.43,204.96,9,weekday,normal
63.87,119.85,32.52,99.6,212.66,5,weekend,normal
64.3,123.93,31.44,60.57,260.17,22,weekday,normal
43.27,106.28,28.0,56.67,131.49,6,weekday,normal
53.54,96.36,32.5,67.57,238.17,15,weekend,normal
47.89,60.69,30.23,92.52,215.03,5,weekday,normal
47.48,117.25,31.65,82.14,169.23,15,weekday,normal
52.46,98.02,28.64,71.28,179.2,23,weekday,normal
42.1,74.92,31.98,85.82,147.38,11,weekday,normal
34.05,115.25,30.0,70.62,245.0,21,weekend,normal
44.68,128.39,24.99,76.98,158.41,14,weekend,normal
61.81,117.35,32.68,83.18,216.48,21,weekday,normal
47.97,113.5,35.4,82.16,134.94,2,weekday,normal
49.77,118.67,32.05,100.36,255.78,15,weekday,normal
57.93,45.39,29.15,56.97,191.81,17,weekday,normal
34.03,134.42,32.04,89.2,242.89,14,weekend,normal
54.39,84.17,26.7,60.9,191.52,22,weekday,normal
66.7,85.92,34.01,68.93,175.72,5,weekday,normal
50.92,90.58,34.47,72.61,146.38,16,weekday,normal
30.77,92.86,29.87,68.65,242.15,1,weekday,normal
49.24,130.01,30.68,54.83,185.45,1,weekday,normal
56.1,110.88,25.0,68.24,211.88,16,weekday,normal
51.12,86.43,32.97,79.08,171.68,18,weekday,normal
52.72,89.46,28.94,72.99,199.32,4,weekday,normal
53.93,149.89,17.38,97.09,208.22,3,weekday,anomaly
40.68,107.06,30.66,73.38,129.78,17,weekday,normal
41.93,91.36,29.54,75.22,172.72,7,weekday,normal
46.3,67.56,25.04,77.74,263.0,8,weekday,normal
53.93,66.49,34.96,73.01,167.3,23,weekday,normal
38.11,77.66,27.93,82.17,236.1,22,weekday,normal
70.56,101.92,26.44,67.23,213.05,17,weekday,normal
25.77,122.19,35.62,57.51,220.45,21,weekday,normal
32.93,112.32,32.12,73.92,225.35,10,weekday,normal
55.54,123.48,25.21,80.77,200.81,15,weekday,normal
54.68,111.32,30.04,77.45,177.24,15,weekday,normal
49.28,75.48,26.18,61.67,170.2,3,weekend,normal
56.76,108.5,23.81,77.41,186.77,20,weekend,normal
55.68,109.35,23.45,85.18,250.02,8,weekend,normal
50.0,97.6,33.52,78.04,145.76,12,weekend,normal
52.68,93.88,26.13,64.35,187.54,19,weekday,normal
18.59,97.03,25.18,76.15,139.41,7,weekend,anomaly
48.67,69.07,28.97,100.54,176.71,10,weekday,normal
49.52,73.36,42.94,59.43,195.03,20,weekday,anomaly
69.13,150.84,32.44,91.44,255.8,8,weekday,normal
41.74,74.97,34.2,41.36,260.13,17,weekday,normal
49.64,64.67,25.36,66.82,128.1,19,weekend,normal
64.24,85.59,32.24,68.54,139.53,2,weekday,normal
55.6,109.18,30.08,91.21,193.37,22,weekday,normal
50.25,111.22,26.58,101.59,230.46,17,weekend,normal
59.62,79.52,29.01,91.69,135.89,18,weekday,normal
42.07,101.93,26.89,82.67,185.18,8,weekend,normal
67.25,89.11,30.76,90.94,241.43,23,weekend,normal
56.42,103.81,29.02,54.71,246.28,17,weekday,normal
33.74,94.13,26.9,88.41,187.82,21,weekday,normal
43.95,86.12,28.87,58.47,119.95,15,weekday,normal
28.42,87.02,34.43,63.91,241.97,13,weekend,normal
57.96,56.02,24.31,80.94,163.18,18,weekday,normal
55.64,95.57,27.35,56.46,221.51,21,weekday,normal
45.4,98.47,31.71,93.39,164.03,14,weekday,normal
62.0,71.83,27.06,75.02,204.03,20,weekday,normal
49.16,93.27,36.33,55.48,212.4,3,weekday,normal
76.23,94.89,35.78,97.64,251.37,11,weekend,anomaly
38.01,62.93,36.05,71.06,143.69,6,weekday,normal
56.42,84.57,33.28,72.54,164.73,10,weekend,normal
46.03,83.94,34.88,71.69,264.55,6,weekday,normal
43.23,103.59,30.12,31.24,209.26,19,weekday,normal
48.27,124.9,27.17,93.87,165.61,2,weekday,normal
53.67,100.94,27.46,75.42,228.92,3,weekday,normal
50.58,123.19,22.24,77.3,160.03,1,weekday,normal
56.78,95.55,28.25,85.21,207.82,19,weekday,normal
56.07,107.42,28.55,70.6,172.63,14,weekday,normal
64.51,101.34,29.15,58.18,249.72,19,weekday,normal
37.99,148.23,42.61,61.04,165.74,11,weekday,anomaly
34.43,96.95,26.37,88.1,93.84,20,weekday,normal
49.32,115.65,28.9,74.82,182.06,16,weekday,normal
42.06,104.05,40.77,90.09,173.31,17,weekday,normal
58.74,122.51,26.56,92.73,190.23,7,weekday,normal
39.32,112.64,24.85,88.31,222.28,23,weekday,normal
44.5,106.81,29.05,93.85,152.72,7,weekday,normal
46.68,77.17,26.54,64.32,168.91,4,weekend,normal
67.66,78.93,35.46,84.03,199.77,23,weekday,normal
71.08,87.68,30.75,67.99,173.62,8,weekday,normal
38.59,94.15,24.53,58.59,202.6,19,weekday,normal
28.04,102.22,31.6,81.91,221.51,19,weekday,normal
44.26,87.73,30.97,86.31,200.54,22,weekday,normal
49.63,60.46,23.13,69.84,244.0,4,weekday,normal
49.58,120.55,32.23,75.71,162.07,9,weekend,normal
49.16,108.95,32.5,85.55,176.86,0,weekend,normal
58.16,101.21,23.27,65.82,259.73,23,weekend,normal
45.97,125.08,23.94,87.16,170.63,3,weekday,normal
52.13,83.93,28.25,61.4,298.02,23,weekend,normal
56.45,97.38,26.89,81.12,238.65,15,weekend,normal
52.19,103.19,32.98,56.86,167.13,17,weekday,normal
56.76,91.7,27.84,95.19,223.42,11,weekday,normal
32.92,84.09,29.12,85.27,211.86,19,weekend,normal
51.14,117.5,24.71,105.16,141.81,14,weekend,normal
52.3,105.68,34.74,60.98,261.77,17,weekday,normal
48.34,112.48,26.2,84.98,232.85,4,weekday,normal
44.02,83.53,24.84,74.71,259.07,13,weekend,normal
54.61,116.6,30.26,53.01,241.88,23,weekday,normal
51.23,87.53,35.37,76.66,213.96,6,weekday,normal
49.47,104.94,32.26,83.53,243.19,10,weekday,normal
46.72,139.59,27.18,104.55,146.56,14,weekday,normal
47.11,117.04,27.97,67.43,279.35,20,weekday,normal
42.35,106.78,23.25,82.12,229.81,10,weekday,normal
45.24,127.01,39.62,79.6,121.87,6,weekday,normal
40.61,88.61,37.76,72.39,140.23,20,weekend,normal
46.13,109.81,31.44,73.5,211.51,22,weekday,normal
53.64,83.36,29.94,86.2,164.42,19,weekday,normal
58.2,92.77,24.37,73.49,220.8,19,weekend,normal
49.49,131.81,29.27,71.47,160.57,3,weekend,normal
49.21,105.47,34.46,67.4,149.1,23,weekday,normal
51.44,128.14,33.65,52.48,178.39,0,weekend,normal
59.83,97.95,27.75,89.01,330.75,20,weekday,normal
47.75,124.42,34.0,67.24,156.21,1,weekday,normal
54.63,101.03,35.79,93.5,250.27,3,weekend,normal
53.71,102.68,30.17,93.91,169.69,4,weekday,normal
43.76,100.48,34.91,110.97,196.45,23,weekday,normal
57.07,107.21,38.25,81.67,204.99,1,weekday,normal
29.28,94.82,39.58,83.4,197.52,1,weekend,normal
60.62,72.22,27.0,84.18,202.27,17,weekday,normal
38.06,99.29,32.22,78.9,213.53,23,weekday,normal
48.61,102.65,33.52,92.7,140.25,13,weekday,normal
58.29,132.7,29.91,73.76,194.71,2,weekday,normal
45.73,54.79,36.22,83.28,197.77,20,weekend,normal
52.34,132.35,30.28,73.37,222.2,17,weekday,normal
58.45,120.97,29.24,55.33,188.75,21,weekday,normal
68.48,113.71,23.43,86.17,221.14,9,weekend,normal
49.85,103.08,21.55,33.75,173.89,5,weekday,normal
51.8,79.59,28.25,83.24,177.91,1,weekday,normal
50.4,139.02,15.5,91.31,212.47,19,weekend,anomaly
47.79,124.69,36.22,83.82,158.86,10,weekday,normal
36.54,105.02,34.44,63.16,177.41,17,weekday,normal
38.79,105.71,33.45,98.2,180.21,13,weekday,normal
49.86,97.82,35.56,102.22,182.32,19,weekday,normal
53.41,111.89,28.62,84.98,202.29,12,weekday,normal
62.61,99.11,31.11,102.82,164.38,6,weekday,normal
47.9,106.16,28.14,106.8,225.02,20,weekday,normal
65.29,108.76,35.55,65.38,189.13,19,weekday,normal
37.95,148.61,17.24,61.34,216.15,9,weekday,anomaly
52.1,81.8,35.54,86.15,150.88,18,weekday,normal
47.33,103.2,20.9,27.89,85.68,12,weekend,normal
36.87,124.55,28.97,71.68,237.72,21,weekday,normal
33.07,116.53,24.75,65.11,208.35,1,weekday,normal
45.65,113.55,29.32,72.16,221.86,19,weekend,normal
46.4,160.23,27.24,56.59,252.7,11,weekday,normal
41.12,121.76,28.08,72.71,162.42,7,weekday,normal
57.62,87.5,32.74,84.09,127.65,17,weekend,normal
45.94,85.21,31.12,100.89,239.13,1,weekday,normal
40.13,99.23,35.0,82.03,226.08,15,weekend,normal
47.64,91.28,32.09,48.38,244.24,7,weekend,normal
43.69,101.59,22.05,75.98,266.34,15,weekday,normal
66.47,106.76,41.76,96.29,153.06,7,weekday,normal
46.85,105.47,20.07,71.89,237.47,22,weekend,normal
40.82,50.85,31.57,85.28,189.86,12,weekday,normal
66.45,84.89,33.68,93.19,238.65,5,weekday,normal
57.25,114.32,31.46,77.59,273.44,0,weekend,normal
51.06,132.87,29.0,80.38,201.1,1,weekday,normal
42.04,91.93,37.43,83.84,170.18,6,weekday,normal
57.67,92.02,35.62,68.76,145.76,12,weekend,normal
35.37,98.22,29.89,71.93,109.84,3,weekday,normal
56.93,134.49,27.75,61.83,258.07,8,weekend,normal
52.5,101.07,25.91,67.72,260.58,18,weekday,normal
59.9,55.17,26.31,87.17,240.46,19,weekday,normal
26.4,135.75,29.7,83.09,187.99,2,weekday,normal
40.79,113.83,21.72,58.0,231.5,22,weekday,normal
40.0,74.14,29.97,60.73,212.24,1,weekday,normal
38.82,89.78,34.02,66.26,153.57,15,weekday,normal
54.25,84.09,27.18,53.85,245.94,9,weekend,normal
47.05,95.82,29.89,78.84,220.39,11,weekday,normal
41.29,129.74,31.54,65.62,229.46,17,weekend,normal
38.97,62.66,32.42,82.74,213.05,1,weekday,normal
40.39,93.13,29.0,90.24,205.34,13,weekend,normal
58.66,102.22,38.8,49.9,214.13,11,weekday,normal
49.33,98.61,30.02,65.63,188.61,19,weekday,normal
58.31,84.07,23.35,51.82,224.28,23,weekday,normal
76.65,123.8,28.07,47.44,278.05,23,weekend,anomaly
49.82,96.82,36.49,83.17,218.52,23,weekday,normal
35.83,94.26,36.1,78.17,244.67,7,weekday,normal
48.63,106.92,21.4,66.51,152.76,22,weekday,normal
68.79,94.39,28.51,60.75,232.52,21,weekday,normal
60.87,88.93,27.36,58.78,220.39,6,weekend,normal
43.54,81.49,33.9,77.65,243.02,12,weekday,normal
46.96,143.8,24.31,71.52,183.02,14,weekday,normal
57.75,115.86,37.8,61.56,239.4,13,weekend,normal
54.8,92.35,22.65,81.26,171.23,4,weekend,normal
57.86,125.43,29.3,79.24,245.54,7,weekday,normal
47.61,110.47,23.98,60.44,248.29,17,weekday,normal
53.89,100.77,33.28,67.89,155.77,4,weekday,normal
46.95,79.42,19.71,87.91,214.56,22,weekday,normal
63.93,83.44,29.14,86.23,191.2,8,weekday,normal
34.74,119.37,29.04,65.16,219.48,9,weekday,normal
34.77,115.04,25.52,99.92,201.58,16,weekend,normal
42.85,72.54,36.09,72.37,191.03,2,weekday,normal
43.22,91.85,38.52,86.83,176.73,0,weekday,normal
34.73,113.6,27.99,59.23,257.68,6,weekend,normal
32.93,122.25,30.65,72.72,170.33,14,weekday,normal
60.69,110.29,26.91,61.27,178.19,18,weekday,normal
48.33,90.87,23.68,50.2,149.77,7,weekday,normal
47.57,104.72,24.41,74.36,234.25,10,weekend,normal
50.56,95.78,24.54,70.08,241.49,1,weekend,normal
65.98,107.64,36.25,91.08,215.71,19,weekday,normal
51.16,129.56,32.15,66.34,169.2,1,weekday,normal
48.89,84.36,25.23,79.03,131.83,10,weekday,normal
43.62,105.62,25.68,68.91,222.39,19,weekday,normal
55.99,98.07,25.01,60.4,235.96,16,weekday,normal
49.36,94.74,20.61,87.1,179.61,9,weekday,normal
66.52,97.2,32.6,65.79,202.99,4,weekday,normal
48.39,126.27,29.36,68.49,137.14,2,weekday,normal
60.08,111.59,38.55,57.19,168.4,8,weekday,normal
42.89,90.42,19.58,49.67,215.47,19,weekday,normal
42.79,112.99,34.24,81.8,195.81,21,weekday,normal
31.73,88.82,34.68,73.51,207.57,1,weekday,normal
57.94,64.22,35.34,88.77,245.56,22,weekday,normal
49.62,53.91,31.23,82.63,150.31,18,weekday,normal
56.4,110.02,34.61,56.33,208.23,16,weekday,normal
66.96,94.31,31.53,75.05,172.79,11,weekend,normal
41.53,119.95,26.26,74.47,193.0,19,weekday,normal
40.02,107.74,27.99,90.17,211.61,8,weekday,normal
42.13,105.21,27.86,93.5,149.38,22,weekend,normal
28.97,90.98,35.82,49.06,173.89,3,weekday,normal
48.07,110.43,36.4,91.48,183.45,17,weekday,normal
58.84,131.04,34.07,89.46,215.88,15,weekend,normal
50.49,59.61,30.31,62.82,244.04,20,weekday,normal
34.29,97.0,19.71,74.32,133.14,23,weekday,normal
46.43,126.9,34.12,43.45,173.3,9,weekday,normal
51.25,77.09,33.91,74.25,194.13,21,weekday,normal
59.63,102.67,31.42,59.25,193.98,11,weekday,normal
57.96,86.33,32.4,82.81,216.63,10,weekday,normal
46.55,94.65,25.94,81.2,150.38,4,weekday,normal
46.53,64.54,28.28,73.59,191.89,19,weekday,normal
55.94,119.69,25.9,77.95,183.52,10,weekday,normal
44.07,103.01,29.22,63.15,228.87,15,weekday,normal
58.55,71.11,34.39,58.07,202.96,14,weekend,normal
43.41,108.37,32.19,106.72,182.23,5,weekday,normal
65.51,104.16,24.78,90.37,248.72,12,weekend,normal
52.35,86.22,39.16,76.96,178.8,15,weekday,normal
30.4,139.36,30.87,71.79,168.04,2,weekday,normal
56.4,110.32,26.63,111.04,223.56,17,weekday,normal
52.55,125.8,28.49,100.1,180.98,0,weekday,normal
54.86,96.78,27.23,70.73,202.63,16,weekday,normal
72.52,67.5,31.13,60.44,269.28,19,weekend,normal
47.39,53.53,23.39,75.79,180.41,5,weekend,normal
34.48,79.72,31.47,69.33,161.36,8,weekday,normal
62.68,126.96,34.2,60.79,191.4,3,weekend,normal
32.2,89.8,33.3,95.58,187.71,6,weekday,normal
42.54,120.82,31.32,82.87,230.66,22,weekday,normal
50.42,76.67,32.88,68.89,145.28,21,weekday,normal
41.01,86.75,31.96,68.68,307.51,10,weekday,normal
49.36,89.63,35.23,75.19,171.19,22,weekend,normal
48.64,104.5,28.8,67.71,221.02,2,weekday,normal
65.36,72.96,25.43,66.41,237.38,15,weekday,normal
25.78,84.11,31.83,105.81,207.66,5,weekday,normal
50.87,95.34,35.42,61.32,224.77,6,weekday,normal
40.79,73.14,28.05,41.83,202.83,11,weekend,normal
44.37,64.81,37.99,84.81,225.29,6,weekend,normal
56.8,100.57,31.91,91.75,183.0,21,weekend,normal
55.18,73.45,34.64,77.31,173.85,18,weekday,normal
53.43,124.29,24.19,50.83,128.79,21,weekday,normal
37.42,124.84,33.95,72.96,217.41,15,weekend,normal
61.86,88.33,32.34,67.37,186.27,17,weekend,normal
41.24,112.04,40.56,95.06,214.96,9,weekday,normal
63.86,101.38,32.58,62.32,187.31,0,weekend,normal
43.51,121.36,33.27,78.46,249.62,7,weekday,normal
60.31,90.83,25.9,83.97,193.43,2,weekend,normal
51.02,110.21,31.59,62.14,175.14,15,weekday,normal
33.26,106.24,35.73,66.08,184.06,23,weekend,normal
46.45,105.22,28.27,81.5,220.05,2,weekday,normal
67.02,87.68,26.44,26.94,316.77,1,weekday,normal
58.23,123.71,40.04,95.43,254.86,11,weekday,normal
45.65,91.84,28.61,59.83,151.69,7,weekday,normal
63.04,91.72,34.53,75.66,209.45,18,weekday,normal
52.82,85.6,27.61,54.71,168.64,23,weekday,normal
66.43,86.8,27.81,94.78,184.24,17,weekday,normal
49.21,95.21,29.39,75.01,187.76,19,weekday,normal
47.08,108.99,32.87,78.21,196.55,14,weekday,normal
59.88,115.67,35.84,83.39,235.12,16,weekday,normal
52.52,102.57,27.2,91.35,189.53,17,weekday,normal
55.58,128.33,35.6,58.22,206.71,17,weekday,normal
41.37,102.35,30.69,70.96,199.67,8,weekend,normal
61.71,64.09,29.12,93.94,172.06,4,weekend,normal
59.82,76.91,32.8,68.41,178.36,10,weekday,normal
63.52,114.0,37.15,95.5,175.63,3,weekday,normal
36.4,93.49,32.58,78.09,226.53,9,weekday,normal
38.37,92.13,26.37,68.64,185.14,3,weekend,normal
42.53,80.71,30.73,85.4,270.76,22,weekday,normal
47.61,91.99,32.81,72.69,168.69,2,weekend,normal
36.67,92.29,27.03,87.75,168.6,15,weekday,normal
56.37,109.81,31.4,67.81,157.3,20,weekday,normal
45.62,95.11,26.41,87.85,195.72,10,weekday,normal
62.56,125.53,33.17,81.56,178.43,8,weekend,normal
70.99,86.9,37.32,69.92,185.91,0,weekday,normal
44.06,104.09,29.6,47.65,240.98,9,weekday,normal
42.33,66.88,33.73,82.18,193.33,11,weekend,normal
57.47,113.18,35.12,91.13,185.0,23,weekday,normal
50.97,71.58,27.85,77.88,211.43,1,weekday,normal
53.7,111.4,32.12,41.33,207.48,14,weekday,normal
63.29,63.19,35.69,92.1,230.16,23,weekday,normal
47.28,79.33,38.18,80.97,233.46,19,weekend,normal
39.34,116.76,28.61,84.27,218.11,15,weekend,normal
37.7,131.29,24.36,73.81,237.51,1,weekday,normal
48.23,45.67,32.92,46.02,172.83,12,weekday,normal
46.48,78.2,31.14,83.71,195.22,17,weekday,normal
58.65,136.59,30.15,71.71,204.93,21,weekday,normal
63.92,102.84,27.4,64.04,203.5,18,weekday,normal
63.89,79.36,34.42,101.15,323.21,10,weekday,normal
42.99,129.54,27.06,83.83,243.91,13,weekday,normal
41.97,111.71,26.62,78.28,242.42,2,weekday,normal
31.87,102.2,29.34,62.06,188.51,8,weekend,normal
50.03,61.66,34.64,60.18,197.33,4,weekend,normal
58.85,141.92,23.22,82.53,230.61,13,weekday,normal
42.93,105.25,24.93,45.07,260.12,6,weekday,normal
35.2,93.81,25.9,83.26,165.84,11,weekday,normal
68.86,129.23,39.92,84.19,181.09,20,weekend,normal
42.95,81.67,31.41,95.63,192.06,17,weekend,normal
48.88,78.13,24.79,89.73,210.38,10,weekend,normal
45.34,80.54,29.35,92.1,230.91,23,weekday,normal
36.67,92.4,33.87,66.04,228.67,8,weekday,normal
59.02,100.54,40.0,53.02,218.16,10,weekend,normal
32.51,112.8,22.31,77.63,169.59,17,weekend,normal
61.24,74.98,24.63,81.65,193.15,1,weekend,normal
52.68,106.07,28.31,90.17,146.51,19,weekday,normal
47.31,87.95,28.48,97.3,239.15,12,weekday,normal
47.48,97.84,28.4,57.54,201.36,14,weekday,normal
54.54,124.18,29.44,87.85,153.43,7,weekend,normal
43.57,109.86,40.14,41.34,294.13,4,weekend,normal
51.77,111.52,23.67,79.13,98.09,4,weekday,normal
41.12,87.68,30.8,85.5,197.49,6,weekday,normal
28.49,138.51,32.8,52.1,252.58,11,weekday,normal
56.17,113.44,22.74,84.36,180.59,19,weekday,normal
74.37,91.5,37.17,59.03,206.62,11,weekday,normal
55.66,122.82,29.22,69.09,219.15,8,weekday,normal
49.53,111.38,24.58,87.9,108.51,3,weekday,normal
46.03,74.74,37.73,70.23,156.41,7,weekday,normal
46.35,104.0,33.41,70.0,197.58,18,weekend,normal
46.03,80.64,27.29,79.79,196.72,21,weekday,normal
51.99,59.2,33.63,86.97,146.14,0,weekend,normal
26.14,91.35,31.94,74.98,199.2,22,weekday,normal
24.4,122.68,22.32,98.72,221.41,10,weekend,anomaly
54.51,129.49,22.81,69.97,251.6,22,weekend,normal
48.01,89.79,31.68,93.49,208.33,12,weekday,normal
40.14,94.29,21.14,82.95,163.65,17,weekday,normal
39.87,127.92,35.03,85.08,222.88,20,weekday,normal
44.42,113.41,23.1,57.59,227.56,19,weekday,normal
45.82,109.79,34.6,93.24,193.46,9,weekday,normal
64.23,102.79,37.12,76.8,184.95,12,weekday,normal
39.3,114.5,32.45,109.68,181.67,11,weekend,normal
57.64,99.4,11.56,78.86,225.07,12,weekday,anomaly
55.9,130.59,35.6,74.7,194.34,1,weekday,normal
47.91,97.61,27.82,67.29,213.36,2,weekday,normal
57.65,97.29,29.71,75.07,170.17,16,weekday,normal
54.42,58.89,26.28,96.17,202.93,20,weekday,normal
37.44,121.16,38.41,86.74,155.94,18,weekday,normal
44.07,80.75,30.89,79.42,176.62,11,weekend,normal
53.88,52.6,27.97,87.84,201.87,15,weekday,normal
44.02,96.42,36.7,68.36,170.27,19,weekday,normal
56.11,93.23,34.4,67.21,184.13,19,weekday,normal
61.63,109.0,24.34,65.59,230.37,21,weekday,normal
49.73,112.98,31.67,89.82,188.11,9,weekend,normal
43.94,83.45,31.1,91.32,185.42,22,weekend,normal
42.8,154.4,22.64,63.02,164.46,22,weekday,normal
46.36,95.97,34.14,64.87,179.15,14,weekend,normal
45.66,66.24,29.85,72.96,199.75,7,weekday,normal
58.64,131.66,40.76,59.65,225.32,18,weekday,normal
44.14,114.57,37.05,78.53,138.58,4,weekday,normal
48.24,108.18,31.11,96.54,232.15,11,weekend,normal
57.8,91.29,29.56,80.52,184.73,9,weekday,normal
46.7,100.92,19.78,90.41,196.23,21,weekday,normal
45.56,56.63,34.21,55.19,228.18,13,weekday,normal
58.71,94.58,29.66,67.45,289.0,21,weekend,normal
61.6,149.14,27.66,46.55,221.79,11,weekday,normal
50.38,80.91,30.11,74.06,180.35,23,weekday,normal
66.61,103.54,37.76,107.73,207.4,12,weekend,normal
51.66,66.3,36.82,101.56,216.85,20,weekend,normal
58.76,89.59,36.81,80.8,143.89,20,weekend,normal
69.55,74.7,24.81,76.21,156.65,16,weekend,normal
43.71,108.55,37.9,82.21,216.11,0,weekend,normal
44.79,104.32,27.55,57.32,221.16,21,weekday,normal
57.99,73.94,33.73,78.66,215.13,9,weekday,normal
48.39,101.77,33.14,42.83,226.06,4,weekday,normal
40.59,102.48,29.3,36.65,185.2,10,weekend,normal
46.51,103.5,31.07,69.8,243.22,9,weekend,normal
35.85,117.08,21.78,110.61,272.86,5,weekday,normal
50.25,131.3,30.29,99.99,174.21,14,weekday,normal
51.63,87.72,28.82,92.17,149.63,8,weekend,normal
60.85,93.87,40.98,75.26,197.07,7,weekday,normal
61.8,96.53,30.14,98.39,235.14,22,weekday,normal
46.83,73.96,26.43,67.32,226.44,22,weekday,normal
71.08,79.84,30.58,57.25,205.73,5,weekday,normal
39.26,111.26,26.64,66.44,107.56,5,weekend,normal
36.0,138.5,22.91,50.9,172.27,16,weekend,normal
37.58,79.21,32.06,109.0,244.19,11,weekend,normal
38.29,145.86,30.04,83.15,130.17,6,weekday,normal
57.58,88.67,34.97,61.94,200.83,4,weekend,normal
66.82,124.24,37.28,73.81,177.06,15,weekday,normal
67.23,108.59,39.45,73.35,226.15,22,weekday,normal
31.15,103.9,31.15,96.52,133.3,5,weekday,normal
58.57,91.46,33.46,108.57,187.96,7,weekend,normal
65.27,100.32,31.41,91.28,206.27,2,weekday,normal
59.98,85.78,18.4,86.13,185.93,7,weekday,normal
43.67,118.91,36.18,79.79,224.11,6,weekend,normal
51.68,122.36,32.73,76.74,138.36,16,weekday,normal
40.48,86.99,32.8,76.38,155.12,18,weekend,normal
57.47,67.19,27.44,76.71,186.94,19,weekend,normal
35.36,93.44,26.79,72.03,213.47,13,weekend,normal
56.85,139.77,29.66,68.27,220.51,5,weekday,normal
42.9,104.64,32.79,59.1,206.91,6,weekday,normal
53.63,123.07,20.24,71.48,163.2,4,weekend,normal
47.47,81.44,31.01,55.33,176.12,18,weekday,normal
46.4,90.28,38.44,66.55,244.23,20,weekday,normal
59.47,93.79,29.34,73.35,280.84,6,weekday,normal
65.26,76.58,20.1,78.9,224.36,8,weekday,normal
41.35,103.34,29.06,78.64,213.77,11,weekday,normal
51.87,83.63,31.47,82.42,153.85,14,weekend,normal
39.14,118.98,31.88,81.13,207.88,14,weekday,normal
45.39,101.78,30.77,101.9,132.58,23,weekday,normal
42.73,129.62,39.68,99.87,252.55,20,weekday,normal
37.41,66.45,30.7,69.23,222.4,15,weekend,normal
60.59,89.38,30.96,88.78,197.7,22,weekday,normal
51.03,91.85,27.15,72.37,153.68,19,weekday,normal
44.53,109.26,34.72,49.93,207.26,14,weekday,normal
49.42,91.56,38.49,84.97,139.91,4,weekday,normal
61.96,134.45,26.86,67.08,187.42,11,weekday,normal
60.28,96.32,29.46,64.81,216.6,3,weekend,normal
55.58,81.89,18.38,66.25,171.49,2,weekday,normal
43.31,96.78,25.82,63.68,198.4,0,weekday,normal
51.19,93.49,39.85,102.49,293.21,12,weekday,normal
39.09,118.56,28.51,56.92,128.47,4,weekday,normal
49.13,91.76,31.13,72.69,169.11,11,weekday,normal
59.78,69.59,26.36,49.67,189.66,1,weekday,normal
61.63,103.55,32.24,64.03,178.77,5,weekday,normal
43.57,86.98,29.13,55.3,218.12,4,weekend,normal
58.33,76.9,32.05,82.75,221.61,17,weekday,normal
56.27,100.45,30.52,52.14,201.8,23,weekday,normal
47.59,97.36,37.22,96.46,205.45,4,weekday,normal
57.46,95.59,30.84,55.28,128.11,17,weekend,normal
62.26,105.21,25.83,59.42,218.91,15,weekend,normal
58.51,88.42,26.82,85.12,207.73,16,weekday,normal
39.46,102.32,20.66,103.18,172.28,1,weekday,normal
47.22,88.21,30.63,68.45,264.75,16,weekday,normal
54.0,116.44,29.68,83.92,197.04,9,weekday,normal
41.97,99.52,37.57,59.33,209.01,2,weekday,normal
65.58,135.0,24.14,67.34,198.36,13,weekend,normal
53.13,90.1,26.51,73.37,133.98,18,weekend,normal
45.46,107.14,26.56,62.58,159.5,11,weekend,normal
44.84,122.59,28.73,92.11,188.93,0,weekday,normal
43.05,110.72,23.7,87.03,239.28,6,weekday,normal
57.06,102.81,28.61,67.03,181.69,6,weekday,normal
58.25,106.72,30.09,38.22,208.24,12,weekday,normal
43.36,110.15,30.24,64.11,218.19,8,weekend,normal
64.69,105.96,36.37,93.89,168.02,4,weekday,normal
46.13,99.71,29.85,73.13,162.56,3,weekday,normal
42.03,114.74,29.73,90.35,172.81,4,weekend,normal
54.77,98.31,35.73,99.77,170.29,23,weekend,normal
38.0,80.31,29.99,84.1,156.5,23,weekend,normal
36.35,141.17,23.92,91.95,234.49,19,weekend,normal
40.47,117.55,24.61,66.46,223.42,11,weekday,normal
42.15,81.77,24.66,92.45,156.68,7,weekday,normal
57.5,95.11,23.91,71.83,206.7,12,weekday,normal
37.04,88.61,39.99,63.5,187.12,3,weekday,normal
53.69,90.04,24.64,106.72,195.21,19,weekday,normal
58.42,117.34,29.79,74.7,201.34,10,weekday,normal
64.45,93.37,30.27,64.31,140.83,14,weekend,normal
45.08,138.32,29.12,81.38,120.32,23,weekday,normal
45.87,64.67,26.1,58.71,200.8,13,weekday,normal
70.36,99.41,32.28,56.17,184.47,17,weekday,normal
63.53,73.37,22.38,71.85,191.1,19,weekday,normal
47.25,106.55,24.67,53.4,174.02,0,weekday,normal
61.47,108.95,35.61,67.88,199.52,0,weekend,normal
52.47,117.98,24.51,55.32,132.92,10,weekday,normal
50.16,75.46,36.49,89.7,201.04,23,weekend,normal
74.83,108.63,36.91,100.27,97.67,19,weekday,normal
60.75,82.53,37.01,54.16,170.45,5,weekday,normal
68.87,101.92,34.22,106.97,180.57,4,weekday,normal
39.38,91.16,23.1,86.41,126.26,12,weekday,normal
67.98,74.71,22.31,78.65,250.53,9,weekday,normal
48.44,114.45,24.4,52.16,196.07,5,weekday,normal
48.31,94.83,25.24,50.38,169.66,3,weekday,normal
53.9,117.15,23.5,74.46,275.25,3,weekend,normal
55.12,118.58,26.58,72.41,208.8,6,weekday,normal
60.55,126.23,33.85,70.58,213.95,15,weekday,normal
58.83,89.86,33.25,75.73,190.34,0,weekday,normal
43.47,81.42,31.48,64.28,177.68,8,weekday,normal
40.04,124.01,28.93,71.64,207.54,18,weekday,normal
48.09,102.06,29.66,74.93,85.76,19,weekday,normal
49.87,126.98,31.51,113.57,124.32,14,weekday,normal
50.89,76.34,27.63,40.95,139.02,8,weekday,normal
63.67,113.77,34.89,80.63,103.47,20,weekday,normal
51.84,100.86,23.43,76.27,217.82,19,weekday,normal
76.37,99.17,26.12,75.31,168.37,21,weekday,anomaly
64.46,93.57,25.37,80.5,245.47,0,weekday,normal
46.99,77.79,32.29,104.74,188.33,0,weekday,normal
32.24,113.28,24.0,80.18,161.62,15,weekday,normal
73.88,92.16,25.41,52.58,190.67,4,weekend,normal
47.18,104.23,32.12,80.39,237.81,20,weekend,normal
59.29,138.65,25.66,72.6,183.35,8,weekend,normal
43.33,89.26,34.19,65.75,243.24,0,weekday,normal
65.99,94.05,34.07,77.81,237.21,18,weekday,normal
58.48,96.74,27.31,73.23,170.4,15,weekend,normal
39.13,92.11,30.64,71.59,173.74,2,weekday,normal
30.45,92.73,40.3,73.47,171.53,3,weekday,normal
51.89,113.95,34.36,57.38,145.12,11,weekday,normal
54.97,126.47,32.47,85.75,133.78,6,weekday,normal
57.63,102.6,37.76,72.93,173.33,14,weekday,normal
42.22,114.8,25.18,78.97,95.77,22,weekday,normal
43.56,96.54,36.28,62.02,147.71,14,weekend,normal
31.1,96.04,31.78,58.21,212.11,4,weekday,normal
44.48,92.0,37.29,69.42,137.05,22,weekday,normal
33.69,84.71,27.39,74.57,243.88,1,weekday,normal
42.87,124.73,36.96,68.84,216.23,11,weekday,normal
53.28,89.96,21.29,76.29,266.41,18,weekday,normal
53.14,112.22,28.12,42.71,274.86,22,weekend,normal
43.26,83.26,31.36,105.06,221.9,4,weekday,normal
52.72,100.92,33.28,63.51,168.56,22,weekday,normal
64.78,99.98,19.53,57.62,125.82,2,weekend,normal
47.22,83.42,23.77,92.15,133.17,23,weekday,normal
37.21,93.07,24.58,57.56,270.63,5,weekday,normal
57.86,78.63,25.32,78.03,132.34,12,weekday,normal
60.92,100.34,26.25,57.56,183.42,19,weekend,normal
43.04,64.79,30.82,70.44,240.19,14,weekend,normal
43.11,98.84,37.38,70.63,157.05,3,weekday,normal
30.17,113.02,28.12,63.74,244.81,19,weekday,normal
45.39,99.74,37.73,88.13,189.51,6,weekday,normal
40.77,86.0,30.42,96.26,200.81,21,weekday,normal
34.77,87.01,28.93,63.52,180.57,17,weekday,normal
46.35,124.16,35.23,76.96,155.32,20,weekday,normal
49.95,103.16,29.22,55.2,219.85,20,weekend,normal
48.12,116.89,26.09,76.59,214.91,21,weekday,normal
46.76,118.85,36.63,87.32,221.63,6,weekend,normal
65.24,91.09,29.81,76.69,232.66,11,weekday,normal
53.07,79.97,38.96,66.5,175.04,10,weekday,normal
56.51,112.92,28.23,71.16,214.89,23,weekend,normal
68.11,82.86,23.34,67.78,228.33,11,weekday,normal
59.87,88.19,26.15,71.84,208.77,14,weekday,normal
47.26,102.07,26.65,65.21,175.93,7,weekday,normal
31.47,94.98,29.52,77.6,206.7,10,weekend,normal
46.29,53.72,26.03,57.0,112.59,20,weekday,normal
64.55,75.31,23.74,33.18,207.54,17,weekday,normal
59.8,120.17,28.39,90.98,147.96,9,weekend,normal
46.33,98.37,30.46,74.13,193.22,7,weekday,normal
49.21,114.65,32.06,76.78,175.73,5,weekday,normal
51.28,83.77,29.92,63.76,194.42,2,weekday,normal
43.84,77.76,36.83,68.54,130.38,19,weekday,normal
44.44,114.44,30.31,59.01,220.69,11,weekday,normal
43.51,125.93,19.08,92.66,228.91,16,weekday,normal
54.92,82.55,31.25,67.47,153.37,2,weekday,normal
39.44,120.36,30.04,51.83,137.99,19,weekday,normal
64.42,80.47,33.68,85.14,156.06,17,weekday,normal
49.94,67.26,24.4,92.03,222.16,11,weekday,normal
38.94,111.72,35.31,72.26,189.82,21,weekend,normal
60.26,80.9,31.33,97.65,184.3,23,weekday,normal
65.0,75.8,30.68,79.42,186.47,15,weekday,normal
81.41,76.23,34.69,73.12,165.64,21,weekend,anomaly
63.71,93.04,35.8,73.62,205.78,9,weekend,normal
41.25,65.99,35.31,82.49,253.09,18,weekday,normal
52.1,111.88,18.27,91.17,156.69,8,weekend,normal
75.29,109.63,22.89,82.8,217.44,13,weekday,anomaly
42.22,109.61,27.8,78.91,190.31,19,weekend,normal
37.3,124.15,24.06,76.07,189.99,13,weekend,normal
46.1,119.42,26.52,85.52,247.59,21,weekday,normal
39.85,81.85,29.74,65.44,232.08,3,weekend,normal
43.92,113.48,27.65,52.37,192.82,14,weekend,normal
43.39,122.22,29.88,77.78,229.63,19,weekday,normal
57.16,116.28,36.8,59.82,123.76,1,weekend,normal
37.03,117.78,38.9,52.61,104.64,17,weekday,normal
51.31,96.99,31.87,99.28,164.36,1,weekend,normal
42.35,87.04,36.68,25.16,152.26,17,weekend,normal
55.5,95.31,28.01,84.36,182.82,7,weekday,normal
56.59,86.03,26.88,58.88,238.14,9,weekday,normal
58.93,120.07,29.62,62.96,184.13,19,weekend,normal
58.92,103.73,28.44,81.48,230.08,3,weekday,normal
43.79,116.47,33.38,109.92,229.19,9,weekday,normal
49.96,71.02,30.07,85.52,122.47,9,weekday,normal
64.7,91.07,37.55,59.71,221.27,2,weekday,normal
54.42,79.5,30.6,74.32,239.97,20,weekend,normal
58.87,67.49,26.46,70.67,242.76,3,weekday,normal
37.83,106.0,27.64,43.9,189.39,22,weekend,normal
59.54,78.71,27.03,75.87,196.97,9,weekend,normal
31.14,92.54,33.66,64.91,199.59,6,weekday,normal
34.71,80.57,29.47,86.09,190.91,21,weekday,normal
41.01,91.85,30.59,70.38,152.81,22,weekday,normal
54.26,111.78,32.09,98.2,161.92,11,weekday,normal
55.97,80.87,32.7,80.29,218.96,6,weekday,normal
41.86,90.93,35.29,78.2,188.68,12,weekend,normal
30.75,110.57,31.68,104.48,198.79,7,weekday,normal
59.53,113.63,25.2,79.5,238.45,12,weekend,normal
55.88,92.12,27.57,99.66,197.81,0,weekday,normal
54.28,105.91,27.56,58.04,149.07,15,weekday,normal
69.27,116.35,26.36,44.74,283.04,18,weekday,normal
51.5,78.86,35.19,78.37,182.86,18,weekday,normal
40.08,85.73,29.26,93.01,180.54,20,weekend,normal
63.29,92.52,30.89,57.8,206.2,12,weekend,normal
45.93,108.94,31.67,68.41,189.16,6,weekend,normal
48.95,103.74,31.05,49.86,192.33,14,weekend,normal
44.64,101.29,31.55,74.53,172.05,5,weekday,normal
41.68,79.44,42.04,74.82,233.66,3,weekday,anomaly
45.78,117.42,33.38,84.14,239.51,21,weekday,normal
65.21,90.02,25.4,67.48,267.58,22,weekday,normal
39.33,94.67,31.58,71.02,273.48,19,weekday,normal
60.7,103.91,30.53,84.42,115.8,10,weekday,normal
31.51,139.46,23.06,78.24,219.26,23,weekend,normal
66.01,87.18,18.08,81.07,147.51,20,weekday,normal
67.06,86.18,30.71,87.79,246.35,18,weekday,normal
39.76,92.51,28.6,86.0,207.79,1,weekday,normal
50.79,123.22,24.26,106.65,165.68,16,weekday,normal
56.44,102.98,27.3,81.67,149.43,14,weekday,normal
43.96,107.52,28.7,81.72,168.69,19,weekday,normal
68.83,116.14,27.09,70.44,162.69,17,weekend,normal
50.22,122.55,31.36,75.94,248.08,11,weekday,normal
44.8,86.6,30.88,55.75,197.73,2,weekend,normal
50.79,110.46,33.99,65.72,155.06,16,weekday,normal
42.64,123.05,35.79,91.92,211.86,13,weekday,normal
50.21,104.12,33.22,51.74,211.14,5,weekend,normal
45.5,83.62,26.59,95.94,189.8,3,weekday,normal
42.21,79.71,30.84,70.5,245.06,20,weekday,normal
57.97,109.04,21.97,61.37,218.83,7,weekday,normal
33.08,76.94,27.63,70.85,215.64,19,weekend,normal
67.63,83.74,17.3,83.86,122.3,21,weekday,anomaly
52.3,90.2,28.24,76.32,182.66,2,weekday,normal
68.47,105.61,27.32,103.66,222.72,7,weekday,normal
59.62,111.67,33.46,81.53,211.34,12,weekend,normal
36.57,85.8,25.16,82.66,199.96,18,weekday,normal
50.71,74.07,30.85,83.09,224.23,14,weekday,normal
32.05,116.33,28.11,77.07,214.74,22,weekday,normal
40.96,113.51,27.87,71.33,228.95,6,weekday,normal
48.63,109.39,26.16,76.53,212.5,2,weekend,normal
42.95,107.51,31.5,78.43,227.21,18,weekday,normal
45.24,92.05,29.19,74.19,225.19,9,weekend,normal
43.33,96.45,25.21,93.84,196.65,15,weekday,normal
72.29,101.52,30.66,92.3,198.76,13,weekday,normal
51.19,83.14,31.53,57.24,203.1,7,weekday,normal
56.23,107.67,37.64,89.53,150.23,10,weekend,normal
49.48,102.38,27.09,74.71,138.21,18,weekday,normal
53.37,97.29,28.06,70.43,220.15,1,weekday,normal
29.45,118.25,23.54,85.64,222.29,4,weekday,normal
66.71,97.98,27.76,79.27,198.98,10,weekday,normal
42.78,113.19,24.7,61.55,214.22,6,weekday,normal
61.46,76.23,35.52,87.1,226.25,7,weekday,normal
61.85,116.8,32.57,73.71,217.43,16,weekday,normal
32.02,112.08,24.62,86.85,222.42,11,weekday,normal
50.56,143.24,25.11,74.78,148.16,17,weekend,normal
54.05,132.02,27.24,87.06,265.83,6,weekday,normal
51.1,118.73,36.49,89.21,212.93,8,weekday,normal
49.99,89.22,26.95,92.94,237.43,18,weekend,normal
45.64,82.29,29.12,65.84,223.38,13,weekday,normal
42.86,85.5,37.67,102.41,158.77,23,weekend,normal
60.58,110.19,32.08,72.87,172.55,18,weekday,normal
53.98,125.88,22.76,57.04,179.0,19,weekday,normal
51.85,75.78,20.84,77.74,245.96,17,weekday,normal
33.99,83.13,30.47,72.31,161.5,14,weekend,normal
47.43,100.67,41.51,66.25,149.88,20,weekend,normal
49.44,77.29,36.78,75.77,217.17,20,weekday,normal
58.41,91.54,31.88,86.28,270.11,3,weekday,normal
32.56,124.9,33.93,80.03,166.33,12,weekday,normal
39.04,114.43,34.3,95.01,257.34,4,weekday,normal
67.99,116.59,21.82,73.18,229.85,11,weekday,normal
42.03,80.31,31.04,81.38,183.14,16,weekend,normal
31.48,65.08,36.57,78.74,147.09,9,weekend,normal
43.02,91.42,40.46,102.9,186.51,11,weekend,normal
42.06,53.45,32.53,59.78,168.36,5,weekday,normal
56.51,109.05,23.21,66.52,248.01,19,weekend,normal
56.39,114.95,32.86,106.23,198.66,19,weekend,normal
40.31,84.29,32.77,71.67,219.25,11,weekday,normal
46.21,111.64,34.35,51.41,219.51,12,weekend,normal
55.37,111.53,32.03,104.77,174.4,20,weekday,normal
55.7,77.58,39.3,60.43,202.89,16,weekday,normal
39.65,92.0,30.95,76.47,240.05,19,weekday,normal
40.76,90.64,30.3,91.16,196.96,9,weekday,normal
71.16,118.66,28.69,88.51,189.37,18,weekday,normal
47.4,114.65,30.49,61.86,227.61,4,weekend,normal
64.93,111.45,31.4,110.79,147.99,4,weekday,normal
52.29,88.78,30.61,82.91,111.86,7,weekday,normal
60.95,127.31,33.91,74.37,211.52,16,weekday,normal
56.25,103.62,19.64,60.03,240.97,2,weekday,normal
51.71,109.91,29.32,82.22,272.07,20,weekday,normal
51.59,134.61,32.59,97.51,207.85,15,weekday,normal
37.59,113.25,31.41,70.74,232.97,18,weekend,normal
48.33,97.6,23.63,48.74,252.72,5,weekday,normal
44.78,90.04,32.65,64.43,201.26,9,weekday,normal
46.72,65.32,30.25,70.01,174.35,15,weekend,normal
46.3,68.67,33.82,52.13,170.23,12,weekday,normal
51.62,117.12,32.88,82.86,188.21,2,weekday,normal
56.38,60.48,31.62,86.02,257.98,21,weekend,normal
48.62,120.23,30.02,64.26,237.29,7,weekend,normal
59.55,116.07,31.43,87.65,191.26,19,weekday,normal
45.85,82.7,31.44,61.27,249.82,7,weekday,normal
50.87,103.63,36.64,55.03,218.11,6,weekday,normal
75.23,111.52,44.95,59.18,191.32,10,weekday,anomaly
37.99,101.84,24.63,62.58,207.08,19,weekday,normal
45.79,124.62,16.75,86.83,216.1,2,weekday,anomaly
31.86,72.16,27.36,83.35,205.47,20,weekend,normal
52.28,110.08,25.29,61.27,269.64,20,weekday,normal
50.17,87.82,34.21,64.9,194.01,6,weekend,normal
51.26,65.24,37.46,101.54,144.7,10,weekday,normal
40.88,76.8,34.08,87.28,212.5,16,weekday,normal
42.38,89.51,28.43,53.84,188.34,17,weekday,normal
50.54,100.47,33.66,94.9,146.29,8,weekend,normal
35.97,81.98,36.07,108.85,226.58,12,weekend,normal
58.82,89.88,33.33,74.61,55.69,14,weekday,normal
36.09,92.08,32.76,70.45,211.54,18,weekday,normal
48.49,82.41,29.42,68.6,105.23,14,weekday,normal
45.64,88.67,23.91,70.35,200.21,6,weekday,normal
45.0,111.46,35.48,86.53,222.14,2,weekday,normal
33.94,132.98,38.47,65.51,229.28,23,weekday,normal
49.56,104.17,23.11,86.48,232.34,7,weekday,normal
37.92,102.63,33.83,75.01,157.81,12,weekday,normal
51.4,98.39,25.99,66.15,207.59,15,weekday,normal
42.41,92.18,32.33,80.37,171.96,2,weekday,normal
49.5,111.52,23.0,71.76,169.65,20,weekday,normal
31.89,119.66,33.9,65.42,195.59,22,weekend,normal
59.12,76.77,32.14,74.57,183.16,0,weekday,normal
60.96,120.77,34.14,74.77,158.55,2,weekend,normal
44.48,132.51,33.24,67.84,212.88,15,weekday,normal
78.01,79.85,30.93,62.77,221.94,0,weekday,anomaly
57.61,118.41,33.94,76.35,165.55,17,weekend,normal
47.42,132.71,27.77,78.1,192.62,13,weekday,normal
45.09,114.32,32.88,81.0,193.31,6,weekday,normal
42.19,96.48,27.24,80.52,193.96,22,weekday,normal
44.09,115.58,33.13,94.79,197.73,2,weekend,normal
48.9,83.75,29.04,58.68,211.54,21,weekend,normal
49.56,93.75,32.44,98.79,246.71,15,weekend,normal
35.96,85.35,28.57,54.93,205.21,5,weekend,normal
63.55,73.06,28.66,93.72,179.6,17,weekday,normal
57.87,100.83,28.88,82.52,199.52,12,weekday,normal
68.47,106.08,23.34,67.26,157.48,23,weekend,normal
53.68,113.25,34.33,38.69,164.11,1,weekend,normal
60.47,10.43,30.23,52.57,217.3,11,weekday,normal
37.5,103.65,23.55,65.49,74.81,3,weekend,normal
56.02,101.58,27.29,81.69,191.33,8,weekday,normal
32.08,78.19,27.01,66.99,237.12,19,weekday,normal
40.28,91.11,32.0,74.42,216.16,22,weekday,normal
75.07,115.09,28.95,68.45,234.42,4,weekday,anomaly
46.5,101.95,34.54,77.53,213.44,9,weekend,normal
49.81,99.64,24.03,54.24,279.68,5,weekend,normal
57.02,117.86,32.17,71.04,150.76,0,weekday,normal
49.61,146.3,31.77,82.89,204.62,19,weekend,normal
39.79,95.15,27.9,112.9,229.1,4,weekday,normal
40.03,104.94,31.27,87.64,183.12,5,weekday,normal
58.01,82.17,29.82,72.22,247.15,21,weekday,normal
52.98,142.9,36.04,65.42,224.18,20,weekend,normal
58.36,89.2,30.42,81.86,140.33,18,weekday,normal
55.87,63.84,35.69,62.43,214.49,10,weekday,normal
50.6,112.44,34.17,77.16,224.33,14,weekday,normal
50.13,67.8,23.77,79.75,265.31,1,weekday,normal
50.97,125.9,29.58,72.04,192.82,14,weekday,normal
46.36,111.79,34.16,89.58,222.36,6,weekday,normal
46.48,79.44,31.22,73.59,210.31,16,weekday,normal
55.02,113.41,30.41,68.25,177.51,11,weekday,normal
64.41,93.32,30.72,67.35,186.03,11,weekday,normal
33.24,108.54,33.03,55.63,112.29,4,weekend,normal
73.87,74.37,28.06,53.67,181.09,19,weekday,normal
56.93,73.14,28.57,83.99,262.85,6,weekday,normal
54.36,106.36,34.19,97.18,193.1,1,weekend,normal
39.92,137.68,31.04,107.23,233.78,12,weekday,normal
42.88,87.1,29.12,91.76,209.11,23,weekday,normal
56.11,85.58,30.18,82.81,216.98,8,weekday,normal
52.51,93.23,32.56,79.62,279.77,14,weekday,normal
37.08,73.53,29.91,94.65,183.66,14,weekend,normal
41.38,111.06,30.8,69.47,183.38,0,weekday,normal
42.6,118.04,21.43,102.02,243.49,20,weekday,normal
41.75,109.64,31.22,74.4,196.78,19,weekday,normal
52.71,96.6,29.35,78.89,189.1,20,weekday,normal
39.76,79.5,34.6,75.37,238.15,2,weekend,normal
57.79,141.27,29.75,91.88,210.34,0,weekday,normal
35.15,82.85,37.41,74.83,193.95,18,weekend,normal
59.76,82.38,33.06,81.07,186.33,19,weekday,normal
80.6,64.16,26.28,56.71,166.28,12,weekday,anomaly
57.79,71.56,23.83,72.1,138.08,14,weekday,normal
44.56,106.99,29.59,90.71,244.46,12,weekend,normal
45.0,91.46,30.14,62.33,183.03,17,weekday,normal
38.76,82.72,21.51,74.6,131.85,16,weekend,normal
60.78,84.04,29.74,74.4,271.33,0,weekday,normal
51.63,89.72,28.35,66.23,203.47,14,weekend,normal
31.91,86.71,31.01,90.27,200.89,23,weekday,normal
35.47,128.05,40.09,82.42,136.51,3,weekday,normal
32.43,92.56,21.65,88.53,223.24,1,weekday,normal
57.62,102.92,34.72,90.77,178.76,18,weekend,normal
39.98,101.18,32.43,75.47,178.85,7,weekday,normal
58.34,101.86,27.52,98.61,216.55,21,weekday,normal
44.42,92.59,30.12,56.75,204.83,15,weekend,normal
57.92,90.51,34.57,72.75,161.11,7,weekday,normal
47.43,112.86,30.56,77.23,143.03,9,weekday,normal
59.5,104.39,20.32,48.91,206.61,15,weekday,normal
42.08,84.83,31.82,96.22,203.14,4,weekday,normal
42.65,42.8,33.61,61.97,304.24,18,weekday,normal
45.45,87.86,27.93,76.02,110.08,5,weekday,normal
58.34,72.79,34.32,86.32,205.89,9,weekday,normal
39.18,81.53,34.71,109.77,135.08,23,weekday,normal
44.23,73.56,36.53,50.03,183.41,4,weekday,normal
47.5,123.19,35.02,83.95,182.89,20,weekday,normal
53.99,123.05,42.73,70.86,221.68,18,weekday,anomaly
46.04,115.16,35.83,84.72,222.8,18,weekday,normal
55.78,93.32,30.85,89.06,254.59,12,weekday,normal
42.52,86.68,34.01,81.27,209.86,14,weekend,normal
59.89,70.11,30.66,76.19,239.41,7,weekend,normal
57.57,118.29,28.76,59.15,255.03,10,weekend,normal
44.27,117.37,24.8,60.21,210.32,0,weekday,normal
57.21,109.86,29.4,87.08,246.98,3,weekday,normal
39.08,77.83,34.48,62.11,208.52,21,weekday,normal
51.62,93.26,25.99,81.38,199.72,21,weekend,normal
42.1,97.61,32.1,94.53,174.23,12,weekend,normal
53.13,64.66,28.32,55.53,215.28,6,weekday,normal
48.3,128.58,30.26,94.59,213.72,6,weekday,normal
42.41,72.97,29.98,94.07,214.25,5,weekend,normal
34.29,84.41,31.24,80.14,245.61,7,weekday,normal
47.84,64.56,41.6,65.77,236.28,11,weekend,normal
61.93,95.93,27.68,82.98,141.02,23,weekday,normal
52.84,95.03,30.11,72.33,141.78,17,weekday,normal
34.36,119.6,29.22,64.38,204.94,22,weekday,normal
47.66,81.05,22.79,77.07,160.95,14,weekday,normal
61.88,78.29,34.6,61.86,196.17,15,weekday,normal
46.9,101.6,26.13,57.26,163.55,0,weekday,normal
40.27,58.49,37.16,66.85,203.86,9,weekday,normal
67.47,126.63,26.38,49.19,159.25,14,weekday,normal
39.19,73.57,32.22,92.98,216.07,23,weekend,normal
47.74,136.34,38.96,82.75,157.21,12,weekday,normal
43.85,84.16,32.57,62.09,205.43,18,weekday,normal
56.53,71.46,27.35,67.35,132.53,12,weekday,normal
54.81,111.66,25.82,86.38,154.78,8,weekday,normal
41.05,110.51,19.31,94.1,228.23,20,weekend,normal
43.0,111.0,28.42,76.61,251.28,15,weekday,normal
51.39,102.01,23.18,71.13,236.46,22,weekday,normal
52.18,144.79,30.13,50.49,230.31,13,weekday,normal
47.71,73.01,28.14,70.18,259.26,22,weekday,normal
46.93,127.23,30.76,57.93,238.62,8,weekday,normal
37.71,67.82,24.51,57.49,138.77,17,weekday,normal
68.5,133.04,27.63,93.5,238.13,3,weekday,normal
56.38,107.05,32.86,73.24,237.5,11,weekday,normal
50.06,131.19,31.72,77.11,125.08,23,weekend,normal
59.76,117.84,21.06,81.1,173.07,4,weekday,normal
47.96,56.51,34.11,72.33,263.16,10,weekend,normal
41.86,93.24,24.84,76.02,194.82,4,weekday,normal
53.46,74.94,22.41,75.29,154.37,18,weekday,normal
51.39,129.88,28.95,68.6,234.54,20,weekday,normal
66.82,116.01,42.15,79.11,188.98,6,weekday,anomaly
42.63,103.03,28.38,73.67,184.55,3,weekday,normal
40.37,91.75,30.54,76.33,234.95,7,weekend,normal
71.01,108.47,33.48,75.06,216.15,5,weekday,normal
61.85,80.84,25.7,104.33,195.28,5,weekday,normal
56.37,105.63,31.58,89.85,213.24,21,weekend,normal
43.16,97.53,25.91,86.64,193.01,3,weekday,normal
54.18,83.66,32.81,82.05,236.56,13,weekday,normal
37.09,113.91,32.03,81.39,143.31,2,weekday,normal
44.87,137.72,31.58,70.77,192.3,9,weekday,normal
38.37,71.43,30.87,91.81,183.46,21,weekday,normal
42.47,118.89,40.07,79.94,212.22,5,weekday,normal
38.09,83.85,31.19,83.76,154.93,17,weekday,normal
56.96,111.68,32.66,70.59,259.99,9,weekday,normal
67.87,87.66,31.85,61.94,170.33,8,weekday,normal
59.76,94.01,24.99,92.03,242.35,15,weekend,normal
57.49,95.98,26.16,76.94,224.21,19,weekday,normal
46.64,127.23,24.58,67.81,208.59,3,weekend,normal
51.92,98.16,26.09,80.14,209.86,10,weekend,normal
39.28,93.22,27.47,73.43,125.73,11,weekday,normal
37.01,98.34,28.99,98.25,179.83,23,weekend,normal
35.47,137.92,28.93,69.66,330.04,18,weekday,normal
37.8,111.2,32.88,81.7,208.52,9,weekend,normal
56.87,87.79,36.75,91.3,216.43,6,weekday,normal
57.97,129.96,35.72,84.84,123.27,6,weekday,normal
40.98,103.61,31.39,83.13,190.27,17,weekday,normal
52.94,82.74,25.85,67.4,185.73,2,weekday,normal
61.42,107.87,35.25,76.75,170.38,11,weekday,normal
48.48,97.0,27.25,81.92,222.98,13,weekday,normal
42.57,32.36,32.17,77.54,182.92,19,weekend,normal
45.83,106.61,31.41,97.23,171.01,1,weekday,normal
64.31,78.49,24.69,72.51,141.19,8,weekend,normal
49.3,74.55,27.37,75.5,155.77,9,weekday,normal
71.36,61.14,32.57,113.75,160.67,5,weekday,normal
43.32,102.56,29.24,87.45,186.3,16,weekend,normal
44.94,97.05,44.56,60.48,180.21,14,weekday,anomaly
35.95,118.98,27.77,82.47,174.93,0,weekday,normal
60.72,84.05,24.96,86.9,132.65,23,weekend,normal
50.94,90.37,30.36,62.98,159.78,21,weekday,normal
41.0,139.59,28.39,70.49,205.11,12,weekday,normal
46.41,60.5,21.42,57.13,258.36,9,weekend,normal
54.85,124.32,34.18,79.4,264.03,11,weekend,normal
41.73,84.4,34.96,50.68,279.99,22,weekend,normal
53.42,162.29,34.27,63.18,210.53,21,weekend,normal
58.99,114.44,31.6,54.25,197.78,15,weekday,normal
45.66,87.44,29.33,79.93,225.37,1,weekday,normal
31.38,72.12,30.86,69.92,185.67,2,weekend,normal
47.3,108.18,29.39,80.96,232.11,7,weekday,normal
44.96,61.8,26.83,47.47,193.57,19,weekday,normal
37.55,113.77,37.7,63.28,211.07,14,weekday,normal
55.87,72.13,36.32,86.85,170.83,23,weekend,normal
56.26,80.6,33.3,57.75,238.58,18,weekday,normal
52.18,43.95,27.87,90.34,160.6,17,weekday,normal
45.67,102.6,32.92,72.72,174.55,22,weekday,normal
51.35,105.59,28.81,62.45,186.56,0,weekend,normal
43.5,100.57,28.61,63.4,166.54,18,weekend,normal
56.85,65.55,29.92,78.21,222.66,1,weekday,normal
45.62,128.69,32.21,107.92,205.2,4,weekday,normal
47.48,96.76,28.0,115.77,160.96,17,weekend,normal
48.31,89.56,29.3,54.97,179.15,15,weekend,normal
82.67,116.06,36.59,85.09,205.6,9,weekday,anomaly
39.8,91.19,21.63,100.0,208.33,20,weekend,normal
45.3,108.82,35.09,56.32,161.8,2,weekend,normal
33.98,84.39,29.34,65.63,200.65,9,weekday,normal
52.54,116.32,27.7,79.36,224.93,23,weekday,normal
67.31,115.81,28.49,75.61,187.87,12,weekend,normal
47.71,90.94,30.06,54.23,158.97,20,weekday,normal
43.58,103.05,34.64,86.22,253.29,9,weekday,normal
49.39,99.5,30.88,81.52,225.15,10,weekend,normal
60.35,97.5,27.54,89.12,183.39,6,weekday,normal
63.81,76.24,33.45,83.0,203.82,1,weekday,normal
39.53,79.05,29.52,82.91,185.78,18,weekday,normal
56.58,92.29,32.64,75.43,160.41,17,weekday,normal
48.98,101.38,31.36,93.13,227.32,10,weekday,normal
64.43,82.33,24.69,55.09,266.64,16,weekday,normal
72.95,100.29,32.86,58.53,236.23,2,weekday,normal
68.21,54.21,21.78,91.45,209.84,19,weekend,normal
40.14,100.06,29.5,70.76,187.33,11,weekend,normal
41.59,101.54,24.95,61.39,93.52,1,weekday,normal
66.94,116.37,20.14,87.67,262.79,0,weekday,normal
48.96,128.45,31.23,85.13,173.34,8,weekend,normal
42.31,113.69,34.17,45.16,233.34,21,weekday,normal
36.37,135.95,29.84,85.23,237.66,23,weekday,normal
51.4,99.41,36.42,65.54,236.52,18,weekend,normal
45.88,100.93,30.0,82.36,144.04,7,weekday,normal
53.9,116.13,30.89,73.82,239.32,8,weekday,normal
51.9,97.86,25.79,84.21,181.0,6,weekend,normal
37.84,93.38,32.91,74.84,196.42,3,weekend,normal
41.82,127.48,32.69,56.29,195.21,21,weekday,normal
59.45,114.47,27.91,50.86,175.36,15,weekend,normal
60.33,113.19,23.59,54.8,188.06,5,weekday,normal
46.29,82.71,22.53,58.3,205.63,17,weekday,normal
51.76,118.87,35.04,81.58,162.39,1,weekend,normal
39.59,101.65,24.17,89.4,134.67,10,weekday,normal
49.46,80.21,37.61,70.33,235.75,4,weekday,normal
61.05,113.94,26.08,61.56,211.56,16,weekday,normal
66.68,76.02,28.51,75.46,125.47,4,weekday,normal
48.74,51.85,44.16,45.4,216.25,2,weekday,anomaly
46.86,63.9,27.65,84.29,192.73,18,weekend,normal
35.64,95.03,25.18,73.93,147.91,7,weekday,normal
44.02,130.82,28.3,76.11,178.18,10,weekday,normal
49.32,106.26,22.41,66.95,214.77,2,weekday,normal
48.26,97.95,28.59,65.64,160.3,2,weekday,normal
44.33,126.38,30.36,50.26,159.3,0,weekday,normal
61.87,110.21,34.97,88.02,177.33,23,weekday,normal
54.14,120.48,32.55,56.1,162.22,12,weekday,normal
48.34,119.45,30.73,64.19,155.91,9,weekday,normal
56.84,93.73,40.75,60.78,155.23,5,weekend,normal
49.74,95.37,33.0,87.49,217.32,10,weekday,normal
65.52,83.33,37.18,66.24,163.72,7,weekday,normal
42.05,116.62,34.46,89.45,243.28,18,weekday,normal
53.28,75.45,36.98,83.74,286.26,10,weekday,normal
28.74,82.28,35.74,60.84,193.49,5,weekday,normal
46.08,98.6,34.17,73.48,280.68,11,weekday,normal
51.52,102.2,33.05,49.55,221.69,17,weekday,normal
46.79,111.73,37.43,80.99,206.49,2,weekday,normal
38.95,99.17,27.07,65.17,197.52,12,weekday,normal
43.06,92.73,26.33,59.16,121.78,3,weekday,normal
39.94,114.46,22.02,70.89,181.99,8,weekday,normal
48.81,118.29,32.62,68.04,155.01,15,weekend,normal
57.85,66.0,35.81,79.24,235.01,11,weekend,normal
46.53,121.39,24.8,103.5,268.53,19,weekday,normal
68.09,93.46,26.38,94.84,208.58,6,weekday,normal
52.29,131.96,37.2,57.09,210.07,11,weekday,normal
29.51,87.0,33.47,98.03,238.5,7,weekday,normal
53.33,80.11,33.25,75.7,204.74,20,weekday,normal
49.5,112.96,32.07,36.85,248.12,14,weekday,normal
63.77,142.62,28.94,71.59,294.6,1,weekday,normal
49.83,67.54,22.23,51.63,257.77,10,weekday,normal
47.47,116.77,32.96,68.43,175.09,23,weekday,normal
70.73,111.21,40.66,103.63,233.58,20,weekday,normal
28.94,99.35,31.5,55.34,173.29,4,weekday,normal
46.56,141.47,24.28,54.9,191.16,22,weekday,normal
52.66,61.73,29.0,73.52,265.75,5,weekday,normal
46.01,122.25,34.75,62.74,160.12,18,weekday,normal
28.99,119.46,35.34,71.17,184.15,13,weekday,normal
54.04,123.95,37.79,76.63,245.7,6,weekday,normal
45.42,121.41,35.3,52.79,165.72,11,weekday,normal
48.64,104.71,20.01,78.43,123.3,16,weekday,normal
62.59,93.9,31.15,63.58,140.34,3,weekday,normal
53.04,87.79,22.79,91.08,175.65,19,weekend,normal
43.8,111.75,33.17,61.9,198.44,21,weekend,normal
53.94,99.88,33.66,64.33,187.86,21,weekend,normal
45.76,95.78,25.9,61.03,179.52,9,weekday,normal
46.96,88.93,28.5,68.79,203.08,23,weekday,normal
57.57,91.85,26.79,53.38,180.13,0,weekday,normal
43.58,115.54,34.1,82.83,172.15,22,weekend,normal
55.62,100.37,29.61,67.09,209.19,3,weekend,normal
47.7,124.18,26.79,87.18,204.6,12,weekend,normal
44.92,72.94,33.93,75.88,240.64,5,weekday,normal
44.96,112.41,33.05,100.68,280.76,14,weekday,normal
43.86,79.84,34.09,71.13,115.64,13,weekday,normal
50.89,124.18,22.29,69.63,220.77,2,weekend,normal
47.25,124.72,27.1,83.83,206.36,23,weekday,normal
63.7,71.79,33.4,43.85,251.13,18,weekday,normal
41.13,84.69,21.69,67.8,179.71,5,weekday,normal
55.43,85.54,21.83,73.7,184.92,1,weekend,normal
61.43,125.25,26.33,85.87,148.34,8,weekday,normal
67.3,88.12,33.87,88.96,241.01,12,weekend,normal
41.88,113.8,30.06,91.79,205.44,17,weekday,normal
60.24,86.78,32.53,70.57,245.05,11,weekday,normal
52.06,121.51,25.08,63.95,182.77,20,weekday,normal
60.52,123.49,25.03,75.88,173.13,21,weekend,normal
43.55,133.4,36.96,71.01,229.09,3,weekend,normal
48.84,96.57,32.12,49.88,186.46,22,weekday,normal
46.36,100.06,24.63,77.46,225.25,6,weekday,normal
45.49,97.22,20.11,61.28,220.44,11,weekday,normal
50.41,100.53,22.96,71.58,204.28,22,weekday,normal
74.95,91.49,24.72,70.67,175.7,10,weekday,normal
56.69,121.14,23.65,107.12,214.31,6,weekday,normal
46.49,84.79,29.83,88.49,169.65,9,weekday,normal
47.08,97.11,33.36,84.61,203.91,8,weekday,normal
55.63,103.85,29.55,89.58,267.31,1,weekend,normal
48.14,109.81,27.72,69.81,249.6,4,weekend,normal
48.17,76.18,31.72,56.34,179.67,9,weekday,normal
38.91,95.08,28.31,42.59,210.91,13,weekday,normal
49.53,100.44,21.43,83.11,178.54,15,weekend,normal
24.75,116.05,31.01,83.31,211.27,1,weekday,anomaly
32.32,95.73,31.96,63.6,163.33,18,weekday,normal
46.5,97.96,36.02,65.44,173.77,22,weekend,normal
56.6,102.75,34.61,62.98,274.95,8,weekend,normal
66.11,120.98,27.2,63.01,205.31,13,weekend,normal
54.01,58.97,28.92,67.43,182.03,14,weekday,normal
55.34,102.12,30.18,80.04,114.9,18,weekday,normal
51.13,123.39,31.07,90.93,206.7,7,weekday,normal
58.38,83.46,37.47,74.64,287.43,14,weekday,normal
52.13,84.94,29.67,94.0,177.19,7,weekday,normal
53.73,124.48,27.4,110.57,184.63,3,weekday,normal
34.36,93.02,36.21,80.99,201.91,5,weekday,normal
52.63,93.61,36.09,74.08,174.68,10,weekday,normal
50.23,105.54,34.5,40.11,288.34,11,weekend,normal
45.84,40.32,21.98,84.06,239.22,23,weekday,normal
46.57,63.63,30.4,75.94,227.84,8,weekday,normal
36.66,111.59,28.83,76.31,284.57,17,weekday,normal
55.39,95.1,32.18,71.66,268.22,16,weekday,normal
52.35,96.79,25.65,68.48,203.14,20,weekday,normal
50.69,86.85,34.1,60.01,188.83,2,weekend,normal
52.3,94.5,31.79,87.11,188.43,12,weekday,normal
37.54,123.84,34.38,34.37,178.32,5,weekday,normal
67.63,102.64,26.26,81.65,191.24,13,weekday,normal
59.43,121.19,31.33,52.26,179.53,0,weekday,normal
56.21,96.91,33.94,94.19,154.95,3,weekday,normal
64.85,100.39,17.25,70.01,103.2,21,weekend,anomaly
52.11,106.51,33.33,83.39,241.83,17,weekend,normal
47.18,110.53,28.2,77.87,93.56,10,weekend,normal
52.74,83.05,29.88,92.92,214.2,10,weekday,normal
65.27,99.48,36.26,102.67,238.75,7,weekend,normal
41.06,86.49,35.46,92.39,217.6,3,weekday,normal
65.15,130.18,27.1,84.28,194.08,1,weekend,normal
36.48,65.52,21.56,70.74,208.66,0,weekday,normal
55.33,111.72,29.62,82.28,182.6,23,weekend,normal
60.1,84.53,35.31,90.43,196.29,9,weekday,normal
56.44,77.3,36.57,69.21,187.41,16,weekend,normal
60.48,93.96,19.54,76.02,172.52,6,weekday,normal
48.72,125.81,32.99,63.56,247.57,6,weekday,normal
37.27,87.15,32.31,88.0,234.85,12,weekday,normal
60.5,63.92,33.86,82.52,194.01,21,weekday,normal
68.49,81.11,30.07,55.94,201.9,23,weekday,normal
48.35,102.47,21.15,80.07,170.14,0,weekday,normal
56.82,67.67,27.71,72.07,214.42,0,weekday,normal
41.74,114.42,25.4,76.91,195.84,12,weekday,normal
40.98,68.38,24.83,64.5,186.8,0,weekday,normal
51.07,90.36,33.92,94.76,210.26,5,weekday,normal
42.72,116.38,29.15,65.17,203.39,22,weekday,normal
50.96,89.96,31.97,106.88,166.14,9,weekday,normal
80.3,73.14,35.28,77.25,235.98,20,weekday,anomaly
42.94,98.18,21.37,70.6,239.41,0,weekend,normal
53.42,90.13,38.02,81.73,172.77,4,weekend,normal
32.42,124.24,38.93,79.64,327.71,21,weekend,normal
55.23,116.44,21.12,104.69,162.21,1,weekday,normal
42.95,110.13,33.46,81.97,224.63,2,weekend,normal
52.93,100.43,39.95,47.18,222.51,22,weekday,normal
52.66,95.62,23.02,65.48,228.81,2,weekday,normal
51.39,95.52,24.14,87.15,268.37,17,weekend,normal
40.53,65.81,34.07,72.39,189.04,22,weekend,normal
47.16,100.06,32.29,67.47,201.7,7,weekday,normal
52.36,84.15,31.09,64.94,216.99,8,weekday,normal
47.57,98.29,28.75,61.2,132.65,1,weekday,normal
64.03,101.04,30.78,78.82,205.42,1,weekday,normal
50.41,90.29,17.42,65.02,216.03,15,weekday,anomaly
40.07,118.66,24.0,95.17,171.66,6,weekend,normal
54.31,78.5,29.44,62.57,287.33,3,weekday,normal
25.53,90.12,19.45,55.46,210.47,4,weekday,normal
69.62,93.43,29.3,74.71,170.52,0,weekday,normal
32.79,123.11,29.91,44.47,177.13,21,weekday,normal
58.96,100.62,26.31,38.91,168.37,9,weekend,normal
57.41,99.65,26.61,84.37,169.72,12,weekday,normal
38.69,117.41,24.77,75.82,213.51,23,weekday,normal
55.59,89.56,27.58,43.71,217.14,14,weekday,normal
43.11,117.5,31.8,76.36,218.03,0,weekday,normal
48.35,107.96,32.15,70.62,227.08,17,weekend,normal
54.7,124.75,35.12,52.15,216.91,22,weekday,normal
49.52,92.42,29.21,85.97,287.08,13,weekday,normal
40.0,94.11,32.29,97.78,236.23,17,weekday,normal
54.1,102.84,22.74,103.87,158.63,21,weekend,normal
47.92,98.78,31.04,79.9,201.37,11,weekday,normal
48.89,115.35,28.89,75.34,154.87,11,weekend,normal
49.48,95.67,32.5,101.61,200.88,4,weekday,normal
36.55,78.79,28.59,78.79,143.72,6,weekend,normal
38.76,127.09,28.12,69.89,190.65,23,weekday,normal
44.11,138.3,25.88,65.16,195.69,12,weekday,normal
54.1,68.65,35.04,83.31,146.22,8,weekday,normal
40.71,109.6,26.93,50.45,200.63,5,weekday,normal
61.89,114.94,39.32,92.39,185.07,20,weekday,normal
52.02,104.87,23.44,54.14,156.24,6,weekday,normal
53.64,131.48,35.86,62.28,236.91,17,weekday,normal
46.68,73.16,19.12,79.64,186.1,14,weekday,normal
34.04,88.73,29.15,101.18,245.03,7,weekday,normal
55.32,102.14,27.06,70.97,208.21,19,weekday,normal
42.78,118.4,32.2,59.24,184.37,15,weekday,normal
35.08,124.15,34.08,91.01,161.31,16,weekend,normal
41.65,75.88,39.67,68.39,153.06,2,weekday,normal
49.2,64.47,27.34,49.81,207.49,12,weekday,normal
26.22,115.59,26.32,84.09,214.58,8,weekday,normal
46.64,102.33,34.41,71.67,166.4,19,weekday,normal
60.08,103.29,29.32,71.34,151.66,14,weekday,normal
50.32,116.08,26.82,86.06,227.97,15,weekend,normal
61.99,83.8,27.77,87.42,229.75,15,weekday,normal
45.97,95.2,26.45,63.73,166.93,18,weekend,normal
61.53,110.47,21.65,76.84,192.61,3,weekday,normal
36.58,80.98,37.82,51.63,220.67,18,weekday,normal
56.0,89.15,32.44,71.14,155.92,18,weekend,normal
48.92,102.1,21.95,61.84,164.93,1,weekend,normal
63.55,110.47,37.5,71.85,232.73,5,weekday,normal
45.88,71.07,30.89,68.86,164.36,12,weekday,normal
39.47,113.34,28.94,72.27,202.76,14,weekday,normal
55.07,108.74,32.65,49.93,203.93,9,weekday,normal
66.47,83.15,27.82,55.23,152.11,21,weekday,normal
52.36,144.98,23.42,71.75,239.29,9,weekend,normal
49.58,80.99,27.3,97.42,137.66,3,weekday,normal
37.85,114.69,29.63,85.98,211.13,13,weekday,normal
59.47,105.55,25.5,81.51,181.63,7,weekday,normal
49.48,91.73,32.54,66.07,204.13,5,weekday,normal
57.01,101.8,36.4,60.83,190.61,11,weekend,normal
51.97,110.67,28.17,84.37,154.73,7,weekday,normal
70.4,157.09,18.56,57.53,188.03,5,weekday,normal
44.43,71.03,29.17,99.48,219.11,14,weekday,normal
44.79,45.78,25.75,74.35,190.29,18,weekday,normal
60.13,79.8,28.93,105.22,180.94,13,weekday,normal
60.38,99.4,28.86,100.55,120.66,2,weekend,normal
60.7,113.31,25.69,81.32,164.45,17,weekday,normal
49.87,101.93,23.16,80.73,170.35,9,weekend,normal
52.08,96.96,30.06,65.32,233.53,13,weekday,normal
36.53,130.73,26.16,94.83,184.48,13,weekend,normal
48.39,84.18,38.72,69.28,220.29,21,weekday,normal
52.77,133.25,31.23,49.67,168.92,6,weekday,normal
52.77,112.41,26.33,92.31,117.42,6,weekday,normal
42.42,129.99,27.63,83.19,239.33,20,weekday,normal
39.01,81.14,29.24,67.28,169.17,21,weekday,normal
60.44,92.96,30.49,78.97,237.32,22,weekend,normal
58.87,70.77,33.08,75.49,191.28,10,weekday,normal
47.68,106.0,35.72,97.17,255.2,17,weekday,normal
60.32,106.42,29.64,59.9,327.33,9,weekday,normal
59.39,140.17,32.28,97.35,217.73,14,weekday,normal
33.22,101.62,32.13,94.95,145.39,11,weekend,normal
48.96,69.65,30.49,65.39,221.99,22,weekday,normal
63.39,118.88,28.96,81.31,215.02,16,weekday,normal
34.1,81.73,30.71,83.22,150.63,21,weekday,normal
35.49,74.61,26.73,119.68,173.61,23,weekday,normal
56.27,114.04,24.33,63.29,182.38,16,weekday,normal
62.92,84.64,37.22,46.12,214.15,0,weekday,normal
47.2,88.02,31.08,44.85,163.37,5,weekend,normal
45.31,128.05,31.37,78.17,158.45,20,weekend,normal
33.01,110.27,28.92,90.37,153.09,14,weekend,normal
47.02,111.94,32.49,61.66,125.11,18,weekend,normal
35.28,72.47,29.1,72.13,225.13,13,weekday,normal
46.45,114.11,22.41,68.36,203.31,9,weekday,normal
63.11,94.45,27.33,57.85,231.58,9,weekday,normal
37.06,91.12,32.99,84.05,171.42,22,weekday,normal
47.48,108.17,27.03,48.8,170.17,6,weekday,normal
58.61,100.17,20.84,84.57,213.7,6,weekday,normal
42.24,70.73,28.53,68.55,235.58,13,weekday,normal
54.08,119.04,21.35,89.77,239.39,14,weekday,normal
58.1,120.95,28.46,77.59,155.37,21,weekday,normal
50.78,88.25,35.93,51.75,237.85,19,weekday,normal
50.99,112.18,23.64,79.69,260.16,8,weekend,normal
39.02,118.27,33.24,69.26,216.87,14,weekend,normal
46.01,62.63,38.57,91.4,246.31,8,weekday,normal
51.62,89.7,36.37,85.91,220.94,22,weekend,normal
30.98,56.45,28.86,92.16,155.14,6,weekday,normal
27.54,112.68,25.42,69.82,237.37,23,weekday,normal
48.47,108.93,30.87,61.26,215.52,10,weekday,normal
53.79,86.89,30.94,74.78,159.19,4,weekday,normal
50.88,97.0,34.61,86.0,177.28,8,weekday,normal
33.79,92.64,30.26,60.62,216.5,5,weekday,normal
61.04,59.19,32.01,79.63,295.89,6,weekend,normal
51.04,126.01,25.46,80.64,271.99,22,weekend,normal
59.71,105.1,33.7,95.63,120.01,22,weekday,normal
43.61,97.11,23.62,59.37,200.03,13,weekday,normal
52.65,97.24,26.86,82.39,259.55,18,weekday,normal
55.2,114.15,33.0,67.62,183.85,21,weekend,normal
60.05,68.26,36.45,63.67,179.79,21,weekday,normal
59.2,82.49,33.42,104.14,178.45,10,weekday,normal
42.0,104.26,29.84,81.68,233.79,6,weekend,normal
48.84,122.31,29.88,98.05,215.38,5,weekday,normal
44.77,51.8,25.46,63.79,221.32,3,weekday,normal
51.43,119.92,28.15,100.15,192.14,13,weekend,normal
35.62,85.84,20.42,68.89,269.97,21,weekday,normal
34.1,94.27,38.29,86.93,187.46,2,weekday,normal
73.86,100.68,41.08,60.82,235.2,16,weekday,normal
69.35,77.9,20.29,58.91,116.96,14,weekday,normal
61.66,75.19,22.83,74.6,198.48,0,weekend,normal
54.84,104.15,36.81,98.23,181.2,20,weekday,normal
57.75,137.9,26.08,93.96,204.13,10,weekend,normal
57.78,81.08,36.93,77.12,135.05,12,weekday,normal
66.55,80.92,33.77,70.15,265.41,23,weekday,normal
45.07,75.53,28.4,79.78,206.67,2,weekday,normal
42.42,95.49,34.72,59.22,289.97,12,weekend,normal
49.85,80.35,29.82,77.1,231.37,17,weekday,normal
55.96,80.78,29.73,75.71,210.6,23,weekday,normal
47.45,104.2,32.64,75.78,200.64,8,weekday,normal
44.47,71.11,33.96,81.97,226.58,1,weekend,normal
64.37,132.45,35.01,86.88,230.32,7,weekend,normal
41.63,76.48,41.78,39.15,220.18,1,weekday,normal
64.69,122.63,31.82,62.54,290.53,22,weekday,normal
59.63,139.46,36.46,65.17,246.3,23,weekday,normal
69.12,123.96,36.33,72.62,174.69,0,weekday,normal
71.83,121.48,33.43,73.95,168.25,23,weekday,normal
53.7,115.92,27.36,84.51,217.72,2,weekday,normal
70.78,104.28,35.48,79.83,207.46,16,weekend,normal
55.05,123.58,32.23,92.97,211.14,6,weekday,normal
53.96,94.79,23.56,70.5,135.11,9,weekday,normal
51.94,117.3,35.07,64.81,235.65,18,weekend,normal
45.66,122.16,21.87,72.9,185.06,23,weekend,normal
57.6,110.17,33.24,75.45,289.05,8,weekday,normal
61.51,94.61,27.24,76.49,209.4,17,weekday,normal
36.02,109.76,30.82,71.16,195.59,14,weekday,normal
75.6,92.61,23.03,91.29,219.69,16,weekday,anomaly
66.25,89.12,26.38,89.78,173.73,23,weekday,normal
44.18,115.75,27.38,91.31,267.04,21,weekend,normal
55.62,102.92,29.24,60.2,294.99,16,weekday,normal
49.57,115.52,27.03,85.87,229.27,18,weekend,normal
53.33,103.05,31.74,99.09,226.69,8,weekday,normal
48.64,110.19,32.38,91.79,176.49,5,weekday,normal
55.23,127.97,27.77,67.3,199.65,18,weekday,normal
39.31,96.76,30.2,70.02,221.77,7,weekend,normal
71.9,91.93,32.66,51.45,154.06,5,weekday,normal
40.07,108.6,18.78,94.29,263.12,16,weekday,normal
55.52,48.42,32.21,60.35,138.62,5,weekday,normal
43.21,114.18,26.79,67.81,117.24,12,weekday,normal
48.44,82.76,16.68,83.38,269.73,20,weekday,anomaly
54.61,133.52,28.04,77.17,231.15,23,weekday,normal
50.98,115.79,24.96,80.47,162.27,1,weekday,normal
51.29,118.32,27.65,66.36,206.23,11,weekday,normal
46.32,118.79,32.34,56.12,209.44,6,weekday,normal
43.08,90.82,34.25,78.24,204.13,5,weekend,normal
56.63,94.8,36.45,61.79,158.67,16,weekday,normal
41.46,66.16,36.75,82.81,212.64,7,weekend,normal
43.5,129.89,24.82,61.63,246.57,5,weekday,normal
43.62,74.24,36.05,72.76,130.93,18,weekday,normal
46.69,99.7,23.88,100.74,180.63,20,weekday,normal
35.8,124.5,35.29,78.28,153.58,22,weekday,normal
35.95,130.68,32.86,63.0,169.46,8,weekday,normal
55.43,94.98,30.85,82.49,215.14,19,weekday,normal
55.54,65.88,25.57,72.87,148.16,15,weekday,normal
53.11,104.62,35.99,63.17,269.45,17,weekday,normal
63.75,106.66,24.96,75.37,202.78,18,weekday,normal
41.18,108.48,29.89,93.6,184.53,6,weekday,normal
32.75,93.89,30.34,84.06,124.15,7,weekday,normal
57.85,97.24,21.51,72.27,205.68,20,weekday,normal
32.53,86.12,30.74,56.81,202.21,18,weekday,normal
48.63,103.17,24.52,86.02,147.01,0,weekday,normal
52.78,116.04,37.2,82.17,160.32,12,weekday,normal
70.61,105.26,43.52,50.6,268.84,0,weekday,anomaly
44.53,99.12,26.33,52.78,184.41,10,weekday,normal
45.27,122.48,28.04,98.59,201.75,1,weekday,normal
56.61,105.13,30.83,79.8,222.11,20,weekday,normal
56.02,100.62,19.7,54.11,193.83,2,weekend,normal
46.57,101.55,38.22,92.05,254.13,12,weekday,normal
51.85,75.79,28.41,93.25,170.73,6,weekday,normal
42.63,78.2,28.0,64.35,182.98,1,weekday,normal
54.47,97.52,33.45,61.16,183.54,1,weekend,normal
34.06,85.25,30.42,76.19,168.25,2,weekend,normal
79.08,99.1,30.82,77.4,164.88,12,weekday,anomaly
57.21,117.13,34.22,72.63,201.18,11,weekday,normal
38.98,114.11,29.37,58.91,253.99,0,weekday,normal
47.32,107.85,24.38,69.72,152.88,17,weekday,normal
39.47,116.89,36.12,68.64,192.47,4,weekday,normal
41.81,120.61,27.07,52.68,230.54,18,weekday,normal
52.12,119.88,27.35,89.87,279.17,9,weekday,normal
63.92,119.39,31.15,59.08,237.57,5,weekday,normal
48.99,76.02,23.47,94.59,191.76,17,weekend,normal
31.1,62.18,31.2,77.3,177.57,14,weekday,normal
43.86,84.4,34.74,65.37,245.17,13,weekday,normal
44.52,90.86,37.9,80.81,235.32,23,weekday,normal
50.89,118.57,33.7,73.01,200.64,15,weekday,normal
48.59,98.07,35.37,94.86,191.69,3,weekday,normal
28.0,90.4,26.8,106.82,280.68,18,weekend,normal
40.75,103.27,34.13,80.89,274.55,20,weekday,normal
38.93,110.72,29.04,72.32,215.68,7,weekend,normal
58.97,115.51,35.8,99.04,208.25,0,weekday,normal
47.15,91.74,30.51,71.93,154.04,19,weekend,normal
30.01,80.86,35.39,67.1,201.79,21,weekend,normal
41.32,84.43,30.81,93.46,248.33,21,weekend,normal
61.75,102.4,26.16,87.59,122.75,12,weekend,normal
44.01,78.95,30.2,67.29,224.09,8,weekday,normal
43.21,118.97,28.35,79.72,227.53,0,weekday,normal
48.3,79.15,36.49,69.84,227.64,14,weekday,normal
52.26,68.85,23.22,84.06,173.87,14,weekday,normal
48.57,103.11,21.61,82.57,187.11,13,weekend,normal
60.23,94.48,31.46,55.83,175.18,4,weekday,normal
48.57,109.42,28.38,75.62,279.56,16,weekday,normal
56.74,90.02,24.27,52.75,262.31,5,weekend,normal
51.97,108.06,29.82,53.66,214.91,8,weekday,normal
37.07,120.14,31.33,67.6,201.33,19,weekday,normal
67.85,87.53,36.14,66.05,199.68,18,weekday,normal
61.56,110.25,20.74,49.35,187.47,22,weekend,normal
44.33,135.92,30.93,57.2,124.83,20,weekday,normal
48.89,115.43,38.21,51.88,201.61,16,weekday,normal
56.15,84.14,37.97,63.88,281.11,6,weekday,normal
51.8,106.7,30.46,82.89,211.73,7,weekday,normal
51.07,73.97,27.05,97.15,175.27,14,weekday,normal
55.06,76.85,28.65,90.87,210.36,5,weekend,normal
53.53,129.84,25.08,81.51,191.18,0,weekday,normal
53.58,108.16,27.79,80.66,160.17,8,weekday,normal
50.91,130.77,30.39,73.41,155.22,6,weekday,normal
56.39,108.52,32.35,73.5,201.44,21,weekday,normal
52.1,89.09,34.27,95.77,141.55,19,weekday,normal
52.35,100.86,29.45,84.28,200.67,18,weekday,normal
63.75,105.36,29.08,77.99,196.59,3,weekday,normal
54.33,144.27,34.38,48.67,228.81,0,weekday,normal
53.31,114.06,28.28,85.93,193.58,8,weekday,normal
41.11,85.13,33.49,86.12,157.92,1,weekday,normal
41.62,96.13,21.74,65.7,206.16,15,weekday,normal
61.42,109.46,32.34,78.4,241.78,1,weekend,normal
55.71,78.24,40.57,73.0,178.86,2,weekday,normal
59.18,99.64,25.37,66.93,264.26,13,weekday,normal
51.98,95.9,37.17,81.15,204.6,12,weekend,normal
53.97,109.72,33.47,58.79,185.7,16,weekday,normal
48.54,98.02,34.37,105.58,174.96,9,weekday,normal
49.73,72.04,33.35,82.97,207.83,2,weekday,normal
45.83,99.09,26.82,73.35,196.27,3,weekday,normal
63.34,115.36,23.48,89.38,148.56,4,weekday,normal
42.88,128.9,32.37,86.76,263.67,10,weekend,normal
53.08,119.24,29.39,63.83,186.54,5,weekday,normal
48.43,68.09,23.04,67.42,263.33,0,weekday,normal
59.52,73.27,27.73,40.69,156.34,18,weekday,normal
52.28,78.86,24.73,58.92,238.46,6,weekend,normal
54.62,130.11,39.59,85.0,254.23,22,weekday,normal
52.08,109.9,34.21,77.75,250.9,9,weekend,normal
40.08,152.79,25.11,67.6,216.01,11,weekday,normal
55.5,125.69,32.51,80.21,239.86,11,weekday,normal
49.01,101.91,24.21,67.02,218.74,0,weekday,normal
42.39,90.89,20.91,53.24,158.78,8,weekend,normal
35.89,107.48,26.51,60.8,216.52,16,weekday,normal
41.83,116.82,29.25,109.43,156.37,22,weekend,normal
57.64,124.22,31.91,72.72,150.99,11,weekday,normal
67.62,94.22,34.35,73.58,211.19,1,weekend,normal
51.18,143.84,28.21,82.85,176.36,8,weekend,normal
40.03,99.11,33.37,89.68,263.59,11,weekday,normal
54.16,123.66,22.01,71.61,267.38,3,weekend,normal
60.77,106.73,37.33,91.64,309.53,21,weekend,normal
69.21,92.91,22.19,71.7,145.44,11,weekday,normal
62.64,60.73,27.53,74.84,154.79,17,weekend,normal
52.24,75.22,26.48,67.77,234.75,2,weekday,normal
55.75,123.53,22.81,86.53,187.36,21,weekend,normal
42.77,115.05,31.66,54.27,171.07,0,weekday,normal
57.97,111.85,38.54,78.43,184.68,22,weekday,normal
59.34,131.08,20.93,83.88,197.1,17,weekend,normal
25.03,80.42,18.54,90.38,226.49,23,weekday,normal
51.43,90.56,25.63,83.19,127.48,20,weekday,normal
64.9,91.91,28.82,61.2,216.32,22,weekday,normal
43.29,73.23,33.83,83.66,192.32,7,weekend,normal
28.75,84.02,27.6,86.1,168.29,18,weekday,normal
49.72,78.55,20.78,84.74,255.54,21,weekday,normal
60.76,68.6,36.42,71.41,182.82,3,weekday,normal
54.01,82.06,25.43,72.71,186.27,22,weekday,normal
50.27,98.68,33.15,89.94,188.82,15,weekday,normal
40.74,135.74,24.31,75.03,262.45,16,weekday,normal
39.02,79.62,29.08,60.69,204.35,22,weekday,normal
51.83,121.47,31.78,68.86,197.22,8,weekend,normal
49.41,104.42,25.72,97.37,235.35,7,weekend,normal
58.53,108.74,32.12,54.85,110.67,19,weekend,normal
54.41,102.9,28.21,94.5,208.12,18,weekend,normal
42.57,62.93,27.72,75.36,208.71,6,weekday,normal
52.56,78.97,37.54,55.12,233.09,11,weekday,normal
50.9,111.47,31.78,86.88,211.75,0,weekend,normal
33.36,100.92,32.44,64.33,154.81,23,weekday,normal
45.81,67.09,33.68,76.41,133.65,16,weekday,normal
50.6,95.65,32.88,47.44,225.51,22,weekday,normal
48.87,111.85,31.78,95.18,180.35,5,weekday,normal
53.16,74.92,36.2,70.59,186.86,23,weekday,normal
50.78,92.07,25.31,65.8,165.71,21,weekday,normal
53.41,130.37,30.74,77.87,200.56,4,weekend,normal
51.67,111.79,28.45,88.28,197.1,19,weekday,normal
49.77,131.73,30.71,72.17,151.14,6,weekday,normal
51.6,92.47,26.51,87.81,230.83,21,weekday,normal
46.38,121.63,21.89,74.61,171.45,21,weekend,normal
45.84,79.37,34.0,76.32,257.05,11,weekday,normal
50.98,116.61,42.06,62.99,208.46,4,weekday,anomaly
29.91,85.7,35.38,90.85,196.51,1,weekday,normal
46.29,109.14,34.34,85.06,139.65,3,weekday,normal
42.94,110.15,31.28,83.24,221.61,16,weekday,normal
41.7,113.76,29.23,91.0,198.41,7,weekday,normal
46.85,79.84,29.52,59.26,206.85,19,weekday,normal
36.6,106.33,29.46,76.07,252.68,4,weekday,normal
46.9,100.5,26.76,91.63,234.79,16,weekday,normal
52.31,125.09,21.73,74.47,244.59,19,weekday,normal
60.5,87.2,30.99,77.21,103.53,3,weekday,normal
71.99,73.88,28.61,76.79,191.64,20,weekend,normal
31.71,67.09,35.7,82.09,136.32,17,weekend,normal
40.66,94.29,33.7,46.15,218.88,17,weekday,normal
46.89,91.46,19.84,76.79,124.72,17,weekday,normal
51.38,93.99,38.57,80.95,242.14,15,weekend,normal
53.65,94.08,27.42,80.89,262.79,10,weekend,normal
43.9,127.89,28.19,99.0,192.64,7,weekend,normal
24.72,97.06,21.61,66.23,213.69,11,weekday,anomaly
60.35,122.63,31.33,99.72,262.08,17,weekday,normal
55.03,107.69,32.06,69.56,283.54,21,weekend,normal
57.13,81.74,38.57,54.76,267.45,17,weekday,normal
47.85,100.17,34.25,97.58,221.55,7,weekday,normal
53.51,130.91,27.48,90.79,264.56,15,weekday,normal
30.0,120.3,21.14,77.04,161.38,16,weekend,normal
39.3,124.05,27.12,66.22,172.63,1,weekend,normal
61.94,110.1,35.22,71.87,237.43,20,weekday,normal
50.31,90.45,28.01,78.83,201.09,21,weekday,normal
68.69,132.8,24.53,95.81,226.99,14,weekday,normal
40.25,111.19,30.85,55.26,236.62,21,weekend,normal
75.52,118.62,28.33,71.85,237.24,23,weekday,anomaly
76.95,102.17,27.72,71.05,125.93,6,weekday,anomaly
43.55,79.33,26.26,67.73,227.25,0,weekend,normal
45.46,107.9,30.55,65.28,174.73,1,weekday,normal
62.52,133.88,35.13,99.11,210.22,3,weekend,normal
44.37,116.17,32.57,62.97,182.21,15,weekday,normal
47.34,111.08,20.36,77.02,183.09,11,weekday,normal
42.67,82.8,37.76,57.3,175.19,16,weekday,normal
42.94,130.46,33.76,88.02,230.37,23,weekday,normal
51.18,126.94,31.52,67.61,193.28,3,weekday,normal
47.26,64.35,32.12,41.95,190.04,15,weekday,normal
29.11,118.58,32.92,89.6,186.71,6,weekday,normal
64.41,95.01,31.95,66.68,223.49,22,weekday,normal
65.99,105.83,25.19,94.66,165.82,7,weekday,normal
55.12,83.65,32.54,91.34,263.59,8,weekend,normal
51.26,102.42,30.81,73.33,173.8,13,weekend,normal
40.64,77.99,32.09,80.94,182.49,22,weekday,normal
45.38,83.94,26.82,76.42,200.85,8,weekday,normal
60.89,110.35,35.46,53.98,218.95,14,weekend,normal
55.98,84.86,27.2,96.35,192.65,20,weekday,normal
54.55,108.58,29.76,71.16,190.6,3,weekend,normal
54.98,102.19,27.46,75.35,243.29,2,weekday,normal
60.62,147.64,25.01,75.57,109.14,21,weekday,normal
59.12,87.06,33.58,71.61,176.95,9,weekend,normal
56.89,93.28,27.5,84.59,167.0,3,weekday,normal
46.52,85.67,30.73,73.54,183.79,17,weekday,normal
66.84,128.59,23.05,67.31,255.72,10,weekday,normal
45.15,102.13,20.91,68.78,172.7,18,weekday,normal
41.31,96.77,38.65,99.94,196.23,18,weekend,normal
44.36,115.41,37.93,75.89,221.91,17,weekday,normal
38.09,82.6,26.98,99.37,168.65,12,weekday,normal
55.84,73.16,32.28,60.66,108.5,3,weekend,normal
49.86,105.7,27.77,65.32,97.66,2,weekday,normal
61.29,103.24,33.34,67.75,253.28,15,weekday,normal
25.54,85.27,24.59,73.77,218.14,13,weekday,normal
52.11,107.11,24.11,64.28,186.89,9,weekend,normal
47.43,137.0,30.11,73.08,186.31,5,weekday,normal
46.54,108.95,31.91,78.02,165.99,7,weekend,normal
39.59,60.36,26.51,90.08,206.45,23,weekday,normal
50.44,128.34,23.48,54.86,228.92,15,weekday,normal
42.35,139.79,36.29,88.93,164.19,9,weekend,normal
65.2,110.58,27.68,86.08,210.34,21,weekday,normal
56.27,103.43,27.73,60.39,165.46,20,weekday,normal
59.81,69.05,36.16,63.17,196.34,6,weekend,normal
32.6,82.69,41.21,80.38,177.55,18,weekday,normal
58.86,93.86,31.64,65.55,236.37,17,weekend,normal
57.91,85.31,34.4,95.56,200.3,12,weekday,normal
45.94,89.81,24.31,74.9,153.95,7,weekday,normal
48.14,102.47,33.65,56.85,196.69,13,weekday,normal
40.17,86.31,34.27,58.24,239.49,8,weekend,normal
46.92,130.39,25.21,52.65,151.68,11,weekday,normal
55.65,101.49,27.33,73.43,189.0,5,weekday,normal
43.31,110.09,36.12,74.14,184.09,19,weekday,normal
50.36,110.19,28.62,82.69,208.4,21,weekend,normal
75.46,107.65,37.12,93.94,191.5,22,weekend,anomaly
40.21,100.95,30.1,75.18,214.65,11,weekend,normal
53.32,119.99,29.85,94.01,171.35,23,weekend,normal
39.66,124.18,34.88,64.06,193.08,18,weekday,normal
35.15,58.74,40.26,52.92,191.78,11,weekend,normal
57.99,71.26,33.3,86.9,271.62,21,weekday,normal
45.93,89.14,30.87,85.87,212.51,21,weekend,normal
65.99,77.69,36.33,78.8,233.78,6,weekday,normal
55.68,85.3,36.68,85.22,273.65,14,weekday,normal
42.14,90.94,32.67,40.37,210.07,15,weekday,normal
41.23,94.86,31.89,67.96,190.83,3,weekend,normal
57.21,70.18,33.51,91.78,160.51,5,weekend,normal
39.47,91.72,22.85,71.13,150.68,15,weekday,normal
39.19,128.45,24.77,84.76,113.67,14,weekday,normal
32.81,94.97,31.2,114.04,235.39,1,weekend,normal
56.23,111.84,26.15,90.33,218.3,23,weekday,normal
41.9,98.65,30.18,69.6,190.68,2,weekday,normal
53.6,102.3,31.02,48.51,189.67,14,weekend,normal
36.98,97.69,25.09,85.74,159.98,7,weekend,normal
33.62,114.86,32.98,44.65,219.82,11,weekday,normal
57.2,83.58,20.48,63.15,175.92,21,weekday,normal
48.41,103.42,28.39,63.9,189.48,1,weekday,normal
43.22,88.46,22.34,73.19,155.6,14,weekday,normal
45.14,113.4,28.39,79.12,162.58,7,weekday,normal
45.17,77.84,34.78,62.06,237.26,21,weekend,normal
70.34,113.01,26.29,90.79,244.5,10,weekday,normal
52.65,104.17,19.88,96.27,150.51,16,weekday,normal
51.39,74.71,28.83,71.37,223.77,21,weekday,normal
42.47,134.92,25.85,91.08,170.4,20,weekday,normal
57.87,111.16,30.01,64.65,180.06,21,weekday,normal
38.48,78.29,28.82,59.46,248.04,0,weekend,normal
55.19,103.13,30.88,91.21,188.55,19,weekday,normal
55.24,67.21,35.86,78.99,188.22,22,weekend,normal
60.18,65.71,28.11,80.89,134.34,14,weekday,normal
30.31,123.92,30.43,102.61,186.48,20,weekday,normal
61.27,76.0,28.38,85.0,174.98,21,weekday,normal
53.54,115.75,35.05,111.03,218.36,1,weekday,normal
42.46,123.35,30.78,76.4,178.31,23,weekday,normal
28.41,80.32,32.6,97.67,248.95,9,weekday,normal
45.94,141.6,33.8,74.23,215.85,19,weekday,normal
51.87,101.85,20.28,57.69,207.88,5,weekday,normal
34.8,100.97,33.93,87.48,228.11,2,weekday,normal
41.49,80.04,31.9,74.45,208.03,12,weekday,normal
37.37,80.4,26.63,106.11,229.09,23,weekday,normal
45.65,56.12,36.44,83.46,194.11,14,weekday,normal
39.12,84.46,34.94,89.28,196.47,5,weekday,normal
71.7,123.33,29.05,51.47,167.8,8,weekday,normal
58.64,79.64,19.65,85.88,171.44,9,weekday,normal
38.94,81.38,29.71,73.94,252.02,8,weekend,normal
40.4,74.28,25.01,63.36,218.66,17,weekday,normal
35.19,72.77,19.02,96.07,138.43,8,weekday,normal
48.5,117.75,32.91,55.61,242.3,23,weekend,normal
67.75,75.7,37.63,80.33,205.02,17,weekday,normal
61.97,97.37,29.53,65.79,168.29,8,weekday,normal
51.98,92.89,31.3,79.1,271.42,4,weekend,normal
47.06,119.13,36.71,70.8,250.35,12,weekday,normal
55.51,83.27,30.89,72.29,230.22,11,weekday,normal
52.8,91.38,26.95,75.87,206.36,8,weekend,normal
54.33,78.15,18.86,60.61,213.61,18,weekday,normal
51.97,87.2,34.08,90.41,113.32,19,weekday,normal
54.45,81.97,32.09,84.99,229.94,0,weekday,normal
35.79,97.11,34.64,60.18,207.24,10,weekend,normal
48.8,132.02,17.76,96.17,209.69,4,weekday,anomaly
52.34,95.93,40.38,86.41,208.85,6,weekend,normal
45.65,123.49,26.05,76.53,181.26,12,weekday,normal
37.52,118.9,35.46,53.68,162.02,22,weekday,normal
50.05,99.15,20.5,65.32,203.71,5,weekday,normal
91.48,119.23,26.13,46.69,146.66,12,weekday,anomaly
41.77,104.61,27.28,77.7,211.27,5,weekend,normal
48.58,71.42,24.89,87.7,158.87,14,weekday,normal
62.61,99.22,25.89,64.15,238.64,7,weekday,normal
