f0,f1,f2,f3,f4,f5,f6,f7,target
-0.47821407730491616,0.7226960095226193,-0.6977479592115565,-0.9142007753919376,0.499457085323167,-0.8623523730634445,-1.6446667136280018,-1.3910126723124259,A
-0.5655791465830828,-1.6073596570025797,-1.521296750676629,-1.3682394708654126,1.289284537224322,-0.8997878627841726,-0.4952892373237867,-1.2475986352008828,A
-2.8882857524701793,-0.9433830493699357,-1.080692134680687,-0.27104681077488235,2.206480443749511,-1.123901466865093,-0.4354807661186121,1.3806799133368128,A
-0.3650451598580391,0.4049140989591295,0.3340614282989415,-1.49714740940212,-0.3279149807136248,-0.042335658198237126,-0.47487419490816596,-1.2933620112104816,B
-2.350403194800683,-0.6582734432013181,3.409316907441431,1.478768766597096,-1.6147809600435157,-0.393757316473212,-1.5075798455720015,2.5136898731306814,B
-0.5062892120373899,-0.4177797974317798,1.1000905020287985,-1.79443867970805,-1.0454675498646415,0.9422381514973616,-1.58780066518782,-1.9409698617488214,B
-0.28638055517374683,-0.9343516085785111,-0.35878181313574875,-1.5304777602963124,0.24874252800570018,-0.6662387242582275,0.014591169133674198,-1.2036928855712412,B
-0.56312374720358,-0.808141854407269,-0.9586614562166963,-1.5400400980381557,0.7949465307269736,-0.7154716971314717,-0.6312797858834562,-1.4118273736739841,A
-2.0303293712909305,0.13829868978581025,1.3297059702403247,1.2991897674686927,0.07289973114589675,-0.33991450576921695,0.025720189757384215,2.6871343465236643,B
0.6207010603607868,-0.10910851765256904,-1.3136247851528395,-3.4846181312491806,0.3192331518447819,-0.488597581992664,-0.2076173095738022,-3.7748692537169233,B
-1.2528961207596496,-0.08360113859092103,-0.7879010607841173,1.4852935818013453,1.1906689496615168,-1.9244881610488498,-2.0724714845797507,1.0526768523032117,A
-1.4405803647482827,-1.2668944715238513,-0.5773052873583866,-1.4321144767962037,0.8849021675234695,0.04425938607032916,-0.9984482584541596,-0.8656593029868843,A
0.2701000873100907,0.5799089674719204,-0.8770995232644979,-1.738717195159402,0.19896605768597683,1.1996586758585681,-1.4798869877949101,-2.570169221697512,A
-0.8655970570170067,2.1908251598727517,-0.9747000527522197,-0.15715868006678335,1.0493421354706263,-1.3785293500432472,-1.2606801052694268,-0.2891337204459002,A
1.8534433171792664,0.3675223025093705,-0.9857120251894376,-1.136469284355792,-0.49486386765203044,-0.6162205534066079,-2.1715273830350252,-3.4619762147497513,A
-0.7791608039174667,0.24919854273565617,-1.20144974397101,-0.725500768715606,1.1498150421907263,0.4214734498759029,-1.0270012292485602,-0.7619511603480972,A
-0.4204958049144375,0.683418504623424,-0.6708936266721433,-2.5048166014201145,0.34449264853786393,-0.5941345767748866,-0.8986273144547322,-2.4740042913673497,A
-1.284424019220317,-0.7093787075578609,0.46887845120222416,0.1831131000154087,0.29111935912527187,1.876173413227712,0.1859707673987907,1.1753195271666081,B
,-0.9420659015623665,1.8229660088511246,-2.933676560183148,-2.0310543733010458,0.4540138017167675,-2.7364517401857706,-3.6365501769259767,B
-3.5787079122098704,0.4753660343472122,2.226481145753792,3.689758108299813,0.4329994597528397,-0.14634235365483608,0.3973211211488854,6.15098114740793,B
-1.9460357309057015,1.4812385485888035,-1.881280465726096,-0.5259620294488037,2.4524959544081137,-0.47857744462146706,0.32025788336600614,0.8101811931644566,A
-0.20217150990204857,-1.748381656140865,0.2469989856668392,-3.191901758071903,-0.6970894367010947,0.13309373513678405,-1.821933928666273,-3.6021108473858696,B
-1.0666422587211892,0.3712128680568303,2.2147876933145643,0.027203796272506908,-1.411142595494305,1.1532385785452397,-1.1925039489836011,0.3807828744779288,B
-0.43876953933362783,0.4615124050158089,1.0674544289524939,-2.2823847509936126,-1.1189275880721226,0.9034807085406811,-1.6585241714931342,-2.4614275870865834,B
-0.944830073536845,-0.6166050540454969,0.4746413071286526,-0.18379985734838156,0.05508386709823088,-0.37617660278168846,0.003767643914631691,0.5269791531634175,B
-1.6263359144884482,-0.24091124509361989,3.232100012073074,0.14127433641041032,-2.060553977176182,-1.5456501396999585,-2.1504992616012073,0.4879079391238695,B
0.03637875191109141,0.8537246722572774,0.06718645371742238,-2.471078056430094,-0.49215144734805577,0.23632590272777546,-1.0554940492353966,-2.754204791569479,A
-3.1154204380542314,-1.5247054499878059,3.0088103186442923,3.3199399384449864,-0.5440542714322298,-1.3535598561343933,-0.21472181670203838,5.282348297418301,B
,0.04611410620104406,-1.1969495494671778,-2.0696395193676134,1.121735704723794,-0.050852521241074776,-0.14229886732521668,-1.4704058862849039,A
-0.4282216926729483,-0.41445810177032616,1.0638881967801173,-2.498418832019425,-1.1824499645186095,-0.608586086006421,-1.9625578819700782,-2.814378987910427,B
-1.9609926825496369,-0.5626134828286562,-0.6726112501832224,-2.0385150934068412,1.2356640506830139,2.278248703181248,-0.20591813654799584,-0.6677362757712672,A
-2.9064087022595517,0.6546541629080077,2.4156284812402906,2.6214957776833407,-0.23803888454910557,0.18465277590460072,-0.12150663375016657,4.501437442766141,B
-0.09787153767901657,-0.510334983207748,1.1109910169416375,-3.000819481519749,-1.468697910157004,0.21174971808112725,-2.1867524389187496,-3.5942065828154317,B
-3.5055175797484255,0.906857695125735,-0.5104932042275011,-2.070933578181501,1.9172800464501412,-0.2154982023198693,0.3271502364047052,0.6329170750923582,A
,0.2917303772534079,1.1794063971167823,-0.4672706338358321,-0.5898649801883247,-0.18317826890522865,-0.6029429593134704,0.08724669539535207,B
-0.24557372231899366,-0.13678327496942902,-2.610226647103798,0.7370542048907001,2.2764310418925584,1.0898355364504335,-0.44052515604003695,0.32953714574358045,A
-1.3356329898518071,1.3669904326788433,0.18576339004093434,0.0008486735706378923,0.5352407857696732,0.23320596398520743,0.28267800716654445,1.0659232349360233,B
-0.47963862479075714,-0.7290791631026989,-0.6572745118489562,-1.9315854002054478,0.5081436763101083,1.0479129691305784,-0.23644802710267399,-1.5884390018529413,B
-3.3679036109763696,-1.2879473895179996,-0.5121216508506704,-1.1529491342131126,1.9329192623770155,-2.631431883419906,0.0780996025363796,1.234739065196304,A
-0.48005962611944275,1.497368970934125,1.3602480071472,-1.8129309867484564,-1.2734974896552047,-0.5045524370842177,-1.603397676736515,-1.955737378603644,B
-1.446767499117164,1.68354649877845,-0.04050127426891348,0.5651811041295338,0.899045542927394,-0.5271213854151164,0.7817639117475348,1.8717464066891945,B
-0.3075095903577715,-1.268035549501153,-1.9399444729881883,0.5242631743050796,1.662114583819735,0.12332907439053986,-1.0866531105782724,-0.07223702119699196,A
0.2118902292692031,-1.3454848362522223,-0.34975843998037215,-3.870088933900273,-0.4690567218710329,0.6820595085768006,-1.5825581776442663,-4.4307783428744365,B
1.6186882680920132,2.041745910562852,-1.9309888957926575,-1.3881539288884288,0.5150327504914799,0.942312210267868,-0.808018106960078,-2.9434629223344353,A
0.07046463114428136,-0.13644746335417146,-1.6017081863296734,-2.562171324135184,0.9469791775738099,-1.617833905558322,-0.0885516702230188,-2.5490415940303017,A
-2.0394282795830363,0.1849008169289769,2.481182551441952,0.609447767078307,-1.0858874034869574,-1.0529650784003068,-1.2295847646667661,1.5686146256936948,B
-1.598173278771877,-0.09772305307091878,-0.17015036341001644,-1.7715991188303946,0.5748459603885371,1.4117093759314558,-1.1344696241414571,-1.0877069012670106,A
-0.432686752693757,-0.7054256480791758,2.5330467656246034,-2.3184717073104713,-2.4509647053508035,0.06231564543053688,-2.8235943885918817,-2.928087644266659,B
,-0.3682252752410914,1.912944600537327,3.213716468878463,0.4378075577076438,-0.45973073137422704,0.3040250045893489,5.3947488867710005,B
-0.5786194977564085,-0.47700237991295996,-0.8585866454033649,-1.94331919578207,0.6612980068020674,0.6664503167133892,-0.7300653231443742,-1.8006062840401087,A
-1.5609405996108534,2.109444594642459,-1.4253802776309654,-0.8631192713661106,1.796030303750528,0.7846003184367084,-0.17572403463786268,0.04755695536711292,A
-1.1520522000649094,0.293393955641903,-0.5104609594663665,0.1490831049438206,0.7741287662230775,-0.07496495083904774,-1.9103207846247612,-0.09872424972457017,A
-1.2343454555601516,-0.6075263423464762,1.0404466949933047,0.47616147931483344,-0.16969899440490055,0.7607696419593537,0.11989592867730514,1.430097802424069,B
3.2519527763790785,0.6349078041137199,-1.3673827187976582,-0.18411407465876417,-0.8753926724916118,-0.508717221097844,-3.2155765381666352,-4.12134971458843,A
-0.9712598763845681,1.3668364606054457,0.4513564141056312,-1.0324502076132767,-0.09185255539370607,-0.8442790185229957,-0.6569157046022363,-0.5469642843497488,B
-4.490236005679968,1.8606844458705387,-0.3695555680832243,-1.035080099979274,2.3741372685674564,0.8593100976934448,0.025630639861387028,2.0882410152777684,A
-1.636615874468697,-0.5021030040988799,-1.690529338687551,-1.858150132692589,2.0237500233462633,0.5586909660332754,0.645750766748258,-0.405978040971565,A
-0.03677921478713242,-0.803363796060271,-0.5880630048452775,-1.1586610026443271,0.1325610785297031,-2.129976875582947,-1.9255642008910439,-2.037467398161841,A
-1.2163711777518142,-0.9642946397563682,0.2393962390253377,0.07182874412611406,0.4477123898901621,0.9358815562717159,0.33254210474491064,1.0792540637182537,B
-0.487052394647122,0.6481372699075333,0.07601618544672373,-2.443145463543324,-0.24565667867697116,0.7558549597599394,-1.1043470207171928,-2.398586219630996,B
-0.3318857616428159,0.5791780192917145,-0.06377452543738682,-1.0772334777433867,-0.19212880530467036,0.3482722264027249,-2.3846730644486316,-1.9401734454080077,A
0.2305038252498277,-0.26899450730334135,-0.06518304496088878,-3.4236257311357723,-0.6211793325017151,1.565171932528877,-1.2873729176531294,-3.8666489893358045,B
,-0.16858962081074902,-0.7375625595815898,-1.3057742629510785,0.027057101757793103,-0.6476880256834309,-1.705734235579758,-2.3990669115488976,A
0.8611815468342316,-0.07582362151826307,-0.9138528498307462,-0.4938939320590128,-0.031617764328576256,0.8755079805115086,-2.525080688492231,-2.3862010048493327,A
-0.6985386129083324,-1.3767297025036298,0.15619787015703823,-1.540444191888462,-0.04108949595858865,-0.4642210974332259,-0.6078237527898467,-1.1916920997197702,B
-0.47926663942378145,-0.5618856635474287,-1.5874931532455854,-1.2138951573262968,1.3112982815007121,-1.3286052195955633,-0.5650299547079606,-1.21006399938393,A
-1.7378023900094772,1.4567099500617942,1.4369096984731762,-0.19512228233941276,-0.485621661643497,0.3118141834772605,-1.2556777702979174,0.5230214755255658,B
-0.6290472097568636,2.082348744095585,-0.76957605211284,-0.9250788827765211,0.6785679764388526,-1.1573199869844844,-1.227646922219485,-1.0970775081059232,A
0.39765039817330483,-0.2458499789779966,0.6548462652740636,-2.985530717798922,-1.2542701511839847,-0.614236618548697,-1.4567392817690281,-3.5977350524038987,B
-0.6016122481583634,-0.3695688528537811,-1.4955031158157788,1.7341327584107087,1.4846686913677833,-1.1235162049108292,-2.0019572713733558,0.7952382787522477,A
1.0385175729917995,-0.049376903556185035,-0.9556296730372107,0.05776446146197123,-0.036274372226343506,-0.30296445490192875,-2.6824356547364854,-2.0967266184669096,A
-3.221703526832677,1.0382395928657568,-1.9361660832990748,-1.4194340078267145,3.096912462920606,0.08636756707342344,1.041099449393391,1.231093635686986,A
-1.5415169795377892,1.0845270464950882,-1.2040172846931418,1.0497841620122252,1.6660009390034003,0.4899405828000732,-1.6511895187304808,1.0265260460808372,A
-1.4398823430391285,-1.2960236202513922,0.2396975554125379,0.009094624246375194,0.5192814447729258,0.5070812587595488,0.07439309461344745,1.0450591847144348,B
,0.46955916935292735,-0.6811950928105688,-2.290484838828583,1.166425672395802,-1.006560991087902,-0.17389060677519907,-0.9462871357245618,A
-0.7709724316383795,1.0541286760189787,1.3339843443066703,-1.597645902300381,-1.0861694975365757,1.4935827693088695,-1.6220507848398822,-1.5786623081106865,B
-0.8347300882401726,0.2276532826313042,-0.8441956875750001,-1.3525245953521692,0.7909990223270689,-2.115919995470992,-1.2041028610493498,-1.3357371547092636,A
,-0.40421701197361,-1.0981455047144415,-2.2881816119821625,1.4880504134871837,0.12941125827559766,0.037861788542757235,-0.9394690320204632,A
0.150459069037308,0.7579053961110119,0.7827587794257652,-2.65172198977839,-1.1956685540342038,1.459107157301978,-1.4449326043440667,-3.112907598638476,B
-0.3212194577233348,-1.357402959786211,0.010791682262335733,-1.9939949116481288,-0.3166196858718986,-0.26278338898246867,-1.939734469291201,-2.5353629284994317,A
0.6612295740092369,-0.5572803003627007,0.16481079605015936,-3.8956614010815027,-1.1369005511874841,-1.4568378693933226,-1.8184900451947152,-4.821983056658211,B
0.23555331791081802,0.7581061985174717,-1.2245989532688442,-2.0587037496971385,0.5315660069948546,-0.08721559841564996,-0.8576356337213364,-2.5570889691160077,A
-2.6449035825509917,-0.8386895237038932,2.625995199510965,2.587027997772193,-0.5521711187475683,0.4028217210829767,-0.219385609139381,4.266683840964987,B
0.48197080223204014,2.019837891654255,-1.7323123294308227,-1.1182178602304997,0.9258280336754569,-1.830391131909148,-0.9485855004782571,-1.9826725313790565,A
-0.9687506714860534,0.17367664613852624,0.7905269558612841,-0.676773017150544,-0.3220006815412443,-0.701337191602714,-0.6261173015513908,-0.17987827021901404,B
-0.830839064220998,0.22987220812393777,-0.24500510884986282,-0.1182259951544321,0.6741352458131961,1.4798860999138403,0.7175174895798944,0.7907439305060356,B
,0.13418517417771947,-0.7427517778851942,-0.05776376505554881,1.6253011886057667,0.11278786262909331,-1.075996863385575,0.928071976417135,A
-2.702919685692419,-0.207631052982379,-2.4298281214362007,-1.0878817431184447,3.315282651577433,-1.7499778742187968,1.3123246393728083,1.2603292981238317,A
-1.3368111034609729,0.2767090439049846,-1.6363494150327225,0.19861899079755885,1.934510637955128,0.732140563485116,-0.6151442252390347,0.6017914840412681,A
1.157795389604309,-0.3885741032391265,-0.27509582674377586,-1.2945581295245174,-0.8520203677151753,-0.8848163666896469,-3.0468599273719,-3.4967155614998715,A
0.12986373412436714,-0.3175731988237379,-1.0848708310512145,-2.6771221080317704,0.44461071142001984,-0.6754614448557782,-0.43324037726738585,-2.8104885828985515,A
-0.17020096553828,-1.1096455045207572,0.34608147715928417,-1.3455139637290132,-0.6859824964874983,-0.8398252474521676,-2.8142784143791086,-2.4616272385799203,A
-1.000936503446437,-0.42642702511316743,-1.223747152598363,-2.250996503277655,1.199237549655227,0.08966225110825957,-0.10869563210805999,-1.5163999580435585,A
-0.44600786024111116,-0.004824621905130248,0.16779875522188104,-1.6178535454719443,-0.1709364194387318,0.7730133622538113,-0.5010839136889993,-1.3769987545592037,B
,-1.4187085375474735,1.2314787625556844,-0.3906216608553944,-0.34050262360199346,0.21364588151247146,-1.2103047199830654,0.34491512050886075,B
-0.6847432625842229,-1.1859110092328462,1.4998910903932963,-2.318573965318261,-1.4354638747541324,0.34489700824991926,-2.3609783810550447,-2.634123641394669,B
,0.08478286464395876,-2.9393073513972157,-3.0353907618920775,3.2238322562941586,-0.08465254184842787,2.441332722675918,-0.522343982989253,A
-1.7035282417656759,-0.13388892656571572,0.9162331425691052,0.09882364491717666,0.04632152044885633,-1.006979473446641,-0.47359161631436353,1.0998998406867773,B
0.7184817120950002,-1.1022803218631494,-0.8957743124718772,-1.250760096404785,0.038097460737095065,-0.8499195456886461,-1.6135088588646103,-2.506703071757409,A
-2.2680295086161384,-1.6239572087610412,-1.8730388408235163,0.287983887858243,2.6267969380331544,0.16156301343998902,-0.32166883873216345,1.4341377562754796,A
-2.1547137206007347,1.209266110968739,-0.6219205190104891,-0.6598455607457818,1.370224144003589,-1.4395640533761842,-0.9386570930166322,0.3327840786566405,A
,-0.0486068948728155,1.3828988331921974,0.2634641891599323,-0.24821066761539282,0.4486131033181622,-0.9045217529681413,1.2382276830008307,B
-2.5848213346201083,0.9626689195855317,-1.1002535981520838,-1.440978484427898,1.9898600230648642,2.363717869296701,0.053630062018836355,0.3734499881283847,A
-3.654151742694354,-1.2416162197960277,-0.4690368519894834,-0.4352131824902984,2.050832428115928,0.16626564590073342,-0.5555949373753075,1.7563499310221768,A
,0.20764933540409175,1.1845331376260875,-1.7281852892426226,-0.816072490850599,1.0599405560591506,-1.8105778264387995,-1.5475926931891908,B
0.09100018887517858,0.15161882736063023,0.17802487318594473,-3.7363291444061435,-0.8647961834432043,0.025426702611634773,-1.9495467219343867,-4.358078450418209,B
1.3940119677798797,-0.8600608551230751,-0.6647965567418919,-0.12387938953187128,-0.49474009777991607,0.5568411785529204,-2.912620983525319,-2.584452326800007,A
-2.419724573587623,1.0763719952411803,-0.9647597965536434,0.873522402679725,1.9251985743497961,0.5923519211081734,-1.261728433559043,1.6838390885995926,A
-0.2792827049157489,-1.9334411067859811,0.14492073439891662,-2.386166529160864,-0.40372891476533435,1.688793913309905,-1.168150752417193,-2.513056706408454,B
0.2579745718629476,-0.39231476873390336,1.3849285109962055,-3.29483662099234,-1.9307778604803894,-0.42251273442204323,-2.448246329083184,-4.200025129816632,B
0.445196700800075,-1.5649133692192694,-1.45542044051841,-2.115045302505611,0.6224706013212863,-0.21719335006096485,-0.746843638834627,-2.7179807526262496,A
-1.7990376075185004,-0.05201968845801409,-1.3786820710249221,-1.6305656667592654,1.7927812154324994,1.6415269486441515,-0.08434561985248512,-0.42612268664474545,A
0.45761955286734546,-1.381109755914747,0.26217343926578507,-2.9806221719112846,-0.9260377138514622,1.3851489252123237,-1.1270064644942506,-3.509828959989657,B
-1.0050813827626182,0.2560548642832593,0.7529900499853623,-0.6326720303105077,-0.2516658158851676,-0.32323796452209,-0.4813113923878728,-0.04722490406269874,B
0.1784811683820795,0.5237602174456797,-0.6005544689331871,-1.7124346856831218,0.020602325325095757,0.2714214938009425,-1.495922663517814,-2.463684108247153,A
-0.16418193010069404,1.0499842925713831,0.23432880107337972,-1.671788190833892,-0.3660721642976153,-0.31778060433606964,-0.47370509854353526,-1.5951890766940435,B
0.607693821528456,0.5768381678745935,-2.1105028790271145,0.03290970432844231,1.2954707411465876,-2.3917216577127935,-1.0728319337362437,-1.141507168041093,A
-0.99548541573269,1.4703207720364857,1.3935056011375468,-0.2647723288514624,-0.7537744622391302,0.3254317585362977,-0.6692542769018329,0.24794278596362698,B
-1.1079363035878211,0.8119403283952916,1.0460593366079871,-2.2012565015323053,-0.8204410496300717,1.337831020966117,-2.140375513719407,-2.1799678906550577,B
-0.6439444168968282,0.6564812118350916,-1.058624650420666,-1.7019525069982508,0.8726914308596312,-0.4907721298228808,-0.8333185802191203,-1.6135766328861143,A
0.4370101690359993,-1.0369510059749418,-0.41207041892213625,-4.081888505790936,-0.5496796535893519,-0.04820608148706246,-1.5448001800758746,-4.759936419542619,B
-0.30329581913768044,1.8822922338341885,-0.1204003879370541,-1.9248588899553851,-0.04293695722956276,0.009931019733270987,-0.49409921203848517,-1.7745873033031556,B
-0.3501305333780176,-0.5030805391046554,1.400594489171025,-2.536493154822756,-1.515844709849741,-1.2500684892063942,-2.1119274886416113,-2.9407782722533136,B
,-0.20521297449919623,-1.5644769619584151,0.009632691692840867,1.0132886309703337,0.8578831061314305,-1.4175855311792809,-0.995780374325435,A
-2.3095398674515684,-0.30125523532680115,-0.8620719184893157,-0.053597853832805686,1.7172299457355809,-0.3173455927286084,-0.9093967786518619,0.9685611635699253,A
-1.3730285521748515,-0.6498214781408206,1.8100071908422841,-0.7816491238984371,-1.0716601905060394,0.1339599071656446,-1.5507795438698393,-0.3565693502608065,B
0.349706915928623,-0.5491469770457174,1.174423723585669,-3.752109633471401,-1.8738011295052472,1.269678839602134,-2.568902073042022,-4.753189556248446,B
-2.4523981386329567,-0.8859543132945961,1.588427361520711,1.7722560196639536,0.11746438996993909,-0.09117423351856317,-0.04990675576753134,3.3846014283943076,B
-0.5406098534455603,-0.8343641789960169,2.493953376692213,-2.3084179116494616,-2.3808362595458203,1.1714263477638722,-2.958030944824676,-2.917589045684463,B
-1.3534856464164515,0.42530240422786164,-0.6741454040299109,-3.1926929556820447,0.8165580540268585,2.218739677200842,-0.07096104132769576,-2.0423579212401743,A
,-0.1701796665065516,0.16905551074280145,-3.5310185977769546,-1.0955110854853096,-1.3140673085340397,-1.418439395342979,-4.358095205020001,B
-4.021540420091944,-1.5608909027540654,-0.7761659086742668,0.800593589187705,2.588316772828648,-1.4280308331007647,-0.9024030019623229,2.9027335035199533,A
0.5485743276397477,-0.3489846966235856,-1.7239694394345142,-2.1740141218113838,0.821333708251906,-0.35508389822404607,-0.4145462221819338,-2.7021894824662582,A
1.1213427414274402,-0.8702675501809736,-0.9094721698293842,-3.9040679953293567,-0.3628174103974237,-0.21371215199588148,-0.7137690373983534,-4.699735481975637,B
-0.3358571199245126,-0.3359795095729449,-0.8589268858598664,-1.0635050662311745,0.5312101240131836,0.4327285991301843,-1.7437504328416935,-1.687338746816472,A
-0.583870468779534,0.8328993285973896,2.370397776660623,-1.7800697923771391,-2.1261951276932396,0.25178770689393903,-2.357813165584857,-2.128343415735793,B
-1.5081728567760475,2.2567513964341175,0.964831888263114,1.240098704318601,0.1659300226704169,-0.30742344459825993,0.5372464953952498,2.499162646459531,B
-1.4326699855255014,1.2914035482160082,2.0336751697750586,-0.008767082523471581,-1.090164348871714,-3.3868137614883,-1.1984792944063016,0.5743458801758955,B
-1.40532385348686,-0.46040661563924223,-0.6263231217495067,0.3751998102581622,1.3629766764545346,0.8647446916408404,1.053882545982181,1.7489223729227958,B
-1.0305610875092432,-0.5454459989397435,-0.1617975625598178,-1.197828412816006,0.3031814933849343,-0.04903337343347808,-1.6206332067805849,-1.2022226326908105,A
-1.6737913892728695,0.16135792464250795,-1.0237652838328093,-0.24900877663284038,1.5007193838230042,-0.3947975629240973,-1.0244905129058364,0.28905891725537225,A
0.6243749213296967,-1.4507119177434764,-1.6375574036019749,-1.539445414301329,0.7268751925458229,-0.3167533293985182,-0.963265109039868,-2.452727797460033,A
-0.21298500678477095,0.055575559998159926,-1.7593410674247076,-0.7187371825904849,1.389410649606118,2.546833281448644,-0.48534931186890884,-0.9260523016476531,A
0.8661214711342171,1.7218511629443316,-0.6179828047978214,-1.5310683926372781,-0.36984739511331777,-0.08425944683450466,-2.273431204952723,-3.1587607952943575,A
-2.067600516248517,0.5980576964529088,-1.1254128412961444,-0.5351361913301844,1.7753248750829183,-0.849386915155905,-0.7316325661439126,0.4361631002528625,A
0.33963488545692244,-1.880443055124838,-0.5285959348191438,-3.88481680967931,-0.3731496159278934,0.49317200320172117,-1.4533174522118564,-4.484360801107319,B
0.023714358225340737,-0.4358303409215121,-0.5591273265699197,-0.8355149439554136,0.13730388700858395,0.06929406054888966,-1.7624356205114369,-1.7049071311477588,A
,0.2859186604759825,0.11224276153861901,-1.7945011175566419,-0.08729033691389713,-0.8189966901586768,-0.7291769160744563,-1.535625147983801,B
-1.3030712121735533,-0.16719614307235198,2.201027232373325,-1.7617072032740804,-1.6777760128501154,0.666166065471662,-2.728343539632938,-1.8288083057913822,B
0.29025435118863885,-1.7002048745480662,-0.4833021557714867,-0.9988560526959439,-0.11325011111856442,0.5283030346669183,-2.098796621348406,-2.1919070628814916,A
0.39440465454003104,1.7820783180614812,-1.5426418153893344,-0.6619843211291785,0.8312838173134837,-1.0651846840834458,-1.2790808231865578,-1.6616780931706052,A
,-0.3548073501842204,1.1011707287866137,-2.541945327242378,-1.294665909144152,-0.378295274261212,-1.826333065905767,-2.9090629853574477,B
-0.6993555125164787,-0.040571826745175454,-1.2891548188340072,-2.865431015678315,1.050094034949145,-1.1786630894712498,0.05686421468114866,-2.193205678955413,A
-1.098292786678441,0.1317198895343158,1.855562653167318,-2.14916760605145,-1.5281769958273401,-0.8988606069585929,-2.590689224364257,-2.2807584640380023,B
0.2640214398269145,1.0653476265416306,0.09631834397458361,-1.6510695739704935,-0.7004528697854364,-0.6343431058356785,-2.539045330824887,-2.9166510420546645,A
0.4139271919559837,0.8293248239281591,-0.6883188794670914,-0.5656629504290092,0.043955299548359375,-0.5818378319170209,-2.1062930233209824,-1.9139344561830955,A
,0.5623166206232582,4.059936852070676,1.444625602580048,-2.1696414739720633,0.4172634478581861,-2.1619213146643617,2.2970690858645484,B
-0.37666790437129427,-0.8224315772548629,1.2341136161930955,-3.1045066963732246,-1.500538036020627,1.3169588366867038,-2.6675746598526935,-3.7263309508266818,B
-2.012829154151774,-1.1230605601445518,1.2234671281020875,0.7151579973455575,0.030294043644026467,-0.3242248189982904,-0.40532648158092166,1.9262791729180013,B
-2.7640332923510087,0.2018995596284508,-1.4570274111740156,-0.3410363595872967,2.484913680629408,-0.7779188126673808,-0.07200923544285598,1.3768114176477315,A
-3.9802661026364863,0.08106287069365692,-2.9968816611334868,-0.5712144652189622,4.568707617009408,-0.8049906609302881,2.2291977968039927,2.9865314205649636,A
-2.158477964866549,0.8592572249998405,-2.033884274575393,1.1437637747786722,2.7901346624881698,0.34617774583274147,-0.46527919481232705,2.035537310203109,A
1.1457937171526327,1.2820989209585543,-0.4882442180838733,-1.3798226155094566,-0.6026738089356211,0.11686938234111337,-2.350691970768435,-3.2380447042270166,A
-0.969428634977098,-0.02809031340802223,1.5127075778444374,-1.2870780943940323,-1.09212093248662,-0.22012368028997004,-1.5816195838477665,-1.1278868760473602,B
-1.8351906963815936,0.7888992980334508,-1.302801764947655,-0.13966129257144544,1.8792616304115728,-0.27191200107343627,-0.5074098795168149,0.7259533624249374,A
1.558029000197402,0.25796216158165786,-0.7783981325902054,-2.336664727169887,-0.6200983366738734,-1.0195616317198861,-1.8003624253185562,-4.1262595670102575,A
-1.4351236548067512,-0.9049146520560105,0.7147216240436157,0.10287086649689647,0.12456477741800112,1.455060582481769,-0.08170801872652134,1.0972189025784984,B
0.45570716788902565,-1.4037566450525831,-1.6542785831538294,-1.706795683283847,0.8203960973565692,-1.4531651462542776,-0.8113987707097772,-2.413671543412558,A
-1.0359936813325885,-0.018303484021489465,-0.059276497799917616,-1.6187120236050545,0.15043297602052114,0.39724460924145283,-1.8062958895759107,-1.6568459806495017,A
-1.5445484201722386,1.3560781468067082,-0.2995908285144734,-2.1070369777272906,0.6168457657184055,-0.7945605274085543,-1.1040150300935492,-1.4219596816706412,A
-0.17368614349892886,0.6624810601645157,0.06041025440640957,-0.4353380873187396,0.0891156958473706,-0.8662269480072499,0.9107756578642456,0.19172825964223592,B
-2.1414942352479436,0.048668736883050644,-1.6818803757094853,-2.6391994018424487,2.1876627518059815,0.9568568792755741,0.801418305538252,-0.6830195992461913,A
-0.8991303701198288,0.1130961378202375,0.8727946068560306,-0.23734173856963603,-0.3198717279525502,-0.9393267378659398,-0.1944341836733714,0.3906505770229289,B
-2.9418597422578485,0.8065641766809994,-1.7573470575606762,-2.054294166250362,2.791009457091386,0.20604951787951314,1.4938850388357499,0.7204354477963003,A
-2.036024171042083,-0.5722970527840657,-0.22162066072180242,-1.7516955995612804,0.8381465008466653,-1.3210064958651702,-1.091250919367166,-0.757340805550618,A
-0.7580135458706239,-1.2829393292982947,-0.8644571416003,-0.7179560378529218,0.8262577935235338,-0.9218709716032621,-1.3770180519586306,-0.90964895175856,A
-0.45657611424336975,-0.26095483295925803,1.6185022513497636,-1.764419008185448,-1.5029700871800755,-1.2877754452982377,-1.7258865011910607,-1.9625949045898428,B
-1.9065419809075763,-2.6237882355492657,-0.622270325149038,-1.4481268180512212,1.1804519465984957,-1.220670049681913,-0.7128558745118514,-0.42612806053722563,A
-0.7051710911523688,1.0276776748010317,2.047261585347877,-1.0874042005147024,-1.6334809748136365,0.13110209068591813,-1.6012191265494424,-1.0820476731025936,B
-2.8476079279318234,-1.198104063264218,-2.718207559949141,-0.7494808635522883,3.680629272840966,-1.273159769242533,1.482934728412641,1.715800194186243,A
-4.34148176023373,-0.9093647696406127,-1.3229352337430003,-1.409558016574879,3.166311370602471,0.02887572314901021,1.199607825530867,2.141628551837631,A
0.9853713953885894,0.32679890988978094,-1.460146453088064,-1.911122469969282,0.3401004779990117,1.629009603349268,-1.1486897354034535,-3.103395936707646,A
-1.136521974887557,-0.025008706309041482,1.5551159149073528,-1.428719066542415,-1.0894907688355013,2.1056770663406312,-1.819711335730842,-1.2562684173145173,B
,-0.5706713486133254,4.302030736637409,1.0554717114850818,-2.4020446344990303,0.734218218708196,-2.739081628033765,1.7932212068721318,B
-1.0391319860090562,1.0871951843953045,0.6062446764130084,-0.4582348862150195,-0.07840511985721071,0.18183903720506076,-0.33901589501080265,0.18758279316579035,B
,0.3169426170121629,-2.5043349978096154,-0.19481946087061963,2.6964661685268725,1.9009356129945743,0.6226486969320595,0.7262341894814704,A
,-0.6192364649794415,-1.6814752860006206,-1.964896648330868,2.2191609830936425,0.3131188297472641,0.8587433035574792,-0.12936849915855372,A
-1.1985472105785018,-0.8366279292906311,0.8418335712206338,-0.7975696301913288,-0.29533958913516434,1.5832255296925064,-0.8807489684084918,-0.25456453486209,B
-3.017825675130056,0.26236238032366266,-1.764990878965205,-1.6899005748161238,2.8271123414630304,1.0511940109860407,1.0531353329221131,0.875529475268779,A
-2.5314015205916967,-2.199610718500554,-0.7731128139979594,1.2016658834938423,1.8414537561286721,-1.7124394575643138,-1.4539822765014319,1.9762610164266672,A
-0.14051989242024732,-0.7631488231437142,1.1309933296665546,-3.304043142897388,-1.5466931512952045,0.13575387991766508,-2.58445075184249,-4.033534874106592,B
-3.245384012677044,0.7454041973454018,-1.8782765637514156,0.6603736509814138,3.2138542763615567,-0.8859159959592792,0.19612400307702416,2.6873211476382317,A
-0.4690009508746782,1.4827147941724148,0.052187328926205256,-1.2745372577610055,0.017834966820316094,-0.48107355738448426,-0.1357642605364776,-0.8837112878362907,B
1.7185120222797874,0.6310565180215059,-0.9565121310196065,-1.6104412187469035,-0.510389899865853,-0.65408000981432,-2.178067365806757,-3.7942605202596686,A
-1.186932958186418,-1.0845337932920514,-0.9736589257949977,-1.649819097132347,1.095034567048889,-1.0162491744582494,-0.6651088112518828,-1.1062599641311248,A
-2.3661613373970867,-1.023227766143298,-2.702485893691185,-2.981835350701752,3.2807150097259665,-0.7944260534686807,2.491692257198722,-0.09663050571303851,A
-1.4591848754107208,0.09626077640338242,0.03104263222814241,-0.7022363959429123,0.5625519597649702,-1.4438895774639133,-0.3560435543145244,0.1849467244978574,B
-2.057892991493119,-1.840329036234172,1.6956153358145858,1.0619260776325503,-0.29181481095109035,1.6101715293786063,-0.4281215241577446,2.304693803033415,B
,-1.1981840326023356,-0.4975919116105759,-0.6854763802430544,0.5023294263265565,1.0292217912338935,-1.5989836329804592,-0.9593833994171027,A
,0.8011640198239227,-0.6448250120220704,-1.2893852029685873,0.4880214484782428,2.11087263702428,0.4630563469089668,-0.8957930810557028,B
-1.5030553576375927,-0.7285450223200068,0.4880462163911983,0.10917302057445744,0.3488118036530042,-1.2780584791178016,-0.027574514218707602,1.1521605935525774,B
0.36333142330064194,0.8089855150329761,-0.9936004398924904,-2.5452122479700607,0.22985191504397373,0.305319779547066,-0.7987361296167159,-3.0243536275384035,A
-1.574850870873583,0.4473593021906108,-2.4002393428075592,-2.5122308265851183,2.6283751643665814,-1.2139273806525643,1.8313881039222233,-0.5120430195880039,A
-1.7468462671820282,-0.5937953222563245,0.5853319677853466,1.469196795154259,0.6507880471106663,-0.9657574156062594,0.8177675259028174,2.9661471330678535,B
,1.2645783773384636,-0.8467969399686035,-0.1351121676796856,0.9647832689354706,-0.4631648664714657,-1.6398589942290358,-0.36231632048691453,A
-0.07421773671023257,-0.817401811088721,0.6260361206113183,-1.8349875701278218,-0.7921953585946004,0.4356749109059113,-0.8577874499218251,-1.953316974601853,B
-4.1664033955559905,-0.550691571530313,-2.2399084895993124,-0.6484666046032403,3.973323011894476,0.9442896421822814,1.6886944128115688,2.851956791252176,A
-2.7520247076841793,-0.2791084748996939,-1.7552034341654272,-2.258725769584616,2.6260899860421034,1.0277044066056897,1.0994322325796428,0.21177201550743333,A
-0.3749379441582733,-1.6885623167896844,-1.206237532576613,0.3198589235407798,1.0079960758599493,1.142160028252862,-1.663928706229533,-0.42161441954815826,A
-0.47278132411774443,1.42025693244196,1.6578137108475044,-2.4868334251213513,-1.695051474305007,-0.5347156078106451,-2.4256354909197633,-2.94370991992278,A
-0.2606722950072137,0.0695480877572431,1.8394453322643938,-2.531213471432331,-1.9552531395798407,0.7225885016201056,-2.457594816957429,-3.1238505588268177,B
,0.18780254789108838,1.2524827269337493,-1.5236317950401528,-0.783936246847591,-1.593717015351033,-1.9088421986442459,-1.304508780737819,B
1.008490014579341,-0.5701458792830355,-1.6179905540768986,-1.0687452767436427,0.5317174335216616,0.6184845127865221,-1.3780030390867806,-2.4981356014553167,A
-0.737009241578092,-0.6199341874048961,0.7512253415604355,-0.9821252860351949,-0.46345633460508107,2.407377583931219,-0.826859837717114,-0.7142674070797166,B
0.1132138378662555,-1.1417640925158001,-1.429724543244957,-0.7481413710331505,0.8619336606608279,0.535577446888429,-1.3207449934568714,-1.5573747924464811,A
-1.1280427222937588,0.9830827052059001,0.13006421639275934,-0.7287464307809566,0.3302967464051867,-0.30872115327850763,-0.24183307136791432,0.004833899339081218,B
-0.32701918757703285,2.239743039927865,-1.1140299348988036,-2.546962031535428,0.7207856874991324,0.460070606347438,-0.31752817424197577,-2.3300570364547903,A
-0.6307513056409673,-1.2587316492630107,-1.4794241832711859,0.0011645012411176658,1.3757361406625601,-1.00915828934963,-1.152906713119512,-0.30560757434154945,A
0.3909419380278527,-0.8359540795806962,-1.5509956427130773,-1.274124495104167,0.8042231855042881,-0.10287704409166039,-0.9501333052280649,-2.0420684151393544,A
-0.6332657087938728,-0.8039723988069778,1.768583709649341,-2.253762678690004,-1.6827981885035883,0.7460881195396843,-2.4632995277976226,-2.6341570691411333,B
-0.4798985327573223,0.8994350407557219,0.6782389137639642,-1.8410619457094832,-0.650350487694864,0.7445840271996791,-0.9736405028884819,-1.736807222288293,B
-1.9019683391551467,0.6714806010069174,2.5768425680697615,0.5745513616424744,-1.2636391757598946,0.661422784083347,-1.476950297526522,1.330418296584379,B
-0.7626073159559744,1.7188504904048219,-0.554665960287176,0.7391903725764022,0.6499110510040619,-0.2871066925302493,-2.261152719121114,-0.015727075655107784,A
-2.0555169836817893,-0.8593402836993107,-1.737404528440789,-0.5945009869118689,2.3483778152179586,1.1423851439741257,0.03893409715976959,0.6970881102748147,A
-0.48958193217273827,1.002085216590409,1.47835486454074,-1.4149981665789155,-1.308222478357468,0.5171968345390136,-1.5293354069259542,-1.544285628927786,B
-0.2381360721923238,1.062234330349603,-1.350681047964628,-0.6051254346106953,1.0155794135847809,-0.46743434382496996,-1.072591642204456,-1.0591019500185495,A
1.4825837359679324,-0.9381773754277055,-0.5976740708676227,-3.214782252528929,-0.8198382720484557,0.14186105520749914,-1.6645108598004361,-4.772497492048082,A
-1.0581460388566155,1.6216000997663216,0.36691048689355177,-1.2994539394295328,-0.03657436329031269,-0.621627174035903,-0.8605778148036345,-0.8376684960796765,B
0.8033808146333754,2.6735109703964786,-1.134225431534983,0.15172013120554628,0.27908882460621937,0.9568337311560969,-2.302104449817901,-1.6817039476093094,A
-0.6904239271284833,0.9618543562049385,-0.8585704977981605,-1.7095842959037744,0.7333671531516326,-1.1274230561465082,-0.8225528401585442,-1.562528724357603,A
0.23452201385558236,0.2979210652598027,-1.3105202400004852,1.868955196556911,0.8921035151363023,0.2887323947199601,-2.4310854407002402,0.1540474262128442,A
-1.7270115791454903,0.5603064413231057,2.013824219245907,1.0623347619185175,-0.7351885331709525,-0.6156286744975648,-0.6292966372684234,2.0136709649441853,B
-2.503370164599838,0.3898868194723952,-1.228830895422669,-0.7168300519779586,2.095698686862668,-0.7723697843143003,-0.34182977497061995,0.7533803951259203,A
-0.9842239239332444,1.2919466965668656,1.3724260938639192,-1.0757308222862738,-0.9210923392423641,1.3488294204391502,-1.3704387364380564,-0.8379174203338063,B
-4.236304915647656,-0.2959768434057342,-1.4381164815233218,-0.909387176279867,3.251577592826102,1.0836060798301856,1.053042764091463,2.4316460539698506,A
-1.729766035168379,-0.10665129143639568,-1.2893760882960619,-1.9592125244965013,1.7024625665269397,1.390427474406382,0.39514824669721693,-0.5167491809931719,A
,-0.8658664371290591,-0.5950515382855224,1.5441572120713016,1.6559491364667704,-0.7192433379629661,2.036374198958708,3.37727614358677,B
-0.20489744292308387,-0.23827846069958317,0.8036422384436634,-1.85501228834788,-1.127025199357945,-1.013737991415864,-3.03231548247706,-2.9545489302693535,A
-1.3982374142314526,-0.21795205326864608,0.05443445278171044,0.3102495887554979,0.7416196259085706,-1.110652196249686,0.5579793889494242,1.5089310573983847,B
-0.4727896456499969,-0.21754074858394365,1.8689766271141106,-1.4825373705500673,-1.6655969460892999,-1.4890003551239719,-1.7360186999763771,-1.6785984056847045,B
-0.17990907279029977,-0.9020862658517421,-1.6767147345443212,-1.5940952545372191,1.2230614393361008,1.060642930486165,-0.2934330631061496,-1.6254569124078662,A
-1.3903016923055347,0.9557079561210825,1.2624701770990638,-1.0419346960294893,-0.6366739065554129,1.9190008932186058,-1.4349226785419447,-0.5767952305008538,B
-1.0842229689480207,1.765709266450403,1.9953060509137481,-1.1331869520802673,-1.4462934666274965,-0.6278832144417893,-1.9016240220218816,-1.0225144987406634,B
-1.5401715652500088,-0.05461267405809275,1.9293289382877474,-0.1967607699688182,-1.0070521950789424,-0.23989891708016095,-1.4703559417426892,0.33187426680704385,B
-0.5329766360502659,0.7380803749096508,0.06366225350744303,-1.875847822271238,-0.10526518320074434,0.11088947888776789,-0.7626491985289552,-1.6907032430916515,B
-0.17261883010744306,0.31206959779496757,2.01538713834547,-3.095400420691958,-2.266680811582041,0.14993167006339106,-2.954733827826101,-3.91823242232618,B
1.0048565144955295,1.517520109063872,-0.8798843698145173,-0.4409503099827474,-0.1400871183446429,1.6953295328696896,-2.6717744940492505,-2.50613458383235,A
-1.2480473327137485,0.10716022778224318,-0.6499753365289771,-0.06579547111826034,0.9477492063308306,1.1966908176546378,-1.5714322813725712,-0.0704185165603504,A
0.0995241828695197,0.6771597120657875,0.3629449937336543,-2.940943014705084,-0.8695525280059805,-0.36536299077273116,-1.4858178063842864,-3.401385191567695,B
-1.1761806838433537,-0.11224746695165881,-0.26470108849102547,-0.36035440465606183,0.8029818947187992,0.7029537919068678,0.48577257895216674,0.6898907918386369,B
-0.7928730317312846,0.25386120901458487,1.2194255231383861,-1.1061464199086628,-0.8683081672225739,1.5689344956774955,-1.1477071378656838,-0.8989641012160634,B
-0.6471816277841796,-0.07753381519399347,-1.8697404580752415,-1.2473017205637382,1.6848328854559294,0.6345402880572247,0.007089741777078551,-0.8690161401976607,A
0.2535731385686302,2.289805797460459,-1.0501735783986272,-2.8982637048161246,0.3341732467168224,1.927569385178195,-0.39150833240950267,-3.0671796005078553,B
-1.0659559618441221,-0.3247734732791751,1.0461879423304778,-1.0456327088097583,-0.5724148416863765,2.3003956426851713,-1.0230782355031725,-0.6157953307856346,B
0.5563448142000738,-0.5581093577059559,-0.22840540270560683,-1.6278111810689013,-0.5469426050751928,-1.6921188885572191,-2.279616281110477,-2.9977195571949973,A
1.5355201229371236,1.446933538199557,-0.7185314066096468,-2.4095212176997918,-0.6691094350621491,0.14093888559143689,-1.82326063242808,-4.181302274487572,A
1.1380883701345965,-0.1851652289748735,-1.997910893342027,-2.0751249019807494,0.7853373017807443,-1.5928027993524858,-0.2591168265152348,-2.9636437111588316,A
0.30639647595100894,1.6165704941174162,0.46205033052768396,-4.208085509628509,-1.312655048940486,-1.0987024773847005,-2.4255850546979367,-5.134142024705942,B
0.4817073799680125,0.17259410391486618,-0.0594455756657537,-3.038968177668931,-0.6640408742427445,-0.44272505218466185,-0.9567605247746334,-3.526657121289107,B
0.2948540861250324,1.132034986295036,-0.14289172405655504,0.4651494598089032,-0.3698992217260727,2.199098180556703,-3.4294475521564216,-1.5187736663301246,A
0.11026064973641003,0.9262443215248913,0.6846493235773435,-2.857038583769068,-1.1333487499358506,-0.4735712337713081,-1.5506573343045296,-3.3324280514100217,B
-1.933038265391542,0.6938784449806538,3.4122783444586444,-0.6702890299815898,-2.260758907975713,1.5960797355331489,-3.0667773960566684,-0.47003036423257644,B
-1.2546476370286854,1.2706310606582234,-0.15619488050218533,-0.41629722042001505,0.446237460324053,-0.7073053403283327,-2.103951360137083,-0.5942225594867574,A
-4.3263404971156,0.39061317772936166,-1.334796419986396,-1.6546772253925068,3.140895045251744,0.7929329404859182,1.2156815204181437,1.9192370126313874,A
-1.5204587843068407,-2.590545973120058,1.2604412399739036,0.013321429826760989,-0.3508428363302402,-0.0489651890222238,-0.6284458418362343,0.8581267923270055,B
-1.6235000172185843,-0.5821115937904281,0.35498899531512973,1.0572744380457064,0.7349288453938156,-0.588038578458875,0.878745370900057,2.5210965664318086,B
-1.4820867512880613,-1.0071836938060397,-1.2020846567121102,-0.8824333950489457,1.5233722439374562,0.16772582205122036,-0.6114251125047871,-0.21809515862932158,A
,-0.35349544620168666,2.096881664906493,-1.4365422248862942,-1.4706336590534574,-1.0381691470869339,-2.575831540977834,-1.381765458052708,B
-0.18452908215606456,0.7828371647378921,1.2218447654983344,-2.3950848254384827,-1.4022380720080314,-1.4397742131100844,-1.8318608719208749,-2.804865777787199,B
-0.4689913725566317,1.058504300451178,0.9708886540356569,-2.381172277078451,-1.0673757392609629,-0.48037749098032195,-1.9148040006969662,-2.667875031200618,B
-0.5856873830603082,-1.2062713092828017,0.6158521066234653,-1.5424596994596769,-0.5102475763377647,-1.2802684093629393,-0.9581999671076082,-1.3972888449278131,B
0.04218263239447362,-0.8590879423640695,0.9812407729777303,-2.6972180591420045,-1.350304851801639,1.1953361180028157,-1.7985131990606682,-3.2367311016931297,B
-3.4430830222139903,-0.1142879556018855,-2.1275508312309475,0.14375579649838843,3.530411641086125,-0.15729742520090303,0.883657544399326,2.6782230266982507,A
-0.6782458925876488,-1.6550629923331868,-0.033884027515805215,0.022873298344002313,0.45973606457143074,2.136559128802725,0.8434536023420727,0.8988407788607052,B
-1.3025158789068738,-1.4716914426706882,-2.0577636848252125,0.7101802112795901,2.3236811508166215,-0.26217370286384084,-0.5952482887904111,1.0012641722744013,A
-0.6559379402999035,-0.003507992008540084,1.0545809444212197,-2.479281414925902,-1.06624938914091,-0.9700039675090428,-2.0057948949957085,-2.665833765431434,B
-2.3657219777022123,-0.2724277012442913,-0.41011822735220205,0.2813822064831786,1.3323199315023182,-0.07491084465501871,-1.6497671527837872,0.9820146536482222,A
-3.1313326902688328,1.1502960263013935,-0.5497556386782554,0.07263995868899253,1.854732927898708,0.2798426609976086,-1.134068535806481,1.5576212169629433,A
,-0.5589947278819981,1.3360252147239184,0.10498638706463481,-0.4010875950670177,0.3400593668608015,-0.6755625016500092,0.9319829785420177,B
-2.506106352973708,-0.5235443812868572,-1.0305072254552998,-1.5210788369736323,1.8799941794866122,-0.037356841241938624,0.009485528721586478,0.23381568641263162,A
,-0.7820238651074395,1.320115577890783,-2.7244643872351197,-1.5033105500040047,0.00276183588393645,-2.23438115899949,-3.200641269250555,B
-0.8057558885543623,0.7941400600761793,0.43125937596755537,-0.6362608649537019,-0.0440771698922168,-0.2202546014960882,-0.09889236763225229,-0.027349334550165354,B
-1.4791626790636565,-0.14852755236163276,0.030630780027322446,-0.9229743708126472,0.34973417670432,0.7363894701845974,-2.0492996103114294,-0.8478547725649281,A
,-1.6477981083840352,3.2976917388602276,-0.8313526411614214,-2.1749367981194663,0.1694418308596864,-3.2619439956170813,-0.6756040378699282,B
-2.3927950404786587,-1.689058449328896,1.6085618892163227,1.3180666377735335,-0.03726045928295758,-0.7193199901295528,-0.5204659222004056,2.704696518533071,B
0.6211074203293312,-1.1016619153794023,-1.057152998604689,-1.1288968627864,0.2601176037799468,0.63629316843861,-1.3656304547328246,-2.2245948147872836,A
-1.9010771020197104,-1.41495261071644,-0.14759448016746712,-2.3053212415722637,0.6799463167140604,-2.5931461843417423,-0.7936143214146962,-1.1861807635973904,A
-1.154581800509376,-0.09843898615563221,1.177777318591779,-1.1937563746313988,-0.6946554924225664,-0.43396614207281087,-1.3761302913358964,-0.8513528450820088,B
-1.021153454209368,0.21991715060593411,0.8474089744714096,-0.2192576592496558,-0.2536432811794386,-1.3260950590468563,-0.33434761176979577,0.41655800550991035,B
0.06753229112412562,0.4473993464667924,-1.7398289017430222,-0.2948211257793042,1.218870062802623,-0.7555033345997547,-1.0764973091607215,-1.031608476467498,A
-1.7834856593309802,0.21923166775497352,-0.9671365758274674,-3.6897669241654256,1.3137945744372803,1.2892698627156363,0.8687565782136435,-1.7549173310732091,A
,-0.4300992037619455,0.7769976678035261,-5.04913839284594,-2.0464675586151566,0.08635531550037072,-3.0013158358660887,-6.570322865952013,B
0.9357311792080476,0.3882426477853441,-1.0200310569377937,-0.15997396486200677,0.09506367616792358,-0.6964197929226035,-2.20807332328833,-1.9905559823084402,A
-0.14357067445183513,0.8375078724832392,0.678851521804499,-2.6767079204545974,-0.997242723417633,1.3068740958752738,-1.6751153584483687,-3.062579556693971,B
-2.2445549577085053,1.8823618585134785,1.3739693102897945,1.6393668752609214,0.19709690288275464,0.7863127098804469,0.15008165550998642,3.2029967841945743,B
-0.24775714839598362,-1.8795606280100219,-0.3972021635861589,-1.4434783544124148,0.2925819712087435,-1.1890728658038474,0.1962852155700754,-1.0650402691899041,B
-2.1115037025056314,-0.5943663723462062,-0.7928984151321299,-1.0158762482644397,1.4687907936036178,-0.19232391307236457,-0.7336900586999218,0.07033284687479942,A
-2.323199159516598,0.22630093482186714,1.4624118759037925,1.818566080037276,0.17010184261855407,0.4274559249951163,0.01871169433396802,3.359706622765504,B
-1.294536179867274,-2.0734208889363828,-1.1055654027973567,-0.1385357100459208,1.645832733757928,-0.42905192684785065,1.138989285814242,1.2073821543047796,B
0.9508407639995502,-0.3098820736437513,-2.2106043012764314,-1.5549573927614126,1.1067971044348452,-1.79425723051006,-0.3053296448345293,-2.417781279931359,B
0.5796715422665639,-0.18533712281575823,-2.172616130732433,-3.397616323960735,1.1112925851012907,-1.741069310062649,0.3467351356716044,-3.4816179337742144,B
0.29821946693054047,0.39770177050729577,2.3826279257058847,-4.535134632052545,-3.1362089544985308,0.1577507810297153,-4.402637866832766,-6.210451260728949,B
-2.5216720564634856,0.32439997178791113,-0.6934123999708024,-0.3993299033357769,1.6777681340180657,-0.35791109038116226,-0.6048397576938209,0.9737264186936652,A
-0.6786333399671631,0.3426123982138901,-0.30741685682818587,-1.7306501689394715,0.2075784970815002,0.22006963296671936,-1.4272192778573993,-1.834655059117767,A
-0.402151531657732,0.7957031416997422,-0.480301923099161,-1.4904963192777094,0.22723960238225438,0.6186639374806492,-1.5511549197814116,-1.8875496281913164,A
-0.6460818134257479,0.31170180213121856,1.3054550040113833,-2.166590192626228,-1.2525257552566305,-0.44876822448863096,-2.1391150397857777,-2.433690446830565,B
-0.8471985146677306,0.5363913722844591,-1.4539130468554191,-1.5151258972591157,1.4000958674748605,0.3069377073595517,-0.10317005806655022,-0.984511090602647,A
-2.265973475795433,0.856450680015159,0.24919858221255287,1.3071384384665885,1.1414116903155629,1.763557440006718,0.6748874827792966,3.0657573891224987,B
-0.11693324281884343,1.669228754640302,1.2352277413978991,-2.7745383741582295,-1.5065777040558397,2.4344086332376818,-1.9590471905362188,-3.2519418260024753,B
-3.0780141720867196,-0.009086574726255944,-1.0599126845039188,-1.0397741694990843,2.2334735730824797,0.30312296159184327,-0.059429123701845166,1.0131518544325397,A
-1.4824556088586869,1.214269650459279,-1.3963426882520609,-0.24618432628757903,1.7115716590938852,-0.8679999995385472,-1.0101892181085046,0.1301341963377658,A
-0.6818962080830517,-0.29353884215756676,-0.27710297668167116,1.1588548354073729,0.32519629030590663,0.11313423767997162,-3.2137263994554717,-0.1439979885272039,A
,-0.9244972092556034,2.25562119603064,-0.023603901303830388,-1.1794577371991477,0.33016684119296735,-1.455342454815581,0.625033086381735,B
1.4478683079820014,0.4383825801284031,-0.5326119720013041,-5.590543332116623,-1.198926984821859,-1.0317170119335606,-2.158614841518827,-7.112153205901626,B
-2.0154987467607812,0.933783912872343,2.224573698616734,0.8226204775792636,-0.8392418608961811,-0.3253628783514149,-1.0191653446995774,1.8214079106166108,B
-0.43129051478778757,1.7251173322585722,0.9200697599961325,-3.4891165921275507,-1.1791496290795331,0.6720605190937674,-1.925410873387597,-3.693745721986465,A
0.397213402458072,1.5396068480015146,-1.1926353384412078,-0.27358019703771985,0.5086935482915856,-0.6961523589631211,-2.002320213873335,-1.6425415968329031,A
,1.3314788073977952,-1.2087973483973258,-0.7917240175736774,0.8120923671909643,0.7618037780867832,-1.2601407494321064,-1.3659808173444399,A
-0.4584849873842358,0.597731708113624,1.8202889790405767,-3.4495800679587454,-2.054578294047526,1.2999740467257528,-3.3291651291410194,-4.249402250315064,B
-0.7495171389379038,-0.8474296921179458,2.5706349642437645,-1.982619174813482,-2.2862153908020892,0.538806211751954,-2.8244523640836827,-2.410142871615732,B
-0.8464478806093486,-0.8466117091333288,0.7490903790993018,-1.5809749116973535,-0.5186321211768907,0.7312465066704062,-1.157533727372789,-1.3411852476359496,B
-1.6589578125543176,-0.5179126500537902,-0.957631938407513,-0.12881785104028864,1.4380029368080802,0.24104847710816502,-1.1646160937155088,0.32306236497984403,A
-0.15316877094466608,2.033293769466457,-1.9292078052975257,-0.8574574329907351,1.4615523704984614,0.0853536188878091,-0.6560140041180038,-1.1938709988545144,A
-1.1110352225307956,-2.924925179196677,-0.9345920315687357,0.4240806325339983,1.5395642152655913,1.247811197916247,1.6091909544112015,1.839511326282398,B
-1.5821474330175627,1.3358056664914943,0.31716569177319553,-1.9619881579089182,0.08345872074462919,-0.1408343628058571,-1.6957053389316772,-1.4988777534813287,A
-1.0840825513027974,-0.2548998448684591,2.6345942372892006,-1.7802935952702017,-2.157538649780904,0.4436139226821785,-2.887986583320937,-2.028132032691213,B
-4.760611219170967,0.27187316277001694,-1.2420584868528997,-1.5578249741561594,3.278183209194659,1.1581108480243003,1.1168681196308352,2.2598391507632516,A
-2.7498600823838375,1.2431834372143582,2.733063511541747,1.0846832564235767,-0.9443128719766806,-0.8988131880349017,-1.7348107636711587,2.2470273622549626,B
-0.07436362537351093,-1.7783509672653808,0.8827448018872035,-2.7225186492443854,-1.219261513679325,-0.6549459608026902,-1.8231148465279698,-3.203139096753651,B
1.5454067455526679,-0.7889407687590703,-0.5394164633096858,-1.4231345976613876,-0.7833230018262435,-0.4708289765138265,-2.536582953607709,-3.645767706466152,A
,-0.3769951591670362,-0.3874511836209833,-0.13231187837192038,0.442457310915143,0.5757797826664528,-2.1931496857382617,-0.7075620407200276,A
-2.125119359612318,-1.085456076896216,3.224921853965815,0.9817521567522955,-1.6475643718163457,0.7084210428945821,-1.6150829091283772,1.8439788542865696,B
,0.0438749637607155,0.3894584477198858,-3.607768508024471,-0.8514225965194636,0.3786662342514116,-2.159768151386527,-4.058109723497661,B
2.0358614934109873,1.9438768931086035,-1.5064297083461553,-1.4712733720573432,-0.1216852068676618,-1.6229112474511733,-1.4814917192136559,-3.59316696616737,A
-1.6486385637155476,-1.1147477073248893,-1.4987985204315368,0.33011507493808323,1.9356695729553435,0.0976758555602795,-1.0938098288623346,0.7047016455033974,A
-1.9798144164381388,0.010175070741430444,0.4871947121128115,1.0785627312815427,0.7650194330501747,0.18494228287440923,0.5389482499806817,2.624743224161417,B
-2.0603670676346564,-0.22182678125629193,-0.2265264431609073,-1.5281343980954212,0.8900386251425061,0.6744012414943192,-1.0128000131747787,-0.5023399890145872,A
-2.9102026032858923,-1.3824599249460918,2.828648851052829,2.064385066407894,-0.7423057992856655,1.540785811994749,-1.016793302596029,3.600780242953033,B
-2.430594094698349,-0.8133546477889175,-2.8470359892702772,-1.1385829511335939,3.571036647978263,-0.20528027419497888,1.798532907336429,1.2307352928721702,A
-1.117200221042702,0.8497167564046113,-0.05137061656786346,-1.2763472371968179,0.23038198967520854,-0.57528970990277,-1.7593273922676675,-1.2716792874506542,A
-1.1553608794187675,0.031022936999807037,0.7270185785653092,-0.2737485295195937,-0.09005606438229088,0.6235221029507587,-0.27573899060446305,0.4754544432415409,B
-1.4556140232471315,1.1344805200843187,-2.1622287607740454,-1.8600170414471773,2.3412848770429564,-0.8124049989897638,0.847501032158692,-0.47851238105581545,A
-2.221131950693904,-0.22425515875756974,0.47354338471494706,-2.289056740068691,0.27375297428535844,-0.5941767487299575,-1.3152259953278067,-1.1513821226195131,A
0.6757618551764921,0.027322760864173432,-1.076513212094614,-1.6805569981697563,0.1785426125009119,-1.283177427929808,-1.4015264346851846,-2.7744011916048477,A
-1.2938550503391084,1.2736403321516463,-1.792466568453191,-0.40975378191362266,2.007473214275743,-0.4982678831003497,-0.2661019683775986,0.18790962198697606,A
-0.4455674242276665,0.8434143093959997,-1.6575975966878258,-1.317797451840705,1.3942887635627164,0.49521295312411195,-0.09010941599178623,-1.0948933998988342,A
-1.6151373606723838,-0.5983678102302188,-0.6382538460806013,-1.808819664630843,1.0299320826643832,1.641046629728958,-0.5195008748820901,-0.850256488949528,A
-0.8515095288846306,-0.5031452519015814,-1.3320259767162481,-1.1096602808831917,1.2872094243491612,1.4439966655745458,-0.6625195213817279,-0.8870902692594292,A
0.6007974530114937,0.014323258210599855,-0.9935355653044102,1.334606874564518,0.29295363200450253,0.15618782294087746,-3.279854299379346,-0.9634845337503487,A
-2.884160157702145,0.8523513568944722,-0.6096847824996536,-1.1525822906129002,1.7243094184638288,-0.6845182122169692,-0.3641906612377247,0.6756511307320049,A
0.042505925735384587,0.18716402048616199,0.13685411969840355,-2.55678194506344,-0.5586857462386544,0.22992646789343035,-1.026806452251221,-2.813205982965724,B
-0.6096700174472425,0.3411273134397087,-0.29407884853607125,-0.9113117755239137,0.4602187236688997,-1.2875190260592986,0.28517137131576575,-0.28933687505661887,B
-0.8556915848545295,-1.181942850927521,-1.2888094205949683,-0.8651029209165056,1.2672003340324534,0.835494277920761,-0.8040448506641521,-0.7322330585198863,A
-0.6136745918464743,-1.4773280409061398,-0.7355515654741798,-2.7764957208793133,0.48908653103980354,0.257760882860111,-0.6369472376286207,-2.461521965713572,A
0.6223127452085329,0.7982540714254448,-1.8552233965522102,-1.7233323884804306,0.9577598654721199,-0.19586082008783778,-0.3136437452863893,-2.31269636994244,A
-1.9036306917372374,-0.6556363796468532,-1.3417419387841971,-0.3991625085690238,1.9129883150335893,0.14875089623521523,-0.5083949995333774,0.5358808791730486,A
0.16175002354669155,0.5032846688166488,0.21487385061313702,-3.065670489561059,-0.7875879841868294,0.8130736316294986,-1.423574815305137,-3.539252416400137,B
-1.272038310364461,0.4261195264046615,1.4671811318376524,-1.0135371696483857,-0.879541615904988,-0.18319134571712223,-1.6271442378655547,-0.7063553844946827,B
-3.1724907541772915,0.7273198470207146,-1.5704979920129527,-1.4613299025060977,2.763018553913198,-0.6742204063118639,0.9723349215462911,1.1642863019484877,A
-0.709874225125037,3.495877789600099,0.7052309558024439,-2.2425384832634414,-0.6815465617837339,-1.4634059584266885,-1.6068195852686342,-2.2544765636460107,B
-0.7063255089265366,-0.8655131847760066,-1.0083458177047488,-0.8728989330157917,0.8947961513213764,0.2083552959592792,-1.4143560216620212,-1.116871813065249,A
-1.2953906401476942,-0.8313994672674534,0.6890872054017656,-0.16554305823348914,0.030702556042658966,0.6975866003471783,-0.20270306726807263,0.6995190726862682,B
-1.6924542354322352,-0.5084553400297436,-1.470391047997886,-0.5102868061929178,1.931769697726987,-0.11517292776994209,-0.24105697239386237,0.41424776696186566,A
-2.1644157714382697,-0.6989504394636011,0.1824141055638151,1.4568956834282658,1.1906943983033123,1.2522129097598176,0.9052365159267455,3.23929810830078,B
-2.137164673583503,2.199526631161334,-0.36276208687857603,0.38651379809338327,1.2023462727902816,0.5320301932924523,-1.5844127738378135,0.9589938709095227,A
,-0.16850663093486837,1.5066799826965278,-1.5666653400249375,-1.2125695811298458,0.1994879422774132,-1.706085720154069,-1.547599476346251,B
-1.8705695814809107,0.9674877492386388,0.8572839100133365,0.7603707978930045,0.31247141621174557,-0.5609352142237467,0.017854234183559248,2.044139611866074,B
-0.6724900649869314,0.03886556204856375,-1.3187290546530976,-1.385638785387405,1.1618009801176241,0.15431583163358636,-0.6095231575469147,-1.2267964552833361,A
-1.4847551407408384,2.0458172880882857,2.749515542578886,-0.6706297357012347,-1.8588977708668586,0.771038919953255,-2.3496726447187406,-0.4837244644778881,B
,0.5198648520122691,3.0181571230561937,0.8680837266478867,-1.4964965400451868,1.9436030481831703,-1.6785890527601777,1.6948081353495372,B
-2.7133649325687745,1.137706202714778,2.6072767233690852,1.8467862406570936,-0.6851480689925602,0.3495949993602971,-1.0174983774178947,3.249588850488668,B
0.539787570760861,1.2386320480411208,-0.7982285884862798,0.3949040488678768,0.12850909224258,0.11471061816396835,-2.6127567354028938,-1.4065747206984585,A
0.5563815838515593,-0.3665010555121015,0.04694328708473128,-2.497684211434801,-0.6728656880612593,-1.2801253069331895,-0.535103977148542,-2.871060532923792,B
-1.9709530799377772,-0.8114896777335243,-1.6555512445226788,0.37092393234972687,2.2921110787827987,0.3887201230511087,-0.5188094679226481,1.2311607180352582,A
-0.2329810315846801,-0.6702500217262376,0.5680140658326733,-0.03111841469346799,-0.7722758769105597,0.26740698235546406,-3.6340197720384593,-1.632780027333931,A
,0.3800787084417732,-1.759715117607622,0.42722606810360664,2.579895430742998,-1.1186193344335598,-0.31309644821879146,1.6125417107915594,A
0.28050249742908173,1.075393445646077,0.7853811156013606,-3.296438997981663,-1.3958952890973457,0.3631193416713573,-1.9356488095717863,-4.022624657205321,B
-0.3827208221819378,-0.08456299914380815,-0.9330170451146726,-0.4411613947539318,1.0498083254909665,-0.6722782721875988,1.3661998744831476,0.45203248901774046,B
0.7175963781166526,-0.5133112283233697,-0.5299227947856243,-1.482903382158112,-0.3211989311921253,0.02772168847657001,-1.9138434104130408,-2.8256530140144673,A
-0.0734541415064488,0.281735063829374,1.5535390053787674,-4.283806270345661,-2.1676169165825714,1.5683392760301245,-3.681541759656352,-5.459888488055192,B
-0.45129646515451194,1.1145162842184595,1.1884235740605877,-2.470115570525155,-1.2908727075653557,1.113948633215661,-2.1525212457004015,-2.8556595099682056,B
-1.1544039178122145,-0.5034210533268308,0.7765432402911399,-0.6671746373470766,-0.21830147151748616,-0.14160981015580998,-0.62261209833553,-0.04537246288330996,B
-1.3011382137479592,-0.8600133615785398,0.5206800395222073,-0.5216386648461531,0.11578772868899218,-1.030014575863108,-0.3023882831787692,0.31764178813925964,B
-1.8826430128692428,2.467203710812492,1.489187686056388,0.6500067662926241,-0.2718598409575154,-0.9923582864905137,-0.5343768416475443,1.7431707534309118,B
-0.6801105213326037,1.705642942525445,0.2124544484655827,-1.6295881062618511,-0.11326774753338674,0.11924332929589004,-0.6662367341727995,-1.307176856504435,B
-2.31397128560603,0.953671678165781,1.769971330470025,1.1244349326225098,-0.24565576413350038,-0.044764807386507684,-0.6543692354940933,2.428190550106662,B
,0.264644005121289,1.1935812291979333,-1.1851818928137632,-0.7692807996385452,0.9481214391006447,-1.3837048217822217,-0.931567873176395,B
-1.0680699478120714,-0.9962320562225203,1.4485759626318044,-0.9815854661391571,-0.9212735145596134,-0.06154327388004871,-1.2902759063050637,-0.6488797915275305,B
,0.4244730942479096,-0.5556779522130433,1.9016192016762075,1.8334107228973149,-0.16809346596524435,2.158172734722718,3.97253347488502,B
0.21301734211137813,0.6878633271870178,-0.49261631913011616,-1.3479677534956527,-0.07138350563031093,0.4196655225980695,-1.766297664591937,-2.2857328288941727,A
0.702821220959748,0.18971172872552536,0.034345770086886884,-2.935450710727168,-0.8188624491723578,0.9016109145684073,-0.8103646353241821,-3.500566364876796,B
-0.9467405588622958,0.9034490360911002,0.19166312330651658,-0.39401230809485477,0.2882812029255886,0.060608835674933005,0.24413102101902528,0.4313063434458235,B
-1.026668184796072,-0.9033434862969979,-1.1591126300471148,0.11923334639028083,1.624599045817156,-0.08922545291666428,1.443116140622137,1.403241832718236,B
-3.0163448267280515,-0.3590225638557857,-1.4735589961273214,-1.1820037861510035,2.6207031673700762,0.23212851185866967,0.792155344406215,1.2279567765601365,A
,1.2706995850921912,0.1607930035300873,-0.30297252934515284,0.18701058810831517,0.630815849144619,0.5527333125503977,0.4246199848950847,B
-0.027126125747447105,0.6170301703206962,1.5360820675902231,-2.70861151982885,-1.81557419903235,0.3673886906306303,-2.207513894048452,-3.3468268255304685,B
-0.9949769608475051,0.29837745260117915,1.2824644491894541,-0.862045636032508,-0.7964910130916195,-0.6349069197424152,-1.1927822343332901,-0.5601213300823208,B
-2.0424627802594277,0.060321914532972226,0.9560205485479483,0.3684661882135907,0.22986123607237388,-1.323271023105105,-0.32150571473510936,1.6505861019580483,B
0.12869716503465556,0.18481327076418536,1.2524294098225757,-2.821211107411388,-1.6465388880003833,0.4604197294400478,-1.9613270464917916,-3.459202992464449,B
0.4943865505913865,0.18058320660836302,-1.2665462458313472,-2.4153600975860505,0.4149410742717198,0.14523871678166522,-0.6952689966517289,-2.973834962697101,A
